{"type":"FeatureCollection","crs":{"type":"name","properties":{"name":"urn:ogc:def:crs:OGC:1.3:CRS84"}},"bbox":[-164.90347246002,-52.1577287739643,177.520356700634,75.7934837911399],"features":[{"type":"Feature","properties":{"dissolve":"0River","scalerank":1.0,"featurecla":"River","name":"Irrawaddy Delta","name_alt":null,"rivernum":0,"note":null,"min_zoom":2.0,"name_en":"Irrawaddy Delta","min_label":3.0},"bbox":[94.677013,16.024848,96.171153,17.929145],"geometry":{"type":"MultiLineString","coordinates":[[[95.451101,17.820502],[95.427664,17.844672],[95.387787,17.824408],[95.324474,17.761827],[95.305268,17.749945],[95.272472,17.755316],[95.255463,17.748155],[95.197276,17.67654],[95.209483,17.663764],[95.214447,17.645046],[95.210948,17.631659],[95.197276,17.634874],[95.171641,17.619208],[95.160737,17.609442],[95.156261,17.597032],[95.159434,17.583604],[95.165945,17.568142],[95.169932,17.553412],[95.166515,17.542426],[95.12379,17.509955],[95.10906,17.488389],[95.115245,17.46365],[95.098237,17.467963],[95.08546,17.459825],[95.075613,17.445095],[95.067475,17.429511],[95.092052,17.429755],[95.089447,17.407335],[95.075125,17.380439],[95.064057,17.367458],[95.023204,17.340847],[95.000011,17.333604],[94.999115,17.353787],[94.981049,17.358507],[94.960948,17.353868],[94.944591,17.343126],[94.937755,17.329535],[94.937755,17.29914],[94.93629,17.293484],[94.930756,17.285346],[94.930186,17.278632],[94.95517,17.239122],[94.957042,17.228624],[94.937022,17.219184],[94.930593,17.208075],[94.925873,17.195339],[94.920339,17.185858],[94.91505,17.179633],[94.908214,17.167507],[94.903575,17.161933],[94.897472,17.157904],[94.875662,17.148301],[94.875662,17.135443],[94.868907,17.114691],[94.859386,17.095323],[94.851736,17.086859],[94.842459,17.085028],[94.832286,17.08039],[94.823822,17.074815],[94.820323,17.06977],[94.823334,17.059027],[94.830089,17.04739],[94.837169,17.03913],[94.841563,17.038438],[94.826427,17.026068],[94.805919,17.028144],[94.787852,17.027859],[94.78004,17.008002],[94.776459,17.002997],[94.74879,16.98074],[94.741222,16.970649],[94.741303,16.962429],[94.744151,16.953681],[94.745372,16.942247],[94.736501,16.841864],[94.724864,16.785224],[94.726736,16.76435],[94.74171,16.740302],[94.745372,16.720323],[94.742198,16.714464],[94.735037,16.70954],[94.728038,16.703152],[94.724864,16.692694],[94.726492,16.680732],[94.732432,16.658637],[94.732351,16.648017],[94.725108,16.634792],[94.702403,16.607611],[94.69752,16.590277],[94.6963,16.571397],[94.6928,16.557196],[94.68629,16.544949],[94.677013,16.532009]],[[95.450287,17.791327],[95.466401,17.801296],[95.486339,17.826972],[95.492605,17.843817],[95.486827,17.877712],[95.486095,17.893826],[95.492605,17.909247],[95.510753,17.91059],[95.537201,17.925401],[95.557546,17.929145],[95.573985,17.921169],[95.581065,17.905544],[95.587413,17.895087],[95.602468,17.902452],[95.60963,17.885321],[95.608897,17.865994],[95.602468,17.823594],[95.60434,17.814724],[95.61435,17.789822],[95.625255,17.773546],[95.630626,17.755561],[95.635916,17.744737],[95.64446,17.734483],[95.651378,17.730536],[95.659109,17.728339],[95.682628,17.718573],[95.68629,17.718614],[95.685557,17.717068],[95.6845,17.706895],[95.681163,17.697537],[95.666596,17.695421],[95.663259,17.686469],[95.66627,17.681586],[95.6845,17.662218],[95.712576,17.615505],[95.72169,17.607611],[95.727143,17.598578],[95.721121,17.552069],[95.724864,17.531928],[95.737722,17.523383],[95.7588,17.513536],[95.778331,17.500067],[95.786876,17.480414],[95.783295,17.469062],[95.777843,17.459296],[95.777761,17.452501],[95.790538,17.449978],[95.798269,17.446357],[95.802257,17.437567],[95.807384,17.415839],[95.810964,17.410509],[95.821544,17.400336],[95.808686,17.393337],[95.811615,17.38581],[95.831554,17.36404],[95.839854,17.351589],[95.842296,17.341091],[95.842214,17.325792],[95.847748,17.300849],[95.855235,17.279853],[95.866466,17.261298],[95.883067,17.243923],[95.892589,17.238349],[95.901296,17.234646],[95.907725,17.227973],[95.910492,17.213813],[95.914236,17.20071],[95.924083,17.19123],[95.945242,17.176215],[95.95753,17.157538],[95.956391,17.143622],[95.947765,17.12877],[95.938243,17.107286],[95.94337,17.09866],[95.943451,17.073839],[95.945242,17.059597],[95.949474,17.04682],[95.955089,17.038153],[95.962413,17.03144],[95.972341,17.024766],[96.024913,17.000067],[96.050304,16.980658],[96.06129,16.95307],[96.084076,16.915839],[96.087006,16.900417],[96.100352,16.861884],[96.113699,16.837836],[96.118744,16.821153],[96.121674,16.803575],[96.122569,16.788275],[96.128998,16.776679],[96.144054,16.771552],[96.157807,16.769639],[96.171153,16.771552]],[[95.465261,17.706895],[95.449474,17.710273],[95.431895,17.706],[95.418712,17.707302],[95.418224,17.707872],[95.385916,17.721625],[95.375255,17.696967],[95.37379,17.659491],[95.369151,17.634874],[95.35255,17.628689],[95.328624,17.643988],[95.313975,17.634874],[95.308035,17.618435],[95.315847,17.606553],[95.327891,17.595242],[95.334972,17.580268],[95.325125,17.553005],[95.27532,17.515937],[95.266124,17.498358],[95.276947,17.484442],[95.341807,17.457384],[95.327566,17.439399],[95.325206,17.430243],[95.319835,17.430243],[95.31308,17.432318],[95.30714,17.429511],[95.302419,17.415798],[95.305268,17.405056],[95.310964,17.395331],[95.318614,17.372626],[95.327403,17.362657],[95.332937,17.352607],[95.327566,17.340115],[95.317149,17.334581],[95.302257,17.332709],[95.26946,17.333279],[95.260834,17.33865],[95.261648,17.350369],[95.267996,17.362087],[95.281342,17.370632],[95.279714,17.377753],[95.275401,17.385037],[95.27296,17.388495],[95.265391,17.393907],[95.263601,17.392768],[95.263113,17.387641],[95.259288,17.381049],[95.249522,17.370225],[95.243175,17.358751],[95.239757,17.345526],[95.23878,17.329535],[95.24407,17.320624],[95.27003,17.308783],[95.279796,17.29914],[95.263682,17.30211],[95.245535,17.309394],[95.228119,17.314032],[95.214692,17.309394],[95.213471,17.296088],[95.225841,17.281317],[95.241791,17.266059],[95.25172,17.251329],[95.251231,17.23668],[95.247081,17.220893],[95.246186,17.208116],[95.255463,17.202948],[95.265554,17.195583],[95.260183,17.179307],[95.245616,17.163113],[95.21575,17.151435],[95.204519,17.140815],[95.195893,17.127224],[95.19101,17.114203],[95.190847,17.093695],[95.198253,17.077663],[95.207123,17.063585],[95.211436,17.049018],[95.205658,17.016669],[95.191417,16.981269],[95.17335,16.949734],[95.156261,16.929226],[95.167084,16.919298],[95.175792,16.906033],[95.18157,16.891466],[95.183604,16.877997],[95.188975,16.87462],[95.200694,16.871283],[95.212332,16.864447],[95.2199,16.844021],[95.229747,16.833441],[95.231944,16.826199],[95.229991,16.824978],[95.22047,16.81684],[95.217703,16.813096],[95.197276,16.75788],[95.192312,16.7331],[95.19101,16.706366],[95.187755,16.702257],[95.179861,16.703884],[95.166515,16.709499],[95.157481,16.706651],[95.157237,16.700019],[95.163097,16.685858],[95.158946,16.6612],[95.148692,16.646186],[95.135346,16.634833],[95.122081,16.620714],[95.132335,16.595649],[95.129893,16.578477],[95.115733,16.56863],[95.091319,16.565497],[95.050792,16.565497],[95.037608,16.561347],[95.035248,16.55211],[95.038097,16.542792],[95.04005,16.538153],[95.026947,16.524278],[95.008718,16.51081],[94.992605,16.494818],[94.985606,16.47366],[94.981863,16.452826],[94.964122,16.409369],[94.951671,16.346055],[94.945242,16.329698],[94.934093,16.315619],[94.875662,16.271308],[94.866222,16.257839],[94.857432,16.241807],[94.84669,16.228461],[94.819753,16.217393],[94.807628,16.203884],[94.797862,16.186347],[94.793712,16.168891],[94.793712,16.162055]],[[95.606619,16.857856],[95.618907,16.839911],[95.634532,16.831326],[95.652192,16.824652],[95.66684,16.81623],[95.669363,16.801215],[95.656342,16.757148],[95.663259,16.737372],[95.683035,16.725287],[95.704194,16.721706],[95.742442,16.723741],[95.758311,16.717719],[95.768077,16.702501],[95.78004,16.662299],[95.782156,16.651475],[95.782725,16.643663],[95.785574,16.63821],[95.794363,16.634385],[95.808604,16.635199],[95.818614,16.642442],[95.827566,16.650906],[95.83839,16.654853],[95.852061,16.662421],[95.859386,16.66238],[95.866303,16.640448],[95.884044,16.625352],[95.889903,16.613878],[95.888601,16.610216],[95.883067,16.579779],[95.883067,16.53502],[95.87558,16.524848],[95.842459,16.506537],[95.834727,16.497178],[95.839285,16.480333],[95.851085,16.470567],[95.863292,16.464708],[95.868744,16.459662],[95.868663,16.447943],[95.870535,16.433173],[95.877533,16.4206],[95.893321,16.41531],[95.906342,16.413398],[95.951427,16.401638],[95.983328,16.402208],[95.997081,16.397162],[96.006602,16.387315]],[[95.479015,16.805691],[95.479503,16.782091],[95.482921,16.765326],[95.480724,16.749864],[95.465343,16.730577],[95.455089,16.725898],[95.446056,16.725775],[95.439871,16.722032],[95.437429,16.706366],[95.438569,16.698269],[95.440847,16.694892],[95.441173,16.691352],[95.437429,16.682807],[95.432872,16.681342],[95.425955,16.682888],[95.419688,16.683417],[95.417003,16.679063],[95.41269,16.589138],[95.404389,16.544501],[95.389659,16.504014],[95.384532,16.508979],[95.369151,16.518337],[95.372813,16.501776],[95.375987,16.49376],[95.379324,16.490343],[95.383393,16.485216],[95.381765,16.47366],[95.375987,16.452826],[95.348643,16.401638],[95.343272,16.399197],[95.325206,16.3935],[95.3213,16.391059],[95.310557,16.35696],[95.299083,16.341254],[95.289154,16.322333],[95.282237,16.303575],[95.272878,16.230333],[95.274506,16.184394],[95.271576,16.169013],[95.261729,16.155951],[95.234386,16.121649],[95.204682,16.088935],[95.185557,16.04796],[95.184825,16.044745],[95.169932,16.03852],[95.159109,16.036322],[95.149913,16.037706],[95.142345,16.037543],[95.132498,16.024848]]]}},{"type":"Feature","properties":{"dissolve":"1083River","scalerank":9.0,"featurecla":"River","name":"Kaladan","name_alt":null,"rivernum":1083,"note":null,"min_zoom":7.1,"name_en":"Kaladan","min_label":8.1},"bbox":[92.736501,20.554633,93.432058,23.719306],"geometry":{"type":"MultiLineString","coordinates":[[[93.073253,20.554633],[93.06837,20.579454],[93.050955,20.593085],[93.031261,20.60456],[93.014171,20.626085],[93.008067,20.650092],[93.004649,20.697699],[92.994884,20.718085],[92.986339,20.723009],[92.976329,20.724555],[92.966807,20.727484],[92.959972,20.736843],[92.960704,20.746853],[92.977468,20.780585],[92.979421,20.80268],[92.971283,20.844346],[92.972179,20.862982],[92.979015,20.872911],[92.999034,20.885037],[93.006277,20.89407],[93.007742,20.899278],[93.008067,20.904812],[93.006765,20.916287],[93.000499,20.94123],[92.997081,20.950303],[92.986827,20.967353],[92.984386,20.976508],[92.98642,20.986396],[92.996349,21.001736],[92.997813,21.011176],[92.993663,21.018134],[92.986095,21.023464],[92.97877,21.029975],[92.97519,21.041042],[92.972341,21.065782],[92.966563,21.089871],[92.958018,21.111151],[92.925548,21.169623],[92.922374,21.178046],[92.918386,21.195583],[92.915294,21.203966],[92.905854,21.217068],[92.882823,21.237982],[92.874278,21.248603],[92.868907,21.26203],[92.862315,21.290554],[92.856863,21.304267],[92.822765,21.349555],[92.790294,21.428982],[92.784597,21.458848],[92.779877,21.473497],[92.771495,21.485216],[92.753429,21.505561],[92.740245,21.531033],[92.736501,21.558295],[92.748057,21.583686],[92.7553,21.588243],[92.763682,21.590196],[92.771902,21.593126],[92.77825,21.600287],[92.779226,21.610785],[92.769542,21.673855],[92.769216,21.694444],[92.773041,21.714382],[92.782319,21.731391],[92.80128,21.742865],[92.844737,21.745876],[92.864024,21.754218],[92.874604,21.769721],[92.879487,21.78974],[92.880056,21.810899],[92.873057,21.863796],[92.869558,21.873074],[92.863292,21.879747],[92.849213,21.890692],[92.843435,21.899441],[92.838959,21.921942],[92.848074,21.992133],[92.835704,22.101386],[92.836192,22.122585],[92.844005,22.164415],[92.844737,22.185858],[92.83546,22.29975],[92.836518,22.307685],[92.839366,22.315253],[92.844005,22.323025],[92.848074,22.325507],[92.861257,22.326483],[92.881847,22.338324],[92.898855,22.377509],[92.913829,22.391221],[92.921804,22.392157],[92.944835,22.392198],[92.950125,22.393093],[92.951915,22.407538],[92.938894,22.44245],[92.935964,22.458035],[92.946869,22.535427],[92.941335,22.711941],[92.937999,22.722846],[92.931895,22.732204],[92.922781,22.740546],[92.910167,22.796169],[92.909679,22.814765],[92.913259,22.828721],[92.920014,22.840847],[92.936615,22.863959],[92.944021,22.879096],[92.955658,22.911485],[92.964285,22.925849],[92.976085,22.935858],[92.99171,22.942654],[93.008067,22.943956],[93.021902,22.93769],[93.026296,22.932196],[93.036876,22.913398],[93.060557,22.889757],[93.080577,22.862616],[93.112071,22.800116],[93.115733,22.798651],[93.125011,22.821804],[93.160737,22.861192],[93.175141,22.881903],[93.177013,22.900417],[93.170665,22.920681],[93.15089,22.956407],[93.142833,22.977729],[93.137787,23.005439],[93.139659,23.032091],[93.152192,23.050116],[93.176768,23.058661],[93.196218,23.054063],[93.211843,23.040107],[93.225108,23.020616],[93.246104,23.004706],[93.272472,23.006171],[93.29835,23.018134],[93.317882,23.033962],[93.332937,23.052517],[93.374522,23.12995],[93.374929,23.142361],[93.372651,23.154405],[93.372488,23.17003],[93.380463,23.237494],[93.376069,23.279649],[93.377533,23.296983],[93.383881,23.3133],[93.403331,23.338935],[93.40683,23.34748],[93.407237,23.356553],[93.405365,23.367865],[93.399425,23.426337],[93.399832,23.45421],[93.432058,23.647528],[93.429861,23.680487],[93.42571,23.691026],[93.412039,23.70893],[93.405854,23.719306]]]}},{"type":"Feature","properties":{"dissolve":"1084River","scalerank":9.0,"featurecla":"River","name":"Mytitha","name_alt":null,"rivernum":1084,"note":null,"min_zoom":7.1,"name_en":"Mytitha","min_label":8.1},"bbox":[93.638194,21.92182,94.307709,23.248562],"geometry":{"type":"MultiLineString","coordinates":[[[93.638194,21.939887],[93.770437,21.954617],[93.83489,21.971381],[93.856619,21.97366],[93.879812,21.971137],[93.890391,21.967393],[93.897472,21.962348],[93.911713,21.948025],[93.929128,21.935411],[93.948171,21.926296],[93.967377,21.92182],[93.986095,21.923285],[93.992605,21.925605],[93.998627,21.929023],[94.021251,21.949734],[94.043956,21.961534],[94.051524,21.969794],[94.049571,21.970323],[94.043386,21.978135],[94.042003,21.980577],[94.04005,21.98725],[94.040701,21.990424],[94.043549,21.992743],[94.047537,21.997097],[94.058604,22.013536],[94.064057,22.024848],[94.067393,22.029975],[94.072276,22.034003],[94.077647,22.035468],[94.089366,22.035346],[94.094737,22.036444],[94.102468,22.042589],[94.107432,22.051785],[94.116466,22.083279],[94.116954,22.093695],[94.115001,22.103949],[94.110606,22.114203],[94.103282,22.141547],[94.112234,22.159857],[94.126964,22.17711],[94.136974,22.201361],[94.135753,22.210273],[94.125906,22.225694],[94.123627,22.235378],[94.125662,22.244005],[94.134939,22.265733],[94.137706,22.276313],[94.137299,22.283881],[94.133556,22.298122],[94.132742,22.304958],[94.134532,22.313788],[94.142019,22.32807],[94.143891,22.337429],[94.132335,22.385281],[94.124929,22.390977],[94.106537,22.394884],[94.100841,22.399034],[94.097179,22.415839],[94.099864,22.433702],[94.10906,22.444403],[94.125255,22.439643],[94.128835,22.458767],[94.141775,22.499783],[94.141612,22.517646],[94.137299,22.525824],[94.125255,22.54088],[94.120535,22.551093],[94.117686,22.564154],[94.117442,22.577582],[94.129324,22.651313],[94.106212,22.813585],[94.105235,22.850287],[94.101736,22.869412],[94.090587,22.892157],[94.061046,22.925645],[94.052745,22.946845],[94.052745,22.956488],[94.054454,22.966824],[94.062266,22.988349],[94.084239,23.027859],[94.088471,23.039984],[94.084972,23.045274],[94.079275,23.047634],[94.076915,23.050889],[94.08017,23.058173],[94.096609,23.085395],[94.108165,23.122138],[94.109467,23.133368],[94.104747,23.149766],[94.096446,23.163357],[94.092214,23.176459],[94.09962,23.191514],[94.111257,23.202338],[94.113699,23.207384],[94.115896,23.233954],[94.119884,23.239691],[94.128022,23.244696],[94.139415,23.247748],[94.152354,23.248562],[94.165457,23.247504],[94.177175,23.245063],[94.187592,23.239366],[94.202891,23.221381],[94.211681,23.213813],[94.223074,23.210028],[94.307709,23.208686]]]}},{"type":"Feature","properties":{"dissolve":"1104River","scalerank":9.0,"featurecla":"River","name":null,"name_alt":null,"rivernum":1104,"note":null,"min_zoom":7.1,"name_en":null,"min_label":8.1},"bbox":[91.975678,26.744167,94.339854,28.545722],"geometry":{"type":"MultiLineString","coordinates":[[[93.80421,26.744167],[93.807709,26.74433],[93.806407,26.757351],[93.79892,26.780382],[93.797862,26.792548],[93.808116,26.829617],[93.830333,26.863227],[93.860932,26.889675],[93.907725,26.909247],[93.915619,26.915717],[93.931082,26.931505],[93.940033,26.935858],[93.958018,26.936957],[93.966807,26.940456],[93.990733,26.956326],[94.013764,26.967963],[94.060069,26.981147],[94.079194,26.980821],[94.093354,26.978298],[94.108165,26.978583],[94.129405,26.986762],[94.15919,27.003852],[94.171316,27.015652],[94.178803,27.031317],[94.175955,27.049628],[94.151541,27.073676],[94.151947,27.085395],[94.169851,27.097764],[94.192393,27.10578],[94.212413,27.116319],[94.223155,27.13642],[94.227957,27.147569],[94.23585,27.153632],[94.245046,27.158311],[94.253429,27.165717],[94.260265,27.177598],[94.264252,27.189521],[94.265717,27.201931],[94.266124,27.226752],[94.269054,27.235053],[94.27532,27.239773],[94.301199,27.241563],[94.310964,27.24726],[94.314952,27.257432],[94.312511,27.271918],[94.307709,27.283962],[94.306407,27.289862],[94.30657,27.297227],[94.310313,27.316189],[94.309093,27.322618],[94.305105,27.329779],[94.299327,27.335517],[94.285818,27.34516],[94.280203,27.350409],[94.271251,27.362006],[94.244721,27.387519],[94.239675,27.39586],[94.237885,27.406562],[94.24464,27.408962],[94.277192,27.401435],[94.282481,27.402208],[94.28769,27.405585],[94.292898,27.413886],[94.295421,27.424994],[94.296153,27.436591],[94.295665,27.446357],[94.29241,27.462348],[94.249766,27.56505],[94.240815,27.574652],[94.228526,27.583075],[94.217296,27.596869],[94.212332,27.612616],[94.219005,27.626654],[94.277599,27.6789],[94.331147,27.715115],[94.339854,27.728705],[94.336355,27.733832],[94.317882,27.742011],[94.312104,27.750027],[94.310313,27.764431],[94.311615,27.779079],[94.316417,27.792751],[94.334565,27.815253],[94.338634,27.824001],[94.336192,27.863349],[94.324636,27.903754],[94.279796,27.992865],[94.262218,28.00788],[94.2553,28.009548],[94.244233,28.007392],[94.237641,28.007839],[94.220714,28.016628],[94.185151,28.0633],[94.155365,28.089138],[94.143565,28.103705],[94.136729,28.123155],[94.136241,28.142442],[94.141368,28.181912],[94.141694,28.201361],[94.134858,28.224962],[94.120697,28.24372],[94.067556,28.291327],[94.057384,28.306505],[94.038829,28.356024],[94.032481,28.367987],[94.023204,28.377224],[94.009044,28.382758],[93.989268,28.384385],[93.929617,28.380072],[93.90919,28.385606],[93.896495,28.396552],[93.885509,28.408759],[93.870128,28.41824],[93.846121,28.423122],[93.734467,28.419989],[93.598562,28.382188],[93.574311,28.380439],[93.462901,28.383816],[93.435639,28.392646],[93.377208,28.429145],[93.347097,28.44241],[93.211925,28.450141],[93.178396,28.447781],[93.17335,28.444525],[93.173839,28.439276],[93.175792,28.434272],[93.175141,28.431464],[93.166433,28.429877],[93.139171,28.42947],[93.102061,28.420681],[93.006114,28.359809],[92.960704,28.3487],[92.921479,28.326361],[92.862315,28.305976],[92.80071,28.297227],[92.772878,28.298122],[92.759288,28.301947],[92.748546,28.309882],[92.741628,28.336127],[92.746349,28.366278],[92.746593,28.394151],[92.725515,28.413682],[92.706472,28.416205],[92.670095,28.40766],[92.651785,28.40644],[92.640147,28.409491],[92.632823,28.415107],[92.618256,28.430976],[92.589122,28.444037],[92.559825,28.441026],[92.529714,28.431586],[92.498627,28.425564],[92.468028,28.428168],[92.432384,28.431912],[92.391775,28.429755],[92.310151,28.447821],[92.291026,28.447821],[92.253184,28.440863],[92.233979,28.440863],[92.212901,28.448554],[92.1963,28.462104],[92.166108,28.494656],[92.146414,28.508124],[92.052745,28.539008],[92.027843,28.544257],[92.002208,28.545722],[91.975678,28.541693]]]}},{"type":"Feature","properties":{"dissolve":"1136River","scalerank":9.0,"featurecla":"River","name":null,"name_alt":null,"rivernum":1136,"note":null,"min_zoom":7.1,"name_en":null,"min_label":8.1},"bbox":[91.908132,22.418565,92.197846,22.514187],"geometry":{"type":"MultiLineString","coordinates":[[[92.197846,22.503607],[92.180105,22.502997],[92.16155,22.513007],[92.155284,22.514187],[92.145518,22.507839],[92.144623,22.500596],[92.14739,22.493272],[92.148448,22.486843],[92.140066,22.470038],[92.125987,22.456895],[92.106619,22.44831],[92.083263,22.445258],[92.071056,22.447537],[92.054291,22.457302],[92.042003,22.45954],[92.033214,22.453152],[92.028901,22.424994],[92.021658,22.418565],[91.97462,22.418769],[91.953054,22.422431],[91.929291,22.431586],[91.92628,22.425889],[91.921886,22.424587],[91.916026,22.425116],[91.908132,22.42475]]]}},{"type":"Feature","properties":{"dissolve":"1138Lake Centerline","scalerank":9.0,"featurecla":"Lake Centerline","name":"Balak","name_alt":null,"rivernum":1138,"note":null,"min_zoom":7.1,"name_en":"Balak","min_label":8.1},"bbox":[90.976492,24.007514,91.16505,24.355251],"geometry":{"type":"MultiLineString","coordinates":[[[91.164561,24.355251],[91.160818,24.349229],[91.160085,24.332139],[91.163992,24.313666],[91.16505,24.299872],[91.162527,24.284044],[91.156261,24.270087],[91.142833,24.257636],[91.119151,24.252712],[91.093761,24.259711],[91.080658,24.252712],[91.076101,24.235297],[91.073171,24.229112],[91.067312,24.224799],[91.0595,24.216742],[91.042084,24.196845],[91.012218,24.17475],[90.999766,24.162218],[90.998139,24.15351],[91.001882,24.144721],[91.014252,24.131537],[91.030691,24.114447],[91.035737,24.105821],[91.040945,24.093451],[91.04184,24.082628],[91.039236,24.072537],[91.033376,24.063015],[91.008718,24.040066],[90.999766,24.034044],[90.98642,24.014716],[90.985037,24.01435],[90.976492,24.007514]]]}},{"type":"Feature","properties":{"dissolve":"1138River","scalerank":9.0,"featurecla":"River","name":"Balak","name_alt":null,"rivernum":1138,"note":null,"min_zoom":7.1,"name_en":"Balak","min_label":8.1},"bbox":[90.63323,23.55504,94.258718,25.482367],"geometry":{"type":"MultiLineString","coordinates":[[[94.258718,25.461208],[94.236095,25.461534],[94.223399,25.453925],[94.214773,25.442979],[94.204112,25.433214],[94.169444,25.419623],[94.163015,25.412665],[94.15683,25.40351],[94.149425,25.395616],[94.138927,25.392279],[94.120209,25.388495],[94.108653,25.377794],[94.102631,25.361599],[94.101085,25.341091],[94.063975,25.304145],[94.053233,25.296088],[94.057872,25.32331],[94.066824,25.349473],[94.072276,25.37462],[94.066905,25.398505],[94.053396,25.409003],[94.029714,25.418809],[94.003835,25.423692],[93.984386,25.419623],[93.949718,25.443671],[93.921397,25.46955],[93.888682,25.482367],[93.841075,25.467353],[93.808604,25.446153],[93.723643,25.364081],[93.698741,25.347195],[93.679128,25.328315],[93.679617,25.324042],[93.67921,25.314399],[93.649099,25.26199],[93.612722,25.215684],[93.600841,25.18891],[93.584565,25.178534],[93.546804,25.165717],[93.517996,25.150662],[93.496104,25.128241],[93.482026,25.099677],[93.477306,25.066433],[93.473888,25.054511],[93.449962,25.014919],[93.42921,24.970404],[93.410085,24.944403],[93.40504,24.931423],[93.402761,24.917426],[93.402192,24.901923],[93.411632,24.846706],[93.409679,24.830593],[93.399099,24.81977],[93.385265,24.817694],[93.37322,24.814276],[93.368093,24.799587],[93.367198,24.783718],[93.363455,24.766954],[93.355235,24.757107],[93.34075,24.761664],[93.334402,24.737901],[93.333263,24.716905],[93.330577,24.707099],[93.324474,24.699734],[93.313406,24.693427],[93.31129,24.696804],[93.311046,24.697699],[93.306651,24.700222],[93.302419,24.687079],[93.294526,24.675849],[93.282481,24.66828],[93.265636,24.666083],[93.24822,24.671983],[93.23935,24.683783],[93.231619,24.697048],[93.217784,24.707058],[93.219005,24.69599],[93.230886,24.666083],[93.220795,24.659044],[93.218191,24.650946],[93.221772,24.6435],[93.230886,24.63878],[93.220795,24.629177],[93.218191,24.617255],[93.217784,24.590359],[93.212494,24.575263],[93.204275,24.561103],[93.186534,24.538845],[93.177664,24.524359],[93.168875,24.474311],[93.151296,24.427843],[93.148204,24.410509],[93.146007,24.404161],[93.138601,24.389512],[93.03655,24.259223],[93.024913,24.234687],[93.018565,24.234687],[93.013194,24.26203],[93.014171,24.274482],[93.018565,24.288682],[93.026134,24.300076],[93.042735,24.315253],[93.045909,24.326606],[93.041515,24.340888],[93.022878,24.354315],[93.018565,24.367499],[93.021983,24.390204],[93.020518,24.400214],[93.011729,24.412869],[93.036632,24.414659],[93.045665,24.444607],[93.052745,24.522732],[93.064464,24.558946],[93.07366,24.567247],[93.090587,24.569892],[93.100597,24.577094],[93.095714,24.593695],[93.080089,24.624538],[93.09905,24.654405],[93.106212,24.671983],[93.097341,24.679755],[93.091075,24.682725],[93.087983,24.690294],[93.086925,24.710476],[93.083588,24.71837],[93.075857,24.721625],[93.066987,24.723456],[93.059581,24.726915],[93.035574,24.780341],[93.028575,24.789618],[92.987641,24.789618],[92.975678,24.791775],[92.966563,24.796413],[92.956554,24.80329],[92.928966,24.792344],[92.910818,24.74254],[92.888194,24.734402],[92.888194,24.741156],[92.896007,24.742011],[92.899994,24.743842],[92.903331,24.746161],[92.908702,24.748643],[92.896902,24.753241],[92.867686,24.76911],[92.865896,24.760362],[92.863292,24.755886],[92.854096,24.748643],[92.844493,24.754218],[92.842865,24.760199],[92.843435,24.767035],[92.840424,24.775336],[92.834565,24.779608],[92.828136,24.781602],[92.822765,24.784857],[92.820567,24.79267],[92.827891,24.794298],[92.859955,24.815212],[92.867686,24.816921],[92.85849,24.830878],[92.827403,24.824164],[92.820567,24.833686],[92.814464,24.835069],[92.800955,24.841864],[92.786876,24.852159],[92.778901,24.864081],[92.759288,24.864366],[92.747081,24.886257],[92.733653,24.900458],[92.710704,24.877753],[92.716238,24.873603],[92.72047,24.869737],[92.724864,24.866482],[92.731212,24.864081],[92.731212,24.857856],[92.71339,24.863634],[92.698741,24.86225],[92.691905,24.853339],[92.697195,24.836778],[92.686534,24.836697],[92.667491,24.831814],[92.658946,24.830593],[92.646576,24.83279],[92.643891,24.83747],[92.646007,24.842068],[92.648692,24.843573],[92.647472,24.847439],[92.648692,24.852118],[92.649018,24.856228],[92.645274,24.857856],[92.634044,24.85753],[92.628917,24.858344],[92.624522,24.860948],[92.616791,24.867377],[92.608653,24.872382],[92.600597,24.875922],[92.593435,24.877753],[92.583751,24.87755],[92.565929,24.872748],[92.518565,24.870429],[92.493907,24.865424],[92.477468,24.864081],[92.49114,24.883897],[92.494151,24.895087],[92.490896,24.912543],[92.483409,24.928494],[92.474132,24.936835],[92.449311,24.946641],[92.457612,24.953477],[92.453705,24.958319],[92.444265,24.962592],[92.41212,24.98432],[92.411876,24.987616],[92.39446,24.993476],[92.379649,25.004462],[92.362804,25.010565],[92.339447,25.001899],[92.307628,25.026923],[92.276866,25.003852],[92.250255,24.971259],[92.230235,24.967719],[92.22047,24.948676],[92.208507,24.945502],[92.194428,24.945624],[92.179128,24.936713],[92.168224,24.927191],[92.12794,24.905056],[92.113292,24.894151],[92.107432,24.892035],[92.095876,24.893337],[92.088308,24.898708],[92.080577,24.901638],[92.062266,24.891303],[92.038585,24.885199],[92.031993,24.879584],[92.0206,24.866563],[92.014578,24.864081],[91.97226,24.862576],[91.955984,24.864081],[91.954194,24.863715],[91.929291,24.864081],[91.907807,24.870429],[91.89796,24.871527],[91.863455,24.881863],[91.824229,24.899604],[91.790131,24.904853],[91.771576,24.877753],[91.766531,24.892035],[91.760671,24.897284],[91.753347,24.899522],[91.743663,24.905056],[91.728038,24.918036],[91.717784,24.923774],[91.706472,24.926134],[91.703136,24.931993],[91.702729,24.970811],[91.69866,24.980536],[91.688731,24.987006],[91.668549,24.995063],[91.675304,24.99433],[91.696544,24.995063],[91.690684,25.003363],[91.680268,25.015245],[91.675955,25.022325],[91.688975,25.022325],[91.688975,25.028591],[91.665131,25.033311],[91.641368,25.018378],[91.617442,25.00849],[91.592865,25.028591],[91.582937,25.022528],[91.575125,25.026435],[91.569591,25.036811],[91.566173,25.05032],[91.552419,25.042833],[91.548106,25.054877],[91.528901,25.056952],[91.524506,25.066433],[91.521414,25.078437],[91.513601,25.082709],[91.503429,25.080593],[91.493907,25.073269],[91.47934,25.064968],[91.470307,25.07213],[91.463145,25.091254],[91.450857,25.094753],[91.439382,25.094102],[91.427419,25.090196],[91.414643,25.083808],[91.399506,25.069281],[91.382823,25.046007],[91.371104,25.024441],[91.370616,25.014919],[91.371349,25.010199],[91.389903,24.990546],[91.394216,24.987616],[91.395925,24.973334],[91.394542,24.96072],[91.389578,24.954657],[91.380626,24.960273],[91.374441,24.960273],[91.353608,24.917426],[91.348888,24.8935],[91.353282,24.871527],[91.370942,24.849799],[91.379405,24.836493],[91.377452,24.830593],[91.371755,24.824164],[91.363373,24.810085],[91.358653,24.796007],[91.363455,24.789618],[91.388927,24.767157],[91.379242,24.718207],[91.347097,24.670478],[91.304779,24.651801],[91.308116,24.634223],[91.302419,24.614081],[91.29127,24.600898],[91.27825,24.604031],[91.270274,24.593533],[91.26116,24.587104],[91.251882,24.582139],[91.243337,24.576117],[91.237397,24.569281],[91.207449,24.512803],[91.1963,24.498887],[91.181895,24.487901],[91.181895,24.501573],[91.174571,24.501573],[91.160818,24.480496],[91.168468,24.476182],[91.188731,24.460639],[91.173839,24.455268],[91.179779,24.449897],[91.193614,24.444648],[91.202403,24.439521],[91.20224,24.42239],[91.192149,24.410468],[91.178722,24.40119],[91.168956,24.39171],[91.161062,24.376776],[91.159434,24.368232],[91.164968,24.364447],[91.170909,24.363552],[91.171804,24.361355],[91.169037,24.358344],[91.164561,24.355251]],[[90.976492,24.007514],[90.967052,23.994208],[90.952647,23.983995],[90.936453,23.976426],[90.912364,23.969184],[90.865733,23.965522],[90.85906,23.963894],[90.852061,23.960801],[90.846934,23.956326],[90.843761,23.950263],[90.842784,23.942735],[90.844005,23.935411],[90.855968,23.891425],[90.85434,23.884711],[90.84962,23.880194],[90.843272,23.876532],[90.836436,23.873806],[90.830089,23.871934],[90.822683,23.870917],[90.792003,23.872138],[90.784923,23.871121],[90.778331,23.86872],[90.771576,23.864691],[90.765391,23.859565],[90.759776,23.853461],[90.75587,23.846503],[90.7553,23.838406],[90.760753,23.816718],[90.76116,23.808865],[90.759695,23.801947],[90.739024,23.752631],[90.723399,23.73074],[90.721202,23.721869],[90.724864,23.715399],[90.739268,23.706081],[90.744884,23.701361],[90.749278,23.695095],[90.751475,23.687934],[90.750906,23.680691],[90.743093,23.667263],[90.730479,23.656602],[90.715343,23.65001],[90.699799,23.648708],[90.683604,23.651394],[90.675385,23.653998],[90.668875,23.657904],[90.662608,23.663153],[90.655935,23.667589],[90.649343,23.668158],[90.643077,23.661689],[90.641368,23.647528],[90.650971,23.619412],[90.647472,23.605984],[90.64446,23.602891],[90.64088,23.60045],[90.63323,23.596625]],[[90.734304,23.659288],[90.760916,23.634101],[90.769623,23.622829],[90.767345,23.617743],[90.751882,23.61579],[90.740245,23.610297],[90.735932,23.601671],[90.743175,23.590399],[90.733165,23.580024],[90.710948,23.567084],[90.702159,23.55504]]]}},{"type":"Feature","properties":{"dissolve":"1140River","scalerank":9.0,"featurecla":"River","name":null,"name_alt":null,"rivernum":1140,"note":null,"min_zoom":7.1,"name_en":null,"min_label":8.1},"bbox":[92.813243,12.88703,92.888194,12.900255],"geometry":{"type":"MultiLineString","coordinates":[[[92.813243,12.900255],[92.827647,12.899441],[92.838878,12.896023],[92.847341,12.894721],[92.854096,12.900255],[92.860362,12.900255],[92.86614,12.890408],[92.874278,12.88703],[92.882498,12.890408],[92.888194,12.900255]]]}},{"type":"Feature","properties":{"dissolve":"1141River","scalerank":9.0,"featurecla":"River","name":null,"name_alt":null,"rivernum":1141,"note":null,"min_zoom":7.1,"name_en":null,"min_label":8.1},"bbox":[92.778901,12.310085,92.874522,12.323757],"geometry":{"type":"MultiLineString","coordinates":[[[92.778901,12.310085],[92.795014,12.323757],[92.820893,12.321112],[92.84962,12.313015],[92.874522,12.310085]]]}},{"type":"Feature","properties":{"dissolve":"1142River","scalerank":9.0,"featurecla":"River","name":null,"name_alt":null,"rivernum":1142,"note":null,"min_zoom":7.1,"name_en":null,"min_label":8.1},"bbox":[92.751231,12.07746,92.772065,12.180284],"geometry":{"type":"MultiLineString","coordinates":[[[92.765391,12.180284],[92.766124,12.174018],[92.766124,12.169013],[92.767507,12.164374],[92.772065,12.159206],[92.763113,12.143419],[92.755626,12.120144],[92.751231,12.094306],[92.757416,12.07746]]]}},{"type":"Feature","properties":{"dissolve":"125River","scalerank":4.0,"featurecla":"River","name":"Nmai","name_alt":null,"rivernum":125,"note":null,"min_zoom":3.0,"name_en":"Nmai","min_label":4.0},"bbox":[97.486339,25.590888,98.377859,28.424994],"geometry":{"type":"MultiLineString","coordinates":[[[97.983165,28.424994],[97.993663,28.420356],[98.020274,28.422065],[98.030935,28.417833],[98.054454,28.396593],[98.061615,28.387071],[98.077078,28.321112],[98.085948,28.311387],[98.100515,28.305284],[98.150971,28.263617],[98.161143,28.259467],[98.183116,28.253689],[98.192149,28.249945],[98.201671,28.240505],[98.208995,28.229193],[98.217296,28.219753],[98.230235,28.215766],[98.235606,28.212226],[98.24464,28.193223],[98.250662,28.184434],[98.26295,28.176052],[98.274099,28.173285],[98.285167,28.171902],[98.295665,28.167344],[98.297455,28.163764],[98.315522,28.140082],[98.322195,28.110419],[98.331716,28.092475],[98.330333,28.082628],[98.325206,28.074083],[98.319347,28.068061],[98.311127,28.05683],[98.312511,28.046658],[98.318126,28.03616],[98.323009,28.023993],[98.325613,27.981513],[98.329275,27.96129],[98.339773,27.944892],[98.34433,27.928778],[98.329845,27.859565],[98.327159,27.823594],[98.330333,27.803778],[98.3449,27.778632],[98.346934,27.767279],[98.345144,27.755805],[98.339773,27.746609],[98.33253,27.736925],[98.320893,27.715277],[98.315522,27.708075],[98.30071,27.697211],[98.295665,27.695095],[98.279389,27.709011],[98.266124,27.697374],[98.25294,27.677558],[98.237071,27.6671],[98.171479,27.652777],[98.150971,27.659695],[98.139415,27.678331],[98.130626,27.703803],[98.119233,27.726345],[98.099864,27.736029],[98.059093,27.734158],[98.03712,27.730048],[98.021414,27.722357],[98.019542,27.696885],[98.046967,27.604315],[98.061615,27.57156],[98.080333,27.544949],[98.086925,27.529364],[98.091238,27.483507],[98.09547,27.462429],[98.102061,27.443549],[98.110037,27.426866],[98.186615,27.319159],[98.205658,27.276679],[98.215831,27.230251],[98.227794,27.209988],[98.250662,27.201606],[98.302013,27.146999],[98.339773,27.070624],[98.34962,27.060004],[98.357351,27.03559],[98.364024,26.989325],[98.357188,26.910224],[98.359874,26.88821],[98.373057,26.847357],[98.377533,26.824815],[98.377859,26.787543],[98.370046,26.757636],[98.354991,26.731269],[98.333018,26.704698],[98.341889,26.642117],[98.337006,26.603217],[98.309255,26.591417],[98.313731,26.57038],[98.305675,26.549506],[98.294037,26.528103],[98.288178,26.505479],[98.280935,26.442898],[98.280284,26.428494],[98.281342,26.413357],[98.28419,26.403673],[98.293712,26.380968],[98.295665,26.372382],[98.292247,26.361111],[98.278331,26.345404],[98.275076,26.334499],[98.27296,26.313666],[98.116954,25.892524],[98.086925,25.863634],[98.076182,25.84337],[98.034272,25.789578],[98.009532,25.767646],[97.944428,25.725531],[97.871023,25.659125],[97.863048,25.649604],[97.855398,25.637274],[97.817149,25.598334],[97.802257,25.590888],[97.800304,25.594591],[97.781342,25.61286],[97.774343,25.618232],[97.750662,25.623155],[97.739024,25.627509],[97.733897,25.635565],[97.72934,25.655219],[97.717865,25.677029],[97.704112,25.696112],[97.692393,25.707587],[97.667979,25.715196],[97.615652,25.707831],[97.589366,25.707587],[97.537039,25.717637],[97.508556,25.715847],[97.486339,25.700751]]]}},{"type":"Feature","properties":{"dissolve":"138River","scalerank":4.0,"featurecla":"River","name":"Ayeyarwady","name_alt":"Irrawaddy","rivernum":138,"note":null,"min_zoom":3.0,"name_en":"Irrawaddy","min_label":4.0},"bbox":[94.713145,16.2508,97.53419,25.700751],"geometry":{"type":"MultiLineString","coordinates":[[[97.486339,25.700751],[97.500499,25.696601],[97.516124,25.694363],[97.528819,25.689154],[97.53419,25.676296],[97.530772,25.66706],[97.513601,25.64407],[97.506765,25.631903],[97.501475,25.605496],[97.496755,25.548774],[97.486339,25.52204],[97.438894,25.454779],[97.409109,25.397976],[97.403575,25.381415],[97.407481,25.368109],[97.418956,25.354275],[97.424327,25.340928],[97.420502,25.330186],[97.404389,25.324042],[97.397716,25.327012],[97.378835,25.333279],[97.370209,25.337673],[97.34669,25.366807],[97.336925,25.369452],[97.325206,25.365098],[97.313487,25.357204],[97.308197,25.347927],[97.309174,25.342841],[97.313894,25.333279],[97.314952,25.327094],[97.313731,25.318671],[97.310802,25.317816],[97.306163,25.319037],[97.300792,25.316596],[97.292247,25.310899],[97.282725,25.307196],[97.274018,25.301296],[97.267833,25.289252],[97.267019,25.277777],[97.27296,25.256374],[97.274669,25.2449],[97.271495,25.217353],[97.262787,25.207139],[97.249766,25.201117],[97.233002,25.186225],[97.227957,25.168565],[97.231537,25.146104],[97.243744,25.126776],[97.264415,25.118598],[97.30714,25.129503],[97.318858,25.126899],[97.314952,25.104315],[97.297944,25.081488],[97.279877,25.086615],[97.259858,25.098009],[97.236827,25.094062],[97.226166,25.089545],[97.218679,25.089423],[97.214122,25.086453],[97.212576,25.073269],[97.215424,25.060899],[97.229096,25.045966],[97.233002,25.035997],[97.221934,24.997016],[97.188569,24.969428],[97.116954,24.932969],[97.101492,24.916205],[97.098155,24.899766],[97.102794,24.867784],[97.093028,24.860541],[97.048106,24.840115],[97.034434,24.823106],[97.034923,24.802761],[97.050792,24.757921],[97.060557,24.716376],[97.102794,24.651801],[97.111339,24.631415],[97.115489,24.611396],[97.118093,24.544542],[97.117117,24.533474],[97.106944,24.513983],[97.110932,24.502712],[97.123139,24.487901],[97.121593,24.372504],[97.136811,24.337104],[97.185476,24.289008],[97.188487,24.281277],[97.205007,24.270453],[97.203054,24.246161],[97.193126,24.220811],[97.185313,24.206732],[97.17628,24.194851],[97.163585,24.181342],[97.147227,24.170356],[97.112804,24.161444],[97.084076,24.142198],[97.061697,24.137885],[97.050304,24.138739],[97.030772,24.143093],[97.009532,24.145372],[96.976085,24.144721],[96.956147,24.140082],[96.942393,24.1317],[96.92921,24.128119],[96.910818,24.137885],[96.867442,24.186794],[96.836925,24.199042],[96.8213,24.212755],[96.808442,24.228624],[96.800955,24.240912],[96.790945,24.277411],[96.781993,24.290391],[96.750662,24.299587],[96.69866,24.329657],[96.652761,24.346625],[96.640636,24.354193],[96.633556,24.357286],[96.622488,24.358832],[96.610932,24.358954],[96.602468,24.357611],[96.591889,24.352403],[96.588634,24.346869],[96.587169,24.339789],[96.58196,24.329657],[96.567556,24.314154],[96.55128,24.303534],[96.532319,24.297471],[96.509939,24.295518],[96.490896,24.29918],[96.472667,24.305854],[96.454845,24.309272],[96.437999,24.303005],[96.446381,24.275173],[96.431407,24.253241],[96.383311,24.221055],[96.362641,24.200222],[96.303233,24.113959],[96.295014,24.096218],[96.289806,24.075141],[96.28712,24.048529],[96.289968,23.970282],[96.280284,23.946112],[96.274425,23.940009],[96.271007,23.932074],[96.250418,23.857611],[96.245372,23.844997],[96.237804,23.834052],[96.22877,23.829413],[96.221446,23.824246],[96.216726,23.812079],[96.205007,23.7685],[96.200287,23.761583],[96.191498,23.754259],[96.180675,23.752224],[96.167247,23.752631],[96.155528,23.749701],[96.150483,23.73725],[96.14796,23.71308],[96.140147,23.691026],[96.127371,23.670722],[96.10963,23.651923],[96.057058,23.609076],[96.034923,23.585232],[96.020274,23.55504],[96.012299,23.514228],[96.006602,23.384955],[95.978119,23.261746],[95.964854,22.76907],[95.962006,22.759385],[95.955089,22.750312],[95.943451,22.744249],[95.920095,22.743232],[95.910492,22.739447],[95.901296,22.707221],[95.917003,22.661689],[95.985281,22.550116],[95.990245,22.529324],[95.982432,22.510443],[95.969493,22.49197],[95.964773,22.472602],[95.963796,22.392524],[95.97047,22.374376],[95.989513,22.35281],[96.012706,22.331855],[96.013682,22.323025],[96.006602,22.308702],[96.001475,22.302802],[95.995942,22.298407],[95.990489,22.292304],[95.986095,22.281358],[95.98463,22.270819],[95.987804,22.216498],[96.000418,22.157904],[96.007498,22.089423],[96.024994,22.058214],[96.048106,21.994005],[96.05128,21.956366],[96.04127,21.923448],[96.021007,21.896552],[95.992931,21.876736],[95.973155,21.867255],[95.955496,21.860907],[95.936534,21.857367],[95.913829,21.856269],[95.90089,21.863389],[95.848888,21.910834],[95.814708,21.925564],[95.776459,21.931505],[95.526866,21.922146],[95.511974,21.917507],[95.505789,21.907782],[95.499441,21.88996],[95.47169,21.856879],[95.465343,21.839464],[95.461518,21.811306],[95.45045,21.780829],[95.432058,21.756374],[95.406749,21.746405],[95.387136,21.7331],[95.368337,21.66531],[95.355479,21.636542],[95.355479,21.630316],[95.348888,21.621283],[95.342296,21.608913],[95.337006,21.595974],[95.327403,21.545966],[95.324474,21.537462],[95.33017,21.463935],[95.3213,21.465847],[95.313406,21.452094],[95.305593,21.450466],[95.296886,21.452989],[95.287201,21.452175],[95.280365,21.448513],[95.275483,21.445095],[95.271983,21.441759],[95.269135,21.438422],[95.255463,21.421088],[95.19101,21.370225],[95.158621,21.329657],[95.141612,21.31391],[95.118663,21.307563],[95.077403,21.301337],[95.069428,21.30329],[95.056407,21.312283],[95.047537,21.315009],[95.021902,21.311225],[95.002208,21.296698],[94.989757,21.275092],[94.985606,21.249823],[94.975027,21.244208],[94.90976,21.225613],[94.863048,21.22602],[94.85963,21.227159],[94.855968,21.227566],[94.848399,21.225613],[94.843028,21.22248],[94.833751,21.213731],[94.819347,21.204372],[94.809825,21.185981],[94.803315,21.16352],[94.799897,21.143663],[94.800955,21.099636],[94.817149,21.015733],[94.820323,20.972357],[94.806407,20.924506],[94.776459,20.89114],[94.742931,20.864203],[94.718028,20.835801],[94.713145,20.813829],[94.718761,20.796088],[94.727631,20.779975],[94.732351,20.76321],[94.733979,20.745551],[94.744884,20.706488],[94.752208,20.691189],[94.766694,20.672919],[94.782481,20.658067],[94.794932,20.643419],[94.799897,20.626044],[94.802989,20.606147],[94.816417,20.565945],[94.820323,20.547187],[94.818451,20.515245],[94.820323,20.506212],[94.828624,20.496121],[94.83839,20.491726],[94.848888,20.488552],[94.858653,20.482001],[94.869233,20.463935],[94.889252,20.396348],[94.905203,20.364854],[94.908702,20.343817],[94.900076,20.324652],[94.896495,20.310411],[94.896658,20.245551],[94.899425,20.236029],[94.908376,20.216824],[94.90976,20.204617],[94.907644,20.199774],[94.898692,20.190497],[94.896658,20.184109],[94.89796,20.177314],[94.900076,20.17296],[94.902599,20.169867],[94.903575,20.16706],[94.906749,20.146593],[94.91448,20.124335],[94.925548,20.103787],[94.937755,20.088487],[94.967296,20.066433],[94.985606,20.0574],[95.002533,20.053738],[95.010834,20.04918],[95.017019,20.038601],[95.019216,20.02619],[95.016205,20.016466],[95.010834,20.005439],[95.014089,19.996446],[95.026459,19.98489],[95.033132,19.980536],[95.050304,19.972724],[95.053803,19.96837],[95.047537,19.93769],[95.048595,19.924384],[95.052175,19.915107],[95.061941,19.910224],[95.081147,19.910346],[95.112641,19.890733],[95.142182,19.860867],[95.160167,19.823065],[95.156261,19.780056],[95.138682,19.7508],[95.135753,19.739081],[95.138438,19.726752],[95.152843,19.708279],[95.156261,19.701199],[95.169932,19.622382],[95.16448,19.500556],[95.169932,19.457872],[95.19394,19.396674],[95.197276,19.37226],[95.195567,19.350857],[95.187266,19.320014],[95.174897,19.15294],[95.169932,19.135769],[95.154877,19.116238],[95.139415,19.106879],[95.127045,19.095649],[95.112722,19.015163],[95.115245,18.991767],[95.125906,18.950751],[95.134207,18.930854],[95.146251,18.913194],[95.19337,18.865831],[95.204112,18.848334],[95.213145,18.805487],[95.2046,18.76789],[95.185639,18.737576],[95.163097,18.716824],[95.152843,18.710801],[95.122081,18.697537],[95.117279,18.696845],[95.106212,18.698432],[95.101573,18.697537],[95.099376,18.693305],[95.095225,18.67947],[95.079845,18.66706],[95.075857,18.645087],[95.073741,18.601345],[95.066498,18.579698],[95.062999,18.561794],[95.067475,18.543769],[95.084565,18.522244],[95.163097,18.464179],[95.179454,18.447618],[95.192393,18.43004],[95.200857,18.409857],[95.204112,18.385606],[95.20989,18.363227],[95.224132,18.348578],[95.242198,18.339545],[95.259288,18.333808],[95.287364,18.320014],[95.311697,18.300076],[95.355479,18.251288],[95.361095,18.246649],[95.377208,18.236151],[95.382823,18.23078],[95.387787,18.219916],[95.394786,18.195258],[95.399913,18.186103],[95.403575,18.176703],[95.402843,18.154568],[95.406749,18.145087],[95.412364,18.13585],[95.450287,18.033067],[95.4546,17.996365],[95.444835,17.957099],[95.439871,17.949408],[95.42864,17.938544],[95.423839,17.929145],[95.424246,17.921088],[95.433686,17.875922],[95.439871,17.866645],[95.454519,17.850287],[95.459076,17.839952],[95.457774,17.829535],[95.451101,17.813056],[95.449718,17.770209],[95.4581,17.72602],[95.473562,17.685899],[95.492605,17.655382],[95.502452,17.64529],[95.516612,17.63406],[95.533132,17.625027],[95.55071,17.621283],[95.565522,17.614285],[95.561453,17.597439],[95.541026,17.559841],[95.540294,17.544257],[95.542491,17.521104],[95.547862,17.500067],[95.557546,17.490912],[95.570079,17.484402],[95.604096,17.453315],[95.623057,17.443142],[95.648448,17.44005],[95.66505,17.440741],[95.674246,17.436591],[95.677013,17.418972],[95.669851,17.408067],[95.623057,17.381049],[95.610362,17.366034],[95.599539,17.345526],[95.591726,17.323188],[95.588878,17.302558],[95.588878,17.261908],[95.591319,17.25141],[95.639903,17.14765],[95.646495,17.109931],[95.635916,17.073188],[95.595795,17.036444],[95.571707,17.018826],[95.560964,17.014838],[95.56308,16.981716],[95.567393,16.964057],[95.575206,16.942247],[95.612234,16.879747],[95.612641,16.86404],[95.593272,16.848944],[95.575694,16.847683],[95.556895,16.850165],[95.533702,16.846625],[95.521495,16.837836],[95.492279,16.811306],[95.47519,16.805691],[95.450206,16.803778],[95.433116,16.798163],[95.403331,16.777777],[95.388682,16.772488],[95.348562,16.764757],[95.334972,16.75788],[95.331147,16.743476],[95.33253,16.719591],[95.338471,16.6942],[95.348643,16.67536],[95.323741,16.661444],[95.323334,16.647569],[95.327891,16.631293],[95.317556,16.610175],[95.302257,16.602118],[95.281749,16.596055],[95.262706,16.587714],[95.25172,16.572943],[95.253184,16.563341],[95.264578,16.544989],[95.266124,16.538153],[95.258881,16.529242],[95.230886,16.508165],[95.221446,16.504014],[95.200694,16.499091],[95.188243,16.486355],[95.177745,16.468777],[95.163097,16.449408],[95.080089,16.393866],[95.060639,16.367499],[95.04005,16.295193],[95.033783,16.281277],[95.007091,16.260688],[94.992442,16.2508]]]}},{"type":"Feature","properties":{"dissolve":"146River","scalerank":4.0,"featurecla":"River","name":"Nu","name_alt":null,"rivernum":146,"note":null,"min_zoom":4.0,"name_en":"Nu","min_label":5.0},"bbox":[96.595632,20.951239,99.125255,30.450995],"geometry":{"type":"MultiLineString","coordinates":[[[96.595632,30.447943],[96.615896,30.450995],[96.68157,30.449652],[96.701752,30.441759],[96.703868,30.422919],[96.691824,30.380723],[96.691742,30.370225],[96.694835,30.349636],[96.70989,30.309516],[96.715343,30.301378],[96.722179,30.297065],[96.730398,30.29621],[96.747162,30.29739],[96.755951,30.296576],[96.764578,30.294745],[96.772553,30.291449],[96.779796,30.286241],[96.793468,30.272976],[96.800873,30.267849],[96.826671,30.258572],[96.849864,30.243272],[96.857432,30.239936],[96.865489,30.239081],[96.896495,30.244005],[96.917979,30.241767],[96.938487,30.234198],[96.982595,30.201768],[96.991954,30.197537],[97.003429,30.194648],[97.009369,30.194037],[97.015391,30.194037],[97.033214,30.197292],[97.039561,30.197455],[97.053396,30.195909],[97.060313,30.194281],[97.066905,30.191596],[97.079031,30.182685],[97.100027,30.160224],[97.111746,30.150906],[97.14739,30.131212],[97.169037,30.113389],[97.177745,30.109442],[97.186941,30.107937],[97.205333,30.1081],[97.214447,30.107042],[97.222667,30.104275],[97.247813,30.089667],[97.258718,30.078925],[97.266612,30.066107],[97.287608,30.021511],[97.293468,30.013983],[97.300222,30.007351],[97.306733,30.002631],[97.3213,29.994696],[97.327403,29.989569],[97.337413,29.974311],[97.344249,29.955919],[97.348399,29.936632],[97.349701,29.918647],[97.358165,29.899482],[97.377615,29.885443],[97.400483,29.873481],[97.418061,29.860663],[97.422374,29.84455],[97.428233,29.795274],[97.435069,29.784939],[97.447276,29.773139],[97.447276,29.746609],[97.438487,29.702338],[97.442393,29.684678],[97.453543,29.664496],[97.468272,29.647773],[97.483165,29.640937],[97.494395,29.638292],[97.499115,29.631415],[97.500255,29.621446],[97.499929,29.60989],[97.503917,29.60281],[97.561453,29.548041],[97.571707,29.531073],[97.581147,29.486111],[97.595144,29.473456],[97.614838,29.466579],[97.68214,29.459296],[97.703705,29.450873],[97.712901,29.431749],[97.723643,29.422716],[97.829194,29.381781],[97.848155,29.371772],[97.856212,29.356309],[97.85906,29.346544],[97.866466,29.339219],[97.876475,29.334662],[97.886974,29.333075],[97.897716,29.327826],[97.899425,29.315538],[97.89739,29.30154],[97.897227,29.290839],[97.900971,29.28205],[97.906749,29.273383],[97.913666,29.266791],[97.932384,29.261501],[97.935639,29.25491],[97.936127,29.246039],[97.94337,29.219428],[97.9428,29.206488],[97.944347,29.194119],[97.993337,29.1164],[98.003998,29.103868],[98.025076,29.088487],[98.040538,29.072455],[98.034272,29.058051],[98.046967,29.038153],[98.082286,29.019151],[98.089692,29.000352],[98.091726,28.958564],[98.095795,28.938056],[98.103282,28.921495],[98.182384,28.818468],[98.226736,28.804796],[98.257498,28.790229],[98.290294,28.767605],[98.320567,28.741238],[98.343435,28.71544],[98.358979,28.677517],[98.370697,28.544135],[98.374441,28.531195],[98.378184,28.522813],[98.38323,28.516791],[98.391205,28.510606],[98.432221,28.494005],[98.439057,28.492947],[98.443126,28.457058],[98.442149,28.451687],[98.448253,28.439276],[98.445323,28.420681],[98.452729,28.407009],[98.448253,28.394721],[98.444753,28.354438],[98.445323,28.339301],[98.451915,28.324246],[98.45753,28.314561],[98.47047,28.297675],[98.4699,28.290107],[98.466726,28.282172],[98.466319,28.270453],[98.473237,28.234198],[98.472992,28.178087],[98.476003,28.152655],[98.485444,28.129665],[98.558523,28.09752],[98.568858,28.096015],[98.572276,28.082384],[98.581716,28.067654],[98.596202,28.055609],[98.614024,28.050645],[98.645518,28.010688],[98.651378,28.006293],[98.65325,28.001654],[98.659679,27.972032],[98.658214,27.968777],[98.667003,27.956081],[98.673432,27.95539],[98.685476,27.96129],[98.681244,27.949734],[98.675873,27.940782],[98.668386,27.933702],[98.658214,27.927802],[98.679861,27.904079],[98.68629,27.867377],[98.674571,27.770575],[98.673106,27.769558],[98.677419,27.761664],[98.690115,27.751044],[98.692882,27.746609],[98.698253,27.731553],[98.72169,27.699571],[98.731619,27.669013],[98.743337,27.656846],[98.774913,27.632921],[98.810313,27.59101],[98.816417,27.581488],[98.818451,27.576606],[98.823009,27.57331],[98.827566,27.568956],[98.829519,27.561306],[98.829519,27.523749],[98.825125,27.488634],[98.819753,27.475694],[98.809011,27.461697],[98.830658,27.421942],[98.839692,27.399848],[98.846446,27.371202],[98.860932,27.351671],[98.864268,27.341864],[98.863292,27.313015],[98.864268,27.304023],[98.867931,27.296576],[98.879893,27.279812],[98.884776,27.269884],[98.88616,27.261013],[98.88323,27.203315],[98.879975,27.193427],[98.868663,27.173855],[98.898448,26.454901],[98.891612,26.38227],[98.889415,26.373358],[98.883881,26.365058],[98.867686,26.348456],[98.859467,26.335639],[98.861257,26.325263],[98.866791,26.315294],[98.871104,26.303494],[98.871511,26.280626],[98.86321,26.207953],[98.85849,26.188422],[98.857432,26.177191],[98.859793,26.167589],[98.869558,26.15705],[98.871104,26.145819],[98.869233,26.139757],[98.857432,26.118476],[98.856944,26.107978],[98.85906,26.099189],[98.857026,26.091498],[98.843028,26.084337],[98.853282,26.048041],[98.836925,25.920478],[98.878998,25.66588],[98.880056,25.556423],[98.894786,25.471259],[98.891612,25.426459],[98.886729,25.415798],[98.873627,25.395819],[98.871104,25.3817],[98.879242,25.33865],[98.877371,25.324042],[98.870128,25.31505],[98.847992,25.295681],[98.843028,25.28616],[98.850515,25.254421],[98.851329,25.238878],[98.843028,25.22781],[98.848643,25.221015],[98.855398,25.209418],[98.858653,25.198513],[98.854015,25.193671],[98.843028,25.188056],[98.842784,25.175238],[98.850597,25.152126],[98.843028,25.073269],[98.848399,25.048774],[98.872,25.007636],[98.877371,24.991319],[98.880382,24.972846],[98.905284,24.918728],[98.888601,24.901557],[98.895437,24.873603],[98.923269,24.818061],[98.942393,24.796088],[98.946788,24.785915],[98.947683,24.772406],[98.95045,24.757758],[98.955496,24.746039],[98.963145,24.741156],[98.983409,24.734198],[99.010671,24.717353],[99.035492,24.69713],[99.048595,24.679755],[99.054698,24.653876],[99.057546,24.624823],[99.054291,24.599189],[99.04184,24.583564],[99.040538,24.563096],[99.024994,24.490261],[99.014903,24.468817],[98.986501,24.439521],[98.977306,24.422634],[98.97934,24.415391],[99.007498,24.406033],[99.027192,24.396593],[99.046967,24.383897],[99.061615,24.367621],[99.065684,24.347439],[99.06308,24.329413],[99.064952,24.321479],[99.071218,24.313544],[99.0796,24.307969],[99.108328,24.297065],[99.125255,24.284247],[99.118907,24.274237],[99.100515,24.267524],[99.052745,24.261257],[99.025076,24.254259],[98.999034,24.243232],[98.975108,24.227484],[98.965261,24.217637],[98.947276,24.195421],[98.937511,24.186591],[98.897065,24.168647],[98.884776,24.158393],[98.85491,24.139228],[98.817556,24.129218],[98.715831,24.121527],[98.681244,24.107001],[98.640066,24.100938],[98.612234,24.087755],[98.59669,24.083279],[98.58489,24.075995],[98.544444,24.05919],[98.53183,24.055976],[98.510265,24.053331],[98.492931,24.046698],[98.431895,24.000067],[98.417572,23.982693],[98.411632,23.963446],[98.415294,23.919949],[98.425385,23.878445],[98.444916,23.841498],[98.473399,23.814236],[98.54892,23.768581],[98.574718,23.744981],[98.600027,23.709662],[98.637625,23.637559],[98.648936,23.608913],[98.649099,23.596788],[98.644542,23.582953],[98.638194,23.575303],[98.629324,23.567084],[98.621349,23.55744],[98.613373,23.533759],[98.594249,23.517442],[98.589854,23.504177],[98.592784,23.49018],[98.599864,23.474718],[98.617768,23.445828],[98.606863,23.42654],[98.617931,23.419257],[98.639089,23.420437],[98.658214,23.425971],[98.720225,23.388048],[98.733165,23.301825],[98.731212,23.276557],[98.724213,23.262315],[98.710704,23.256049],[98.689138,23.254665],[98.683442,23.251492],[98.66505,23.237372],[98.649832,23.232978],[98.640554,23.227851],[98.634288,23.226671],[98.626475,23.228542],[98.616791,23.23725],[98.610362,23.240343],[98.588471,23.241278],[98.55421,23.229844],[98.53183,23.226671],[98.526459,23.223497],[98.516368,23.209418],[98.510916,23.206244],[98.500011,23.207465],[98.478608,23.212226],[98.466319,23.212429],[98.443451,23.205512],[98.446056,23.195136],[98.458751,23.184109],[98.471202,23.17003],[98.482432,23.164374],[98.495128,23.159735],[98.504242,23.157782],[98.516043,23.152777],[98.524099,23.141181],[98.535248,23.117499],[98.559255,23.092719],[98.564708,23.076443],[98.545095,23.069037],[98.527192,23.065294],[98.511322,23.055691],[98.499522,23.042507],[98.493663,23.028103],[98.496511,23.013617],[98.505056,22.989529],[98.517589,22.97016],[98.53183,22.970038],[98.54892,22.974718],[98.566335,22.963975],[98.589854,22.938747],[98.655284,22.909857],[98.66505,22.90119],[98.664561,22.876166],[98.661143,22.859239],[98.651134,22.847032],[98.63087,22.83629],[98.611339,22.830837],[98.545095,22.822618],[98.540538,22.818305],[98.524669,22.791327],[98.521983,22.781602],[98.527599,22.770331],[98.541515,22.75373],[98.54892,22.737331],[98.548106,22.730292],[98.543956,22.723822],[98.541515,22.709337],[98.544526,22.70071],[98.558849,22.685858],[98.563243,22.678656],[98.562999,22.669135],[98.559662,22.661322],[98.556163,22.655341],[98.555186,22.651313],[98.558849,22.639268],[98.562755,22.637803],[98.57252,22.637722],[98.578298,22.634874],[98.58074,22.628201],[98.582612,22.620225],[98.59075,22.606472],[98.5949,22.58808],[98.600108,22.579291],[98.612397,22.563503],[98.616303,22.554633],[98.621674,22.528103],[98.639415,22.496283],[98.644542,22.480048],[98.641612,22.459988],[98.622488,22.429958],[98.617768,22.414862],[98.61321,22.381659],[98.601085,22.346625],[98.585378,22.314032],[98.568858,22.288194],[98.578298,22.273139],[98.631114,22.158271],[98.643484,22.139431],[98.698253,22.086982],[98.720144,22.073798],[98.744151,22.068468],[98.756358,22.063259],[98.767833,22.051785],[98.774425,22.040229],[98.771495,22.03498],[98.756847,22.034857],[98.745697,22.032904],[98.738048,22.026719],[98.733165,22.013861],[98.740733,22.007025],[98.734793,21.998318],[98.726085,21.980089],[98.720225,21.972276],[98.713308,21.967637],[98.697195,21.961208],[98.671397,21.942939],[98.628998,21.926459],[98.569347,21.893622],[98.554698,21.878974],[98.54892,21.85932],[98.551199,21.838324],[98.58546,21.715277],[98.635753,21.647528],[98.644542,21.630316],[98.648529,21.581366],[98.618337,21.562079],[98.582286,21.547716],[98.568858,21.513617],[98.578136,21.492947],[98.610769,21.455512],[98.625255,21.417019],[98.642345,21.406806],[98.661062,21.399482],[98.673106,21.390082],[98.676768,21.372911],[98.678722,21.30447],[98.683523,21.290839],[98.706147,21.258653],[98.71282,21.239285],[98.710867,21.221015],[98.705577,21.199734],[98.703136,21.178534],[98.709727,21.160468],[98.726492,21.14289],[98.78297,21.102118],[98.801687,21.074734],[98.796397,21.043402],[98.773855,21.013983],[98.740733,20.992255],[98.712413,20.989814],[98.673432,20.992255],[98.638927,20.990546],[98.607432,20.960395],[98.530691,20.962755],[98.507904,20.951239]]]}},{"type":"Feature","properties":{"dissolve":"153River","scalerank":4.0,"featurecla":"River","name":"Salween","name_alt":null,"rivernum":153,"note":null,"min_zoom":4.0,"name_en":"Salween","min_label":5.0},"bbox":[97.32724,16.554958,98.699718,20.951239],"geometry":{"type":"MultiLineString","coordinates":[[[98.507904,20.951239],[98.494558,20.924099],[98.49171,20.876776],[98.500499,20.787421],[98.512299,20.747992],[98.593028,20.611884],[98.649832,20.484931],[98.656179,20.460964],[98.65919,20.43655],[98.654796,20.420233],[98.64503,20.401313],[98.644135,20.377509],[98.649343,20.353787],[98.658214,20.334906],[98.673595,20.317247],[98.686941,20.306586],[98.6963,20.293891],[98.699718,20.270087],[98.695893,20.224636],[98.689464,20.201443],[98.678722,20.184109],[98.661225,20.172227],[98.622813,20.157009],[98.606944,20.146552],[98.599864,20.144721],[98.565929,20.14997],[98.535248,20.129462],[98.505382,20.095567],[98.488455,20.085028],[98.462576,20.081081],[98.399832,20.080349],[98.377533,20.074815],[98.343272,20.057481],[98.276378,20.014431],[98.233653,19.999132],[98.14088,19.990017],[98.020274,19.953233],[97.996755,19.951361],[97.978282,19.953925],[97.940684,19.964179],[97.917735,19.964952],[97.877045,19.950792],[97.858409,19.924018],[97.847179,19.891913],[97.829519,19.861925],[97.814871,19.851671],[97.800955,19.850653],[97.764415,19.85574],[97.751069,19.846503],[97.745942,19.824897],[97.743907,19.79975],[97.740245,19.780056],[97.693614,19.72016],[97.681895,19.711127],[97.663259,19.705349],[97.655365,19.690497],[97.65089,19.649685],[97.637218,19.60871],[97.634939,19.595974],[97.637218,19.564032],[97.633067,19.547187],[97.603038,19.485785],[97.58546,19.419501],[97.579112,19.409491],[97.558116,19.404608],[97.539154,19.391872],[97.525645,19.374294],[97.520518,19.354844],[97.52239,19.347968],[97.530935,19.330675],[97.53419,19.320665],[97.534597,19.150458],[97.528575,19.137274],[97.510509,19.118679],[97.503673,19.103868],[97.490001,19.05036],[97.476654,18.901719],[97.465831,18.862006],[97.460053,18.851752],[97.441335,18.827826],[97.431651,18.820421],[97.386974,18.823554],[97.365733,18.856065],[97.351329,18.87169],[97.33489,18.875067],[97.32724,18.850857],[97.33489,18.710557],[97.359793,18.624213],[97.362804,18.587673],[97.34547,18.561591],[97.357351,18.540107],[97.378673,18.520941],[97.390066,18.502021],[97.39446,18.487331],[97.417247,18.441352],[97.4428,18.40351],[97.446056,18.381415],[97.446544,18.358466],[97.452159,18.333808],[97.466238,18.311591],[97.485932,18.292344],[97.507742,18.276719],[97.527924,18.26557],[97.537201,18.272773],[97.541515,18.280463],[97.560151,18.328437],[97.562022,18.330675],[97.573334,18.333279],[97.624278,18.313544],[97.637218,18.306505],[97.643321,18.291571],[97.642833,18.27322],[97.635265,18.257758],[97.620372,18.251288],[97.617605,18.241889],[97.62851,18.221055],[97.680105,18.152859],[97.683849,18.146308],[97.684988,18.140408],[97.684988,18.131781],[97.687022,18.120063],[97.696381,18.101752],[97.698416,18.090847],[97.697683,18.084906],[97.693289,18.075303],[97.692393,18.070339],[97.693858,18.061713],[97.697276,18.060899],[97.701915,18.062079],[97.706065,18.059434],[97.719656,18.05329],[97.721772,18.04914],[97.724864,18.036933],[97.73935,18.003119],[97.743663,17.997992],[97.746755,17.992703],[97.751394,17.980984],[97.753835,17.969265],[97.750499,17.963894],[97.747162,17.961046],[97.719656,17.943427],[97.691417,17.895819],[97.685069,17.880886],[97.698416,17.833564],[97.675792,17.830512],[97.675955,17.815253],[97.686046,17.794623],[97.692393,17.775214],[97.695079,17.752468],[97.712901,17.690131],[97.720714,17.591661],[97.72405,17.581855],[97.729503,17.573065],[97.737071,17.563544],[97.743663,17.55268],[97.753917,17.518866],[97.771251,17.492621],[97.774343,17.484076],[97.772716,17.47248],[97.760753,17.44656],[97.761485,17.419013],[97.759939,17.405626],[97.750499,17.398139],[97.726492,17.388495],[97.690522,17.361396],[97.674815,17.323432],[97.671886,17.237657],[97.676524,17.199327],[97.674246,17.182969],[97.655284,17.173122],[97.652192,17.165229],[97.65089,17.155056],[97.65089,17.12641],[97.61321,17.055528],[97.609793,17.03502],[97.612641,17.01085],[97.637218,16.956488],[97.640066,16.932563],[97.634939,16.912665],[97.62794,16.893378],[97.616628,16.829291],[97.619151,16.818874],[97.629242,16.80211],[97.630382,16.791368],[97.624522,16.771186],[97.606619,16.729804],[97.603038,16.706366],[97.605398,16.684353],[97.61142,16.665391],[97.620209,16.648993],[97.656261,16.599962],[97.664236,16.585557],[97.673595,16.554958]]]}},{"type":"Feature","properties":{"dissolve":"15River","scalerank":1.0,"featurecla":"River","name":"Jinsha","name_alt":"Yangtze","rivernum":15,"note":null,"min_zoom":2.0,"name_en":"Yangtze","min_label":3.0},"bbox":[98.541515,25.972968,103.879975,31.689765],"geometry":{"type":"MultiLineString","coordinates":[[[98.541515,31.689765],[98.547781,31.684638],[98.553233,31.68126],[98.558523,31.677029],[98.563243,31.669298],[98.565684,31.66059],[98.568858,31.631781],[98.575694,31.615912],[98.591889,31.598741],[98.840831,31.396796],[98.864268,31.367703],[98.867442,31.364854],[98.884776,31.354031],[98.874278,31.341173],[98.830577,31.298285],[98.802745,31.257839],[98.781749,31.238959],[98.767589,31.230292],[98.761241,31.234198],[98.755951,31.244412],[98.731375,31.277899],[98.723643,31.285102],[98.713634,31.290961],[98.682546,31.315863],[98.66505,31.320502],[98.648936,31.316596],[98.637625,31.30919],[98.620942,31.288845],[98.611095,31.25613],[98.619884,31.187852],[98.603526,31.169623],[98.612804,31.164862],[98.638438,31.159735],[98.651378,31.155382],[98.692882,31.12462],[98.720876,31.066352],[98.726003,31.059638],[98.745046,31.040554],[98.764659,31.015082],[98.774913,31.007432],[98.796804,30.997097],[98.802745,30.990912],[98.805105,30.966254],[98.797862,30.940782],[98.786062,30.91824],[98.774913,30.902167],[98.787364,30.880805],[98.800792,30.867784],[98.8331,30.843533],[98.8803,30.793077],[98.898448,30.778632],[98.938243,30.760199],[98.954112,30.747829],[98.96046,30.727118],[98.952891,30.708116],[98.935964,30.700466],[98.91741,30.694892],[98.905284,30.68244],[98.90504,30.663682],[98.921886,30.623643],[98.92628,30.603868],[98.927257,30.593695],[98.93157,30.579454],[98.930919,30.500027],[98.932546,30.490587],[98.937999,30.485297],[98.947358,30.479112],[98.956391,30.471055],[98.96046,30.459906],[98.986501,30.144314],[99.029552,30.067898],[99.033946,30.055243],[99.036632,29.975531],[99.043224,29.944892],[99.056082,29.915229],[99.017345,29.853298],[99.0053,29.820014],[99.000662,29.784939],[99.00294,29.781033],[99.012218,29.773017],[99.014415,29.767849],[99.012625,29.764716],[99.003673,29.761583],[99.000662,29.756944],[98.98821,29.688585],[98.986501,29.650824],[98.991791,29.63463],[99.015229,29.604356],[99.023855,29.581488],[99.038585,29.567328],[99.04184,29.562364],[99.04184,29.52794],[99.058686,29.417996],[99.048595,29.387641],[99.058849,29.367051],[99.062755,29.34809],[99.062266,29.308214],[99.067149,29.296698],[99.089854,29.26671],[99.096446,29.250515],[99.10849,29.224148],[99.103933,29.092149],[99.120942,28.964626],[99.117442,28.921495],[99.09905,28.855984],[99.096446,28.835883],[99.100352,28.813503],[99.118663,28.77086],[99.124278,28.749579],[99.123546,28.738959],[99.118093,28.720079],[99.117442,28.708604],[99.120128,28.698513],[99.128673,28.677558],[99.130463,28.664578],[99.134858,28.654568],[99.154063,28.640652],[99.158376,28.630154],[99.160248,28.617133],[99.1692,28.602403],[99.17213,28.592597],[99.171641,28.582628],[99.166515,28.565009],[99.165294,28.554714],[99.175955,28.532172],[99.178803,28.523627],[99.180186,28.504706],[99.178233,28.482204],[99.17213,28.463324],[99.161794,28.45539],[99.162364,28.438056],[99.226654,28.339301],[99.244558,28.321804],[99.254975,28.314399],[99.264903,28.311387],[99.273448,28.307237],[99.274506,28.297471],[99.273204,28.2862],[99.274425,28.277208],[99.278412,28.274034],[99.293061,28.264716],[99.29892,28.259874],[99.30421,28.2508],[99.308442,28.240831],[99.314545,28.232774],[99.326671,28.229438],[99.339447,28.224066],[99.381277,28.184434],[99.388601,28.168077],[99.386485,28.139268],[99.398529,28.12641]],[[99.398529,28.119574],[99.391124,28.085313],[99.394542,28.042507],[99.405203,28.000515],[99.449962,27.906317],[99.457774,27.86876],[99.453868,27.832221],[99.446218,27.818712],[99.437511,27.809394],[99.431651,27.797716],[99.432872,27.776964],[99.441335,27.750027],[99.471446,27.689032],[99.480968,27.674628],[99.494151,27.659695],[99.514578,27.657538],[99.523041,27.653591],[99.518484,27.6435],[99.518647,27.637722],[99.522553,27.628241],[99.525401,27.616726],[99.521495,27.605048],[99.549815,27.588894],[99.560313,27.563259],[99.560069,27.534613],[99.555675,27.509467],[99.571707,27.500312],[99.586192,27.486925],[99.594168,27.472846],[99.589854,27.461697],[99.615815,27.421332],[99.64503,27.385932],[99.635916,27.350206],[99.653087,27.317694],[99.802419,27.195583],[99.947765,27.029486],[99.956391,27.009955],[99.960053,26.989366],[99.962576,26.920722],[99.966563,26.898708],[99.97405,26.886298],[99.989024,26.888983],[100.024669,26.919623],[100.039154,26.927273],[100.041026,26.931952],[100.063406,26.958279],[100.062429,26.992133],[100.063406,27.002997],[100.079112,27.045111],[100.084727,27.069119],[100.080089,27.087999],[100.067475,27.106798],[100.059011,27.12873],[100.056733,27.151638],[100.063406,27.173651],[100.075613,27.183661],[100.11614,27.208523],[100.129242,27.224677],[100.14796,27.243272],[100.155772,27.26085],[100.164154,27.267157],[100.173269,27.272244],[100.179454,27.276679],[100.237804,27.341864],[100.244558,27.361151],[100.236501,27.382025],[100.214285,27.413886],[100.211436,27.423285],[100.206716,27.454861],[100.194835,27.480292],[100.193126,27.485867],[100.193126,27.511013],[100.195323,27.52794],[100.203217,27.541938],[100.237641,27.576524],[100.244151,27.592556],[100.24822,27.607367],[100.263764,27.63113],[100.271251,27.652655],[100.278819,27.663398],[100.290131,27.675564],[100.295014,27.683539],[100.296316,27.690863],[100.296153,27.701239],[100.294851,27.711005],[100.289073,27.731024],[100.288666,27.742784],[100.300792,27.768622],[100.302989,27.780382],[100.296153,27.821357],[100.299571,27.832099],[100.307221,27.832221],[100.323416,27.824774],[100.334402,27.824042],[100.339936,27.82453],[100.378673,27.841864],[100.388194,27.844794],[100.402273,27.845893],[100.420339,27.838487],[100.429698,27.820624],[100.433197,27.798041],[100.432384,27.749457],[100.433197,27.742784],[100.45045,27.704657],[100.461843,27.688096],[100.464936,27.670681],[100.443777,27.538398],[100.448822,27.498969],[100.481049,27.468533],[100.527599,27.452826],[100.542979,27.438788],[100.524425,27.400499],[100.522716,27.376654],[100.528819,27.331326],[100.545909,27.284451],[100.552419,27.255479],[100.546641,27.24254],[100.543712,27.238308],[100.54184,27.228868],[100.538829,27.21955],[100.532644,27.215277],[100.521414,27.211371],[100.503184,27.193386],[100.494721,27.187934],[100.482595,27.187201],[100.45045,27.194159],[100.437592,27.190985],[100.433849,27.183905],[100.436615,27.176825],[100.443614,27.173651],[100.466075,27.166083],[100.486257,27.147488],[100.497081,27.124132],[100.49171,27.102322],[100.486257,27.092841],[100.474294,27.057644],[100.453868,27.0303],[100.453543,27.008897],[100.458263,26.980658],[100.46575,26.953315],[100.474294,26.934678],[100.464773,26.922919],[100.458263,26.905341],[100.454845,26.885199],[100.454194,26.843858],[100.451915,26.826443],[100.441173,26.814765],[100.415945,26.810574],[100.398204,26.803819],[100.393972,26.787177],[100.398529,26.746039],[100.40089,26.74018],[100.410655,26.730902],[100.412852,26.724921],[100.411713,26.719062],[100.409434,26.716254],[100.407156,26.714464],[100.405935,26.711534],[100.407807,26.69949],[100.418956,26.674018],[100.419526,26.663926],[100.41741,26.650417],[100.418956,26.639228],[100.421641,26.635443],[100.431244,26.626329],[100.433197,26.625596],[100.432628,26.619412],[100.427419,26.608751],[100.426524,26.605089],[100.426524,26.519477],[100.430756,26.499132],[100.449474,26.465277],[100.460704,26.403388],[100.454845,26.391547],[100.444835,26.3817],[100.440847,26.373074],[100.453868,26.364936],[100.439952,26.344997],[100.426524,26.333686],[100.41684,26.321845],[100.412852,26.300076],[100.41505,26.294786],[100.419688,26.289903],[100.424327,26.28323],[100.428966,26.262559],[100.447032,26.227729],[100.473725,26.214952],[100.547944,26.229438],[100.584239,26.221503],[100.589692,26.215928],[100.593272,26.210232],[100.599294,26.205024],[100.612071,26.201036],[100.618337,26.204128],[100.625987,26.210517],[100.635671,26.213162],[100.667735,26.191677],[100.687918,26.190131],[100.734386,26.1942],[100.774913,26.184149],[100.793875,26.184638],[100.813243,26.197618],[100.83074,26.206],[100.84962,26.200507],[100.885834,26.180528],[100.890554,26.178738],[100.895763,26.175605],[100.900971,26.171454],[100.905772,26.166287],[100.925955,26.186876],[100.949474,26.22663],[100.987804,26.269721],[101.000011,26.27912],[101.026134,26.287177],[101.045828,26.305487],[101.053722,26.309638],[101.080496,26.31627],[101.125662,26.345282],[101.170665,26.355089],[101.191173,26.369208],[101.201101,26.372382],[101.217377,26.369086],[101.228608,26.363878],[101.239675,26.362982],[101.255056,26.372382],[101.279714,26.36994],[101.369721,26.379503],[101.403331,26.392157],[101.422944,26.393093],[101.427013,26.396552],[101.429861,26.400702],[101.471772,26.445583],[101.476329,26.461046],[101.457774,26.467963],[101.451915,26.471625],[101.454845,26.479804],[101.464366,26.492133],[101.464366,26.498155],[101.450857,26.511908],[101.44752,26.519477],[101.452729,26.531195],[101.488455,26.57038],[101.518484,26.590644],[101.552338,26.593573],[101.587006,26.591864],[101.618907,26.598253],[101.631765,26.582302],[101.638601,26.576199],[101.646658,26.57038],[101.652354,26.589952],[101.660492,26.586249],[101.670421,26.573025],[101.680919,26.564154],[101.697846,26.564805],[101.705089,26.573065],[101.708588,26.583686],[101.715017,26.591417],[101.723074,26.594306],[101.730886,26.59516],[101.738455,26.593288],[101.745697,26.587999],[101.754975,26.583319],[101.762218,26.587104],[101.768647,26.594021],[101.77589,26.598253],[101.805675,26.601426],[101.817556,26.598904],[101.830577,26.591417],[101.845876,26.571885],[101.88616,26.474636],[101.892833,26.462266],[101.901134,26.45128],[101.913097,26.44123],[101.931895,26.428778],[101.94044,26.421739],[101.947765,26.413357],[101.94101,26.398749],[101.939138,26.381212],[101.941742,26.326972],[101.94044,26.317165],[101.928315,26.289659],[101.926768,26.279568],[101.921397,26.265652],[101.911225,26.251532],[101.904389,26.23782],[101.909679,26.224636],[101.917247,26.210517],[101.908295,26.201199],[101.878917,26.186794],[101.857026,26.169013],[101.844737,26.13935],[101.839122,26.103583],[101.837901,26.067328],[101.839122,26.059841],[101.843761,26.042304],[101.844737,26.032823],[101.842052,26.022284],[101.831147,26.006049],[101.830577,25.994981],[101.838796,25.98253],[101.854747,25.975409],[101.874115,25.972968],[101.892589,25.974473],[101.940033,25.992214],[101.957774,25.994981],[102.017833,25.98668],[102.046886,25.996039],[102.065359,25.995876],[102.083995,25.999579],[102.098643,26.015448],[102.102061,26.034451],[102.100841,26.053738],[102.10198,26.071112],[102.112315,26.084337],[102.117605,26.096259],[102.130382,26.114814],[102.145437,26.132107],[102.222179,26.186794],[102.231944,26.197781],[102.24114,26.214057],[102.25172,26.228787],[102.266612,26.235175],[102.289806,26.237087],[102.314545,26.24254],[102.338308,26.251166],[102.358165,26.262519],[102.375092,26.280463],[102.386648,26.298204],[102.40032,26.311713],[102.423839,26.317165],[102.4463,26.318549],[102.464854,26.322618],[102.502615,26.337592],[102.55421,26.373114],[102.567882,26.378526],[102.584727,26.374945],[102.602794,26.366238],[102.617931,26.355251],[102.626231,26.345038],[102.623139,26.318671],[102.61142,26.286892],[102.60963,26.260118],[102.646576,26.244574],[102.667491,26.225775],[102.680919,26.221503],[102.698741,26.223456],[102.710867,26.228949],[102.720144,26.237576],[102.766775,26.293321],[102.791026,26.310329],[102.821788,26.317165],[102.845225,26.327094],[102.87794,26.365017],[102.893077,26.364936],[102.891775,26.355292],[102.908376,26.349229],[102.951182,26.345038],[102.971609,26.350857],[102.988292,26.365098],[102.999278,26.383124],[103.00294,26.400255],[103.000499,26.410346],[102.991303,26.430528],[102.989268,26.44123],[102.991303,26.44599],[103.000662,26.456855],[103.00294,26.461127],[103.002371,26.468533],[102.996755,26.47956],[102.995535,26.485378],[102.999766,26.495795],[103.009939,26.500678],[103.022553,26.502061],[103.033702,26.502061],[103.038666,26.506171],[103.053233,26.527045],[103.057628,26.5362],[103.057709,26.557196],[103.047862,26.57038],[103.036062,26.582831],[103.030284,26.601671],[103.030935,26.643866],[103.029226,26.661811],[103.023448,26.680243],[103.011974,26.703721],[103.009207,26.714952],[103.006602,26.738634],[103.003917,26.750759],[102.999278,26.755927],[102.992279,26.765815],[102.975108,26.831081],[102.953054,26.86164],[102.924734,26.892117],[102.901134,26.924628],[102.893077,26.961371],[102.900483,26.992458],[102.899343,27.002997],[102.895518,27.00849],[102.8838,27.017768],[102.879975,27.023464],[102.87794,27.031846],[102.878184,27.035712],[102.879405,27.039374],[102.879975,27.04739],[102.884776,27.06623],[102.906505,27.097764],[102.913585,27.11225],[102.915457,27.134345],[102.903575,27.221625],[102.889578,27.256619],[102.886241,27.276679],[102.889252,27.291368],[102.906993,27.333686],[102.929454,27.367133],[102.941905,27.405097],[102.9546,27.420722],[102.966319,27.398993],[102.977061,27.38878],[102.991222,27.385932],[103.012787,27.385932],[103.019054,27.389106],[103.037852,27.403266],[103.04713,27.40644],[103.070811,27.408149],[103.083507,27.410468],[103.092296,27.413886],[103.106375,27.408474],[103.120616,27.412177],[103.134288,27.421902],[103.146983,27.434353],[103.150076,27.473171],[103.160167,27.497138],[103.217865,27.566759],[103.228933,27.573513],[103.249441,27.577704],[103.28476,27.580756],[103.295909,27.587755],[103.304698,27.605048],[103.285737,27.633612],[103.28419,27.640448],[103.290701,27.646064],[103.313487,27.654853],[103.318289,27.663398],[103.326752,27.673529],[103.414561,27.742784],[103.444021,27.755561],[103.451427,27.759874],[103.454682,27.768663],[103.456065,27.781277],[103.458507,27.792548],[103.465017,27.797431],[103.476573,27.799872],[103.479015,27.80626],[103.478608,27.81505],[103.482188,27.824774],[103.503022,27.849677],[103.508311,27.864447],[103.510916,27.93004],[103.518565,27.94538],[103.536713,27.96129],[103.555431,27.970242],[103.562755,27.97545],[103.564708,27.983018],[103.560069,27.98786],[103.550792,27.98786],[103.540945,27.984442],[103.533702,27.979315],[103.513927,27.971381],[103.50172,27.99197],[103.489024,28.037665],[103.474539,28.039822],[103.456391,28.037136],[103.440929,28.042304],[103.434255,28.068061],[103.436046,28.075792],[103.440115,28.083319],[103.445567,28.090196],[103.451427,28.096015],[103.456472,28.105251],[103.452647,28.123887],[103.454845,28.133857],[103.458914,28.134711],[103.538178,28.184434],[103.551524,28.206122],[103.562022,28.229275],[103.571544,28.243109],[103.58074,28.246365],[103.602468,28.247748],[103.612641,28.249945],[103.619395,28.254747],[103.626231,28.261583],[103.634044,28.267768],[103.643565,28.270453],[103.666026,28.26321],[103.683442,28.246649],[103.697032,28.228339],[103.708751,28.215766],[103.722097,28.21544],[103.749278,28.242743],[103.788992,28.255479],[103.879975,28.325629],[103.870128,28.343777],[103.859467,28.400743],[103.8213,28.484809],[103.796804,28.525336],[103.794932,28.531073],[103.804861,28.551581],[103.828217,28.587429],[103.836436,28.604844],[103.832286,28.620469],[103.841563,28.636257],[103.845144,28.653591],[103.850678,28.668036]]]}},{"type":"Feature","properties":{"dissolve":"306River","scalerank":6.0,"featurecla":"River","name":"Hong","name_alt":"Red","rivernum":306,"note":null,"min_zoom":5.0,"name_en":"Red","min_label":6.0},"bbox":[100.182872,20.283149,106.500987,25.443183],"geometry":{"type":"MultiLineString","coordinates":[[[106.500987,20.299506],[106.492442,20.290229],[106.486827,20.286404],[106.480886,20.284125],[106.47462,20.283149],[106.461681,20.283271],[106.455089,20.284491],[106.449799,20.287218],[106.409434,20.31627],[106.394542,20.332953],[106.386241,20.34044],[106.354503,20.355536],[106.349132,20.364529],[106.334239,20.365587],[106.322765,20.360704],[106.302013,20.341417],[106.29127,20.334174],[106.278087,20.329535],[106.267345,20.331488],[106.263927,20.344062],[106.268077,20.356879],[106.274669,20.367458],[106.279796,20.378445],[106.279307,20.392524],[106.271983,20.406073],[106.261322,20.410956],[106.233653,20.409613],[106.21933,20.413601],[106.213878,20.424343],[106.213878,20.438585],[106.217865,20.461249],[106.217459,20.468533],[106.214447,20.47488],[106.208018,20.480089],[106.201671,20.48253],[106.195323,20.484198],[106.189464,20.486436],[106.184093,20.49079],[106.177419,20.50373],[106.171967,20.532579],[106.167572,20.546332],[106.158214,20.557929],[106.136485,20.575222],[106.129975,20.58869],[106.127615,20.616807],[106.125011,20.625067],[106.112071,20.631537],[106.076182,20.615058],[106.059255,20.616563],[106.053396,20.622341],[106.031261,20.653428],[106.026785,20.663194],[106.024913,20.673651],[106.027192,20.684597],[106.030935,20.693956],[106.032725,20.70185],[106.029877,20.708035],[106.02003,20.712348],[105.990489,20.714138],[105.981049,20.717108],[105.968272,20.731716],[105.964366,20.77086],[105.955984,20.786729],[105.947276,20.791124],[105.928233,20.795844],[105.920014,20.801296],[105.914806,20.809597],[105.91212,20.819403],[105.911143,20.829698],[105.911388,20.839626],[105.916515,20.855902],[105.923595,20.872138],[105.924571,20.886664],[105.910248,20.897773],[105.901134,20.901964],[105.896088,20.907172],[105.89503,20.914333],[105.899343,20.933865],[105.895925,20.938585],[105.890147,20.942654],[105.884532,20.949815],[105.885509,20.966742],[105.89503,20.983954],[105.90089,21.000434],[105.890717,21.015408],[105.859467,21.030585],[105.851085,21.039659],[105.846934,21.049872],[105.841075,21.070828],[105.834076,21.079128],[105.82252,21.085639],[105.748953,21.109198],[105.73821,21.113959],[105.708507,21.136786],[105.669932,21.157538],[105.656342,21.160468],[105.514089,21.167426],[105.50351,21.169501],[105.494233,21.173651],[105.477143,21.185858],[105.465343,21.196723],[105.455577,21.208523],[105.439871,21.235907],[105.433849,21.252509],[105.425873,21.29206],[105.41448,21.307156],[105.394949,21.31155],[105.373546,21.308946],[105.353526,21.301337],[105.348399,21.29206],[105.336192,21.265815],[105.329275,21.260362],[105.312022,21.259345],[105.302989,21.260932],[105.291515,21.266628],[105.268077,21.284003],[105.264171,21.290798],[105.266368,21.299831],[105.275645,21.309027],[105.277843,21.318386],[105.274669,21.333604],[105.258311,21.377305],[105.250499,21.390082],[105.224539,21.405056],[105.214854,21.3935],[105.211681,21.373481],[105.20574,21.36282],[105.200694,21.357733],[105.200857,21.347602],[105.199474,21.339911],[105.188487,21.342312],[105.183116,21.34809],[105.175385,21.37641],[105.158783,21.403998],[105.137136,21.43183],[105.086681,21.480089],[105.057384,21.496527],[105.048839,21.503038],[104.962169,21.603135],[104.953298,21.609687],[104.94337,21.614285],[104.93214,21.616034],[104.922781,21.615302],[104.920095,21.615546],[104.92099,21.620307],[104.92213,21.633409],[104.924897,21.640896],[104.930756,21.643907],[104.935557,21.647813],[104.935151,21.657579],[104.93157,21.665107],[104.926524,21.669745],[104.920828,21.673367],[104.914643,21.678087],[104.905854,21.69127],[104.90032,21.696479],[104.890717,21.698554],[104.88795,21.697455],[104.885916,21.695136],[104.883311,21.692816],[104.877452,21.691718],[104.874034,21.693874],[104.874522,21.703233],[104.870616,21.70539],[104.863048,21.707709],[104.856456,21.713162],[104.846446,21.725898],[104.812266,21.75377],[104.803396,21.763129],[104.804128,21.766466],[104.804779,21.777696],[104.803315,21.786689],[104.798839,21.791856],[104.791515,21.794257],[104.781261,21.794786],[104.7671,21.799587],[104.7553,21.810981],[104.736501,21.835761],[104.645518,21.904568],[104.640391,21.925116],[104.627615,21.923407],[104.624929,21.921983],[104.620535,21.91767],[104.59433,21.938096],[104.587413,21.949327],[104.592459,21.959255],[104.493337,22.039089],[104.490245,22.044623],[104.48642,22.044542],[104.471446,22.06448],[104.469656,22.068468],[104.421479,22.098456],[104.407644,22.109483],[104.384044,22.140489],[104.36964,22.152655],[104.364268,22.159695],[104.359793,22.171495],[104.352957,22.171495],[104.341807,22.16474],[104.33253,22.17532],[104.318858,22.205024],[104.308116,22.215277],[104.271007,22.240424],[104.264578,22.247748],[104.255626,22.261786],[104.249929,22.267768],[104.243663,22.271593],[104.230561,22.276964],[104.222667,22.281358],[104.180756,22.316026],[104.137706,22.36164],[104.126964,22.370185],[104.099132,22.383816],[104.051768,22.42414],[103.988048,22.475775],[103.977061,22.487657],[103.96933,22.500515],[103.959239,22.50727],[103.950613,22.516669],[103.940359,22.524848],[103.925141,22.528428],[103.91684,22.533474],[103.902354,22.558783],[103.894216,22.569403],[103.888194,22.571967],[103.872162,22.573798],[103.866303,22.575629],[103.843842,22.599473],[103.835948,22.602891],[103.829519,22.609402],[103.809255,22.638983],[103.804861,22.647569],[103.793956,22.659613],[103.726085,22.716498],[103.658214,22.793484],[103.646576,22.799262],[103.605398,22.837836],[103.592052,22.847724],[103.590343,22.850165],[103.589936,22.853624],[103.588878,22.857489],[103.585867,22.860704],[103.581065,22.861355],[103.568858,22.859646],[103.564708,22.860704],[103.557546,22.868476],[103.5442,22.888699],[103.519542,22.910509],[103.461843,22.943142],[103.417979,22.977566],[103.390147,22.9914],[103.36085,23.014268],[103.328543,23.032538],[103.287852,23.061632],[103.174327,23.108425],[103.132904,23.117865],[103.09547,23.122097],[103.084402,23.12462],[103.076182,23.130642],[103.064464,23.141913],[103.023448,23.156195],[102.975597,23.186347],[102.948416,23.192979],[102.940684,23.199164],[102.933849,23.206],[102.927257,23.210801],[102.918224,23.212958],[102.912039,23.212022],[102.906261,23.210517],[102.899343,23.210801],[102.891205,23.214138],[102.884532,23.218451],[102.875987,23.222235],[102.862722,23.223822],[102.854584,23.228217],[102.848399,23.247423],[102.836681,23.255316],[102.82545,23.279079],[102.81894,23.284451],[102.779226,23.299872],[102.761974,23.303982],[102.725597,23.306423],[102.714366,23.304145],[102.698009,23.294542],[102.687755,23.292751],[102.685069,23.294542],[102.600841,23.327826],[102.591563,23.337429],[102.586843,23.340684],[102.557221,23.347357],[102.54127,23.354193],[102.506765,23.379584],[102.499278,23.382107],[102.476329,23.377061],[102.466075,23.377387],[102.461843,23.385525],[102.450857,23.394639],[102.425873,23.39704],[102.379242,23.39643],[102.342377,23.405219],[102.307628,23.418809],[102.249522,23.450385],[102.208995,23.464057],[102.168386,23.46894],[102.135753,23.480536],[102.119151,23.514106],[102.10434,23.537869],[102.078298,23.552598],[102.02296,23.576768],[101.996674,23.59809],[101.986257,23.612087],[101.977794,23.642768],[101.967296,23.647528],[101.953705,23.648383],[101.94044,23.651923],[101.930919,23.659491],[101.910167,23.682644],[101.901541,23.699286],[101.891043,23.705756],[101.878429,23.710883],[101.868663,23.716742],[101.830577,23.754259],[101.827891,23.755927],[101.819835,23.759223],[101.816905,23.761094],[101.813487,23.76671],[101.812511,23.777615],[101.810639,23.782253],[101.804291,23.787299],[101.797537,23.790798],[101.79241,23.795925],[101.790131,23.805772],[101.786713,23.814968],[101.778575,23.827582],[101.768565,23.838813],[101.759776,23.843695],[101.750662,23.850898],[101.72877,23.898261],[101.717296,23.913764],[101.698009,23.911933],[101.693289,23.915391],[101.687511,23.923692],[101.682872,23.933865],[101.680919,23.942694],[101.674815,23.957709],[101.577403,24.081895],[101.571056,24.117377],[101.562999,24.126532],[101.551768,24.134101],[101.529389,24.144721],[101.529389,24.152167],[101.533621,24.163642],[101.509776,24.186876],[101.502859,24.20307],[101.500255,24.217719],[101.466319,24.319363],[101.450694,24.348212],[101.445811,24.385118],[101.440684,24.398546],[101.435069,24.401964],[101.409272,24.412869],[101.401378,24.417589],[101.397227,24.428656],[101.394054,24.441107],[101.389171,24.450059],[101.377615,24.462226],[101.318858,24.540961],[101.308116,24.545478],[101.303396,24.525824],[101.298839,24.51557],[101.287852,24.509467],[101.274343,24.507148],[101.262625,24.508409],[101.257335,24.512641],[101.247813,24.528144],[101.241466,24.535102],[101.231212,24.537055],[101.2199,24.535102],[101.210948,24.537624],[101.207286,24.552802],[101.203136,24.558417],[101.184825,24.568061],[101.180675,24.572943],[101.178722,24.584662],[101.174083,24.592068],[101.132253,24.624538],[101.12672,24.635321],[101.120209,24.660427],[101.115245,24.669216],[101.08782,24.696845],[101.041921,24.730048],[100.949474,24.835476],[100.914561,24.901394],[100.90919,24.908759],[100.904307,24.911811],[100.898529,24.913764],[100.893972,24.916693],[100.8921,24.922431],[100.894135,24.928168],[100.89796,24.932929],[100.899832,24.93769],[100.895763,24.943549],[100.866466,24.965603],[100.857921,24.973944],[100.85255,24.982123],[100.844493,25.00019],[100.837413,25.008734],[100.818858,25.025458],[100.808035,25.027411],[100.803233,25.011786],[100.799083,25.00849],[100.780284,25.002143],[100.770763,24.994696],[100.758556,24.990424],[100.744721,24.987413],[100.734386,24.987616],[100.729747,24.992011],[100.720632,25.008572],[100.713878,25.014919],[100.695079,25.019843],[100.650808,25.024359],[100.635671,25.032294],[100.616954,25.051622],[100.598237,25.064643],[100.578624,25.072618],[100.556895,25.076972],[100.521088,25.080146],[100.498627,25.087104],[100.488455,25.100531],[100.405935,25.111151],[100.366628,25.122097],[100.350515,25.132514],[100.344005,25.148708],[100.34075,25.174262],[100.33196,25.195502],[100.302989,25.234646],[100.28297,25.266872],[100.234793,25.385443],[100.225352,25.400702],[100.182872,25.443183]]]}},{"type":"Feature","properties":{"dissolve":"386Lake Centerline","scalerank":7.0,"featurecla":"Lake Centerline","name":"Mae Klong","name_alt":null,"rivernum":386,"note":null,"min_zoom":6.0,"name_en":"Mae Klong","min_label":7.0},"bbox":[99.033295,14.410509,99.149343,15.043647],"geometry":{"type":"MultiLineString","coordinates":[[[99.039154,15.043647],[99.045828,15.032742],[99.059825,15.015652],[99.074148,15.003607],[99.084565,14.989081],[99.091319,14.966376],[99.102957,14.941107],[99.108653,14.922553],[99.089692,14.906358],[99.068777,14.890652],[99.061534,14.874864],[99.053152,14.858588],[99.043224,14.843533],[99.037527,14.82628],[99.036632,14.81037],[99.037039,14.788438],[99.033295,14.764024],[99.033621,14.741726],[99.04005,14.714423],[99.049897,14.573676],[99.062266,14.531521],[99.0796,14.494208],[99.098643,14.469428],[99.139903,14.423122],[99.149343,14.410509]]]}},{"type":"Feature","properties":{"dissolve":"386River","scalerank":7.0,"featurecla":"River","name":"Mae Klong","name_alt":null,"rivernum":386,"note":null,"min_zoom":6.0,"name_en":"Mae Klong","min_label":7.0},"bbox":[98.809011,13.372016,100.001394,16.175645],"geometry":{"type":"MultiLineString","coordinates":[[[98.891612,16.175645],[98.88795,16.103827],[98.880951,16.093126],[98.867686,16.086941],[98.856049,16.071316],[98.851085,16.051134],[98.857432,16.031073],[98.835948,16.01911],[98.823416,16.007921],[98.817882,15.993842],[98.816417,15.973009],[98.82366,15.906114],[98.829519,15.887722],[98.850352,15.859971],[98.857595,15.841498],[98.846772,15.833075],[98.839122,15.82213],[98.809011,15.764187],[98.810313,15.74905],[98.820323,15.714138],[98.822683,15.692165],[98.828868,15.67711],[98.882498,15.610867],[98.89446,15.59044],[98.897065,15.572943],[98.8331,15.539252],[98.822683,15.531358],[98.816905,15.515977],[98.820079,15.501003],[98.826182,15.484931],[98.832774,15.447781],[98.841075,15.434678],[98.864268,15.41474],[98.887706,15.384223],[98.899669,15.362576],[98.89503,15.352647],[98.885916,15.343777],[98.89088,15.32331],[98.902273,15.300401],[98.912608,15.284369],[98.901541,15.273871],[98.903575,15.26142],[98.918875,15.229763],[98.920828,15.211046],[98.920095,15.193386],[98.922374,15.176622],[98.932546,15.160834],[98.939138,15.158515],[98.959483,15.156562],[98.965912,15.154079],[98.969005,15.147325],[98.97405,15.1199],[98.985037,15.096747],[98.991954,15.08747],[99.039154,15.043647]],[[99.149343,14.410509],[99.153087,14.408515],[99.154552,14.404608],[99.155528,14.399359],[99.158376,14.393663],[99.160574,14.388129],[99.16269,14.372504],[99.165294,14.3664],[99.171397,14.361396],[99.187022,14.35574],[99.192475,14.352118],[99.208588,14.322211],[99.216807,14.317939],[99.22462,14.305447],[99.239513,14.246934],[99.247813,14.229193],[99.238455,14.21369],[99.245046,14.198188],[99.258881,14.186143],[99.271414,14.181423],[99.276541,14.178249],[99.287039,14.16413],[99.292084,14.160956],[99.329845,14.146674],[99.340587,14.140652],[99.360362,14.125922],[99.371349,14.11994],[99.407237,14.113064],[99.416026,14.109158],[99.431651,14.095038],[99.437429,14.08629],[99.439708,14.074978],[99.445404,14.064276],[99.458507,14.062038],[99.480561,14.064724],[99.48406,14.065985],[99.489268,14.069281],[99.495209,14.072048],[99.50172,14.07156],[99.502452,14.068061],[99.500987,14.054877],[99.50172,14.051093],[99.523367,14.034288],[99.527761,14.034003],[99.535492,14.016547],[99.554128,13.998847],[99.576915,13.984076],[99.59726,13.975369],[99.628347,13.971788],[99.637625,13.969102],[99.64446,13.963324],[99.661388,13.945095],[99.668956,13.94123],[99.741222,13.948676],[99.746186,13.951687],[99.750255,13.957099],[99.755056,13.961493],[99.761729,13.961697],[99.766531,13.957343],[99.767345,13.951728],[99.765147,13.947862],[99.761729,13.948676],[99.76588,13.942572],[99.775401,13.920722],[99.796641,13.89643],[99.823253,13.872911],[99.868175,13.846951],[99.877859,13.831977],[99.880382,13.810899],[99.874278,13.789862],[99.851085,13.749376],[99.856863,13.74079],[99.86378,13.724229],[99.865245,13.708197],[99.854503,13.700995],[99.838878,13.696072],[99.832042,13.683539],[99.830496,13.6671],[99.830577,13.650417],[99.827159,13.641303],[99.812022,13.617621],[99.809581,13.606024],[99.813243,13.600287],[99.827566,13.592963],[99.830577,13.58865],[99.829275,13.563544],[99.830577,13.557644],[99.838634,13.550808],[99.868907,13.533718],[99.881847,13.530341],[99.902843,13.531033],[99.910167,13.52619],[99.922862,13.512966],[99.956147,13.449327],[99.977061,13.42121],[100.001394,13.420478],[99.997813,13.395372],[99.997976,13.383734],[100.001394,13.372016]]]}},{"type":"Feature","properties":{"dissolve":"387Lake Centerline","scalerank":7.0,"featurecla":"Lake Centerline","name":"Yom","name_alt":null,"rivernum":387,"note":null,"min_zoom":6.0,"name_en":"Yom","min_label":7.0},"bbox":[100.470714,17.776557,100.612641,18.039659],"geometry":{"type":"MultiLineString","coordinates":[[[100.612641,18.039659],[100.590587,18.035997],[100.568451,18.027167],[100.544932,18.012763],[100.526296,17.997382],[100.48585,17.937527],[100.474132,17.910509],[100.470714,17.886908],[100.487804,17.863349],[100.511485,17.844265],[100.524994,17.826117],[100.540131,17.796739],[100.55185,17.776557]]]}},{"type":"Feature","properties":{"dissolve":"387River","scalerank":7.0,"featurecla":"River","name":"Yom","name_alt":null,"rivernum":387,"note":null,"min_zoom":6.0,"name_en":"Yom","min_label":7.0},"bbox":[100.063406,15.70657,101.180675,19.554063],"geometry":{"type":"MultiLineString","coordinates":[[[101.180675,19.327582],[101.172862,19.34394],[101.16212,19.415066],[101.152354,19.446153],[101.111827,19.513129],[101.101085,19.523993],[101.074962,19.541612],[101.063975,19.554063],[101.05714,19.554063],[101.046886,19.541124],[101.027436,19.524726],[101.005626,19.516181],[100.98821,19.526801],[100.981375,19.526801],[100.972667,19.517157],[100.962576,19.515489],[100.932384,19.521064],[100.926524,19.524237],[100.921641,19.525906],[100.91627,19.523017],[100.887706,19.499701],[100.879812,19.485704],[100.87379,19.469794],[100.871511,19.457872],[100.875255,19.444281],[100.881358,19.431016],[100.883556,19.420925],[100.854015,19.404893],[100.846283,19.376899],[100.846934,19.344794],[100.854503,19.292182],[100.850352,19.263943],[100.837901,19.240098],[100.816335,19.225165],[100.816335,19.217719],[100.823822,19.214382],[100.829194,19.208564],[100.837413,19.190985],[100.821788,19.182563],[100.814545,19.17296],[100.809011,19.125067],[100.789643,19.073676],[100.787527,19.055243],[100.789643,19.012234],[100.776541,18.960069],[100.775971,18.943956],[100.780365,18.925808],[100.788666,18.909044],[100.799083,18.894314],[100.810069,18.881903],[100.819428,18.878241],[100.828054,18.880805],[100.834239,18.880439],[100.837413,18.868232],[100.810069,18.848334],[100.805186,18.833197],[100.800548,18.795193],[100.795909,18.779486],[100.77589,18.75373],[100.768891,18.736884],[100.775971,18.724229],[100.768484,18.720811],[100.761648,18.716824],[100.762299,18.71247],[100.763113,18.711615],[100.764903,18.711778],[100.768484,18.710557],[100.762787,18.699897],[100.763682,18.689561],[100.768891,18.679551],[100.775971,18.670233],[100.761648,18.662787],[100.771902,18.657904],[100.775971,18.656562],[100.762706,18.641303],[100.767589,18.594509],[100.761648,18.573432],[100.766043,18.572089],[100.769135,18.570624],[100.771495,18.568956],[100.77296,18.567165],[100.774099,18.563056],[100.774506,18.552924],[100.775971,18.546698],[100.795909,18.508857],[100.80128,18.502997],[100.825125,18.49787],[100.830577,18.4949],[100.834239,18.460517],[100.837413,18.450507],[100.853038,18.422146],[100.862397,18.399522],[100.861339,18.389024],[100.874929,18.3817],[100.887787,18.364285],[100.896983,18.343858],[100.899506,18.327582],[100.890554,18.308661],[100.863455,18.293565],[100.857921,18.276068],[100.85377,18.253933],[100.844168,18.239529],[100.832774,18.226915],[100.823741,18.210313],[100.819835,18.188422],[100.819753,18.169949],[100.817393,18.153632],[100.806651,18.138292],[100.703298,18.050401],[100.673106,18.037665],[100.645518,18.046454],[100.637462,18.042182],[100.627859,18.040554],[100.612641,18.039659]],[[100.55185,17.776557],[100.555675,17.770819],[100.560476,17.766791],[100.566824,17.765245],[100.567393,17.759467],[100.551362,17.74726],[100.532156,17.736274],[100.522716,17.734239],[100.5053,17.718777],[100.467296,17.706814],[100.431163,17.705878],[100.418956,17.7237],[100.412852,17.7237],[100.405528,17.713894],[100.397227,17.711249],[100.38974,17.714911],[100.384858,17.7237],[100.371104,17.695583],[100.351329,17.680203],[100.255382,17.644151],[100.237804,17.641791],[100.227631,17.643337],[100.222585,17.648017],[100.220714,17.655463],[100.22047,17.665635],[100.216889,17.666693],[100.193126,17.669053],[100.147472,17.655829],[100.126394,17.64586],[100.117442,17.631171],[100.114513,17.627468],[100.108409,17.622138],[100.103608,17.613796],[100.104421,17.600775],[100.109793,17.596137],[100.138601,17.580268],[100.131114,17.559841],[100.127208,17.562567],[100.117442,17.567247],[100.113455,17.549506],[100.116628,17.536933],[100.122081,17.523139],[100.12794,17.481147],[100.139171,17.444363],[100.138601,17.429511],[100.132335,17.421658],[100.124604,17.420193],[100.116954,17.419949],[100.110606,17.415839],[100.110444,17.406928],[100.115733,17.398057],[100.117686,17.391221],[100.107514,17.388495],[100.086355,17.37698],[100.080089,17.374823],[100.072358,17.369737],[100.069428,17.357774],[100.070242,17.333279],[100.073822,17.314154],[100.087169,17.283962],[100.090017,17.268744],[100.084727,17.251003],[100.07366,17.237901],[100.063975,17.223741],[100.063406,17.202948],[100.077566,17.172471],[100.101654,17.143663],[100.166596,17.084988],[100.177257,17.070258],[100.180268,17.056749],[100.165131,17.052069],[100.165131,17.045925],[100.176687,17.041449],[100.199962,17.024766],[100.199962,17.018581],[100.18629,17.018581],[100.18629,17.011094],[100.201182,17.001492],[100.208018,16.988227],[100.212576,16.972846],[100.22047,16.956488],[100.206716,16.956488],[100.206716,16.949734],[100.217459,16.943956],[100.218842,16.934516],[100.217703,16.922431],[100.22047,16.908718],[100.224132,16.906317],[100.237641,16.902615],[100.240896,16.901231],[100.248464,16.874579],[100.247813,16.869656],[100.243582,16.866238],[100.239757,16.861884],[100.240896,16.854071],[100.258067,16.848456],[100.261974,16.846625],[100.268484,16.838324],[100.27239,16.830878],[100.272878,16.822943],[100.268891,16.813096],[100.259369,16.804958],[100.248546,16.803412],[100.237234,16.803249],[100.227306,16.798896],[100.217703,16.786933],[100.216889,16.777696],[100.237804,16.74018],[100.282481,16.682807],[100.277273,16.67418],[100.274994,16.669135],[100.268891,16.669135],[100.254893,16.676622],[100.253917,16.66059],[100.261974,16.624457],[100.260834,16.612982],[100.255789,16.593573],[100.254649,16.583523],[100.256114,16.572211],[100.261974,16.550889],[100.261974,16.538153],[100.271495,16.542548],[100.274994,16.544989],[100.279307,16.539171],[100.281505,16.53266],[100.282481,16.514594],[100.286713,16.510118],[100.296153,16.51142],[100.305593,16.516059],[100.313975,16.525743],[100.322846,16.524685],[100.332123,16.521104],[100.337169,16.518337],[100.339122,16.509711],[100.336518,16.486843],[100.337169,16.477362],[100.344656,16.461859],[100.381847,16.418728],[100.390391,16.403022],[100.388438,16.38935],[100.384044,16.373969],[100.384858,16.353217],[100.388927,16.35102],[100.396007,16.351182],[100.402924,16.348253],[100.408132,16.326361],[100.417003,16.307969],[100.418956,16.302029],[100.425873,16.250515],[100.426524,16.230292],[100.423595,16.210273],[100.414643,16.181912],[100.402761,16.110948],[100.405935,16.099921],[100.405935,16.093126],[100.388764,16.067694],[100.375255,16.037787],[100.356456,16.009792],[100.323416,15.990098],[100.327403,15.980821],[100.320567,15.969835],[100.302989,15.949164],[100.299815,15.937323],[100.296153,15.897284],[100.288666,15.889716],[100.25587,15.875027],[100.248464,15.863796],[100.250987,15.835761],[100.247488,15.825629],[100.234793,15.818793],[100.236746,15.815985],[100.237234,15.814887],[100.238048,15.814032],[100.240896,15.811957],[100.240896,15.805732],[100.23821,15.8039],[100.236746,15.804023],[100.235769,15.803087],[100.234793,15.798285],[100.227306,15.798285],[100.225108,15.802802],[100.222179,15.807685],[100.22047,15.811957],[100.214285,15.811957],[100.217459,15.802314],[100.22462,15.7956],[100.231619,15.7921],[100.234793,15.7921],[100.232921,15.781562],[100.228038,15.77851],[100.222992,15.77615],[100.22047,15.767605],[100.217296,15.762397],[100.203136,15.756903],[100.199962,15.753933],[100.196381,15.754665],[100.188569,15.747829],[100.18157,15.739773],[100.179454,15.736884],[100.140717,15.70657]]]}},{"type":"Feature","properties":{"dissolve":"40River","scalerank":2.0,"featurecla":"River","name":"Lancang","name_alt":"Mekong","rivernum":40,"note":null,"min_zoom":2.1,"name_en":"Mekong","min_label":3.1},"bbox":[96.941335,17.81391,102.246511,31.965522],"geometry":{"type":"MultiLineString","coordinates":[[[96.941335,31.965522],[96.959483,31.952094],[96.974701,31.932481],[96.989757,31.922553],[96.994884,31.913682],[96.992117,31.870673],[96.992931,31.854926],[96.999115,31.845974],[97.01588,31.834174],[97.020763,31.826972],[97.014578,31.799994],[97.013276,31.78913],[97.017589,31.767117],[97.028738,31.752387],[97.061697,31.723944],[97.072195,31.710761],[97.08074,31.694607],[97.086843,31.675157],[97.089122,31.611274],[97.093191,31.600653],[97.102794,31.59752],[97.114024,31.596991],[97.123139,31.594265],[97.128022,31.58751],[97.135753,31.568874],[97.143647,31.559434],[97.167979,31.548855],[97.180105,31.540961],[97.188487,31.522325],[97.202647,31.504218],[97.20574,31.494574],[97.203868,31.482733],[97.194591,31.462592],[97.191498,31.449571],[97.208018,31.392401],[97.216075,31.378241],[97.219005,31.371283],[97.220714,31.35989],[97.220714,31.348009],[97.219493,31.339708],[97.211843,31.328396],[97.203868,31.325466],[97.195242,31.324774],[97.185313,31.320502],[97.161062,31.289171],[97.157237,31.281684],[97.159597,31.270128],[97.169444,31.2508],[97.174327,31.230577],[97.180675,31.221218],[97.195242,31.206895],[97.200206,31.196397],[97.198334,31.185492],[97.193858,31.174994],[97.191498,31.165961],[97.192149,31.129665],[97.198171,31.085232],[97.215424,31.047675],[97.250092,31.031846],[97.269216,31.028103],[97.289073,31.018988],[97.321788,30.997097],[97.36142,30.952948],[97.376964,30.943142],[97.372,30.933173],[97.370209,30.902167],[97.357595,30.870714],[97.355968,30.857123],[97.357432,30.794298],[97.362804,30.771796],[97.37851,30.731879],[97.399099,30.701483],[97.427338,30.677191],[97.482188,30.645372],[97.524099,30.603868],[97.554617,30.583116],[97.557628,30.581814],[97.629405,30.452419],[97.66448,30.405829],[97.670665,30.400092],[97.678722,30.395046],[97.713471,30.388943],[97.723074,30.384141],[97.781749,30.332343],[97.810069,30.299913],[97.827891,30.284288],[97.846202,30.277696],[97.852306,30.27558],[97.862885,30.269965],[97.872976,30.262397],[97.877371,30.254177],[97.879487,30.239529],[97.885265,30.234931],[97.893972,30.233832],[97.904063,30.229926],[97.936941,30.205512],[97.947765,30.18891],[97.951752,30.165107],[97.965831,30.155829],[97.975515,30.14765],[97.979747,30.137478],[97.981375,30.131537],[97.985362,30.128363],[97.990896,30.127143],[97.996755,30.126899],[98.001557,30.123969],[97.999766,30.117377],[97.993337,30.107042],[98.004975,30.063096],[98.015717,30.041327],[98.030935,30.031928],[98.042979,30.021267],[98.051768,29.997178],[98.061615,29.956163],[98.073822,29.940863],[98.089936,29.924831],[98.104096,29.906195],[98.110037,29.883612],[98.113292,29.875434],[98.134288,29.849718],[98.138601,29.840684],[98.140391,29.819892],[98.144216,29.812201],[98.161713,29.807074],[98.210053,29.804267],[98.2199,29.794786],[98.225108,29.781806],[98.260834,29.723456],[98.339285,29.638861],[98.348155,29.623358],[98.34962,29.599921],[98.343435,29.572699],[98.343435,29.565782],[98.346202,29.554551],[98.36142,29.51378],[98.397472,29.453884],[98.404226,29.445095],[98.409597,29.435614],[98.411632,29.424872],[98.416026,29.417182],[98.434662,29.408311],[98.439057,29.397284],[98.436941,29.386664],[98.433197,29.375515],[98.431407,29.365017],[98.435313,29.356309],[98.443614,29.351996],[98.473155,29.342637],[98.479015,29.327094],[98.492686,29.31037],[98.53769,29.269232],[98.547944,29.256619],[98.568858,29.223212],[98.614024,29.167914],[98.631602,29.159532],[98.628347,29.140163],[98.610362,29.103095],[98.604991,29.08336],[98.584076,29.045193],[98.583018,29.023953],[98.592784,29.008409],[98.607514,28.996283],[98.620535,28.982774],[98.624034,28.963162],[98.634288,28.944159],[98.638113,28.930487],[98.638438,28.878607],[98.641531,28.870917],[98.654307,28.855048],[98.654796,28.850165],[98.652761,28.844916],[98.651378,28.835883],[98.652843,28.825507],[98.656505,28.818956],[98.660818,28.813178],[98.66505,28.804796],[98.677826,28.756944],[98.680186,28.724392],[98.685476,28.708604],[98.702729,28.670925],[98.774913,28.572089],[98.780935,28.555854],[98.790538,28.514594],[98.799083,28.499783],[98.812266,28.483954],[98.834483,28.441759],[98.850597,28.401475],[98.862397,28.357042],[98.864268,28.335557],[98.860932,28.319851],[98.846446,28.285753],[98.843028,28.270453],[98.8449,28.250312],[98.850108,28.225043],[98.857921,28.200954],[98.884776,28.150662],[98.90683,28.128852],[98.912608,28.119574],[98.914561,28.096259],[98.901947,28.053982],[98.898448,28.033962],[98.901134,28.011013],[98.908621,27.993516],[98.932546,27.96129],[99.018972,27.883816],[99.034923,27.852078],[99.036388,27.84044],[99.034923,27.817939],[99.037364,27.812079],[99.042003,27.808132],[99.048595,27.804958],[99.048269,27.797471],[99.043061,27.786404],[99.04184,27.780382],[99.044688,27.772162],[99.050792,27.765408],[99.054861,27.759385],[99.047293,27.743476],[99.05071,27.719306],[99.048595,27.708075],[99.038585,27.698106],[99.027192,27.694119],[99.016205,27.691962],[99.007498,27.687567],[99.003673,27.681098],[98.99879,27.669501],[98.997569,27.658393],[99.004242,27.653428],[99.008067,27.648708],[99.011322,27.637559],[99.014415,27.615587],[99.017589,27.60578],[99.031749,27.596503],[99.034923,27.585232],[99.030935,27.571641],[99.022472,27.56623],[99.013194,27.563503],[99.007498,27.557888],[99.009532,27.548285],[99.028087,27.516303],[99.031993,27.504747],[99.037608,27.480048],[99.04184,27.468533],[99.065929,27.437201],[99.069591,27.423774],[99.072846,27.416775],[99.087006,27.401801],[99.090261,27.396796],[99.090587,27.370551],[99.093354,27.358344],[99.100108,27.348415],[99.10849,27.330349],[99.110281,27.302843],[99.10255,27.276882],[99.082612,27.263007],[99.088959,27.24254],[99.098237,27.22488],[99.112641,27.21247],[99.134288,27.207831],[99.146658,27.197699],[99.17213,27.132676],[99.165457,27.11754],[99.16505,27.102322],[99.166433,27.086697],[99.165294,27.070624],[99.16269,27.064765],[99.154796,27.052802],[99.151541,27.043972],[99.149994,27.026801],[99.150401,27.017198],[99.151541,27.009792],[99.177013,26.952745],[99.18629,26.92239],[99.185639,26.886298],[99.183197,26.878038],[99.170095,26.848456],[99.163829,26.839626],[99.161794,26.837917],[99.157319,26.836005],[99.15919,26.831855],[99.165294,26.824815],[99.140554,26.771674],[99.13795,26.755927],[99.141205,26.748114],[99.154063,26.736599],[99.158376,26.728624],[99.159597,26.719265],[99.130463,26.625596],[99.136648,26.607123],[99.126231,26.587104],[99.111339,26.566718],[99.103933,26.547065],[99.110037,26.526475],[99.138438,26.501899],[99.144786,26.482204],[99.142345,26.474636],[99.132416,26.457587],[99.130463,26.447455],[99.142507,26.421413],[99.144786,26.409939],[99.141043,26.400255],[99.133718,26.392035],[99.129405,26.384141],[99.140391,26.36579],[99.143647,26.352607],[99.144949,26.339789],[99.144786,26.331366],[99.14267,26.324571],[99.134044,26.307074],[99.130463,26.296658],[99.13795,26.186794],[99.130626,26.07335],[99.13795,26.029731],[99.148855,26.005642],[99.151541,25.994981],[99.152761,25.908311],[99.156668,25.886542],[99.165294,25.865831],[99.167898,25.864081],[99.171397,25.863471],[99.175548,25.86225],[99.178803,25.858425],[99.183604,25.842475],[99.1963,25.816596],[99.202403,25.807156],[99.209972,25.803168],[99.217459,25.794501],[99.254649,25.734931],[99.267182,25.692247],[99.274425,25.649604],[99.281261,25.629706],[99.297374,25.616889],[99.336518,25.597724],[99.343272,25.591864],[99.350108,25.584093],[99.355235,25.57628],[99.357595,25.570421],[99.356456,25.558173],[99.351573,25.550645],[99.346446,25.545356],[99.344005,25.53974],[99.33782,25.515815],[99.336518,25.505235],[99.33839,25.499945],[99.347179,25.483466],[99.35019,25.47488],[99.35255,25.456366],[99.351329,25.43891],[99.344493,25.425564],[99.329845,25.419623],[99.313406,25.42475],[99.302745,25.433661],[99.297293,25.432969],[99.294526,25.399848],[99.289968,25.38935],[99.288666,25.3817],[99.292003,25.373562],[99.306651,25.359565],[99.309825,25.354763],[99.313731,25.338446],[99.323741,25.323065],[99.367442,25.27851],[99.413503,25.212185],[99.435557,25.199286],[99.472748,25.16531],[99.480561,25.155829],[99.48878,25.139472],[99.508311,25.133368],[99.530935,25.134101],[99.548839,25.138454],[99.558523,25.129096],[99.579112,25.117784],[99.60255,25.108262],[99.620942,25.104315],[99.635346,25.098904],[99.648367,25.085395],[99.730724,24.977647],[99.74114,24.956977],[99.745209,24.914089],[99.754893,24.892035],[99.765636,24.884345],[99.8095,24.862413],[99.826915,24.857856],[99.83546,24.849799],[99.864757,24.795762],[99.892589,24.77143],[99.926524,24.755805],[99.965587,24.746527],[100.076671,24.733425],[100.101003,24.719062],[100.116222,24.670966],[100.128998,24.67475],[100.142996,24.688666],[100.156749,24.707221],[100.163178,24.718126],[100.168956,24.723822],[100.17628,24.72838],[100.189708,24.732774],[100.210216,24.745917],[100.22934,24.751166],[100.281505,24.757392],[100.306244,24.76793],[100.323416,24.76911],[100.372081,24.750922],[100.381847,24.74494],[100.392507,24.735785],[100.417084,24.719265],[100.426524,24.707058],[100.423595,24.703192],[100.418956,24.693427],[100.433523,24.690741],[100.437104,24.681464],[100.433197,24.655544],[100.439708,24.646593],[100.467865,24.626899],[100.474294,24.614285],[100.47877,24.607937],[100.500662,24.587592],[100.508393,24.576117],[100.511241,24.561591],[100.510753,24.53559],[100.515229,24.522732],[100.524343,24.516547],[100.535818,24.514675],[100.545828,24.510606],[100.55714,24.476182],[100.557058,24.465277],[100.546641,24.460639],[100.527354,24.448432],[100.516775,24.420111],[100.515229,24.388007],[100.522716,24.364447],[100.517833,24.350409],[100.516531,24.27143],[100.528819,24.206732],[100.530935,24.162706],[100.519542,24.122585],[100.493907,24.091986],[100.453868,24.076443],[100.412852,24.076443],[100.403087,24.073269],[100.381847,24.062771],[100.381847,24.051703],[100.392345,23.980251],[100.406668,23.935614],[100.407481,23.915961],[100.395518,23.894843],[100.379487,23.882758],[100.339692,23.85989],[100.323416,23.843695],[100.28948,23.764838],[100.271983,23.754259],[100.255382,23.740668],[100.199962,23.668647],[100.197195,23.660671],[100.179454,23.631415],[100.138601,23.47309],[100.134044,23.467353],[100.120209,23.454169],[100.117442,23.449246],[100.104421,23.411689],[100.074311,23.360867],[100.070242,23.346788],[100.072276,23.329698],[100.081391,23.293321],[100.083263,23.27143],[100.077403,23.25377],[100.050548,23.22724],[100.042979,23.212429],[100.095876,23.17121],[100.114024,23.165229],[100.120046,23.155097],[100.142996,23.071316],[100.146658,23.065212],[100.161388,23.060736],[100.181895,23.04975],[100.18629,23.044867],[100.192963,23.030707],[100.208588,23.013739],[100.226736,23.002997],[100.240896,23.007636],[100.248464,23.007636],[100.257091,22.970771],[100.261974,22.959174],[100.269054,22.949652],[100.274343,22.948269],[100.296153,22.959174],[100.29184,22.915554],[100.300873,22.878852],[100.354991,22.790961],[100.361827,22.776801],[100.365489,22.746161],[100.370128,22.72663],[100.371186,22.716498],[100.362804,22.68244],[100.364513,22.67182],[100.368337,22.670437],[100.392345,22.657538],[100.402273,22.649766],[100.437755,22.612006],[100.512706,22.551703],[100.533295,22.53974],[100.553396,22.534613],[100.567882,22.526923],[100.572683,22.50906],[100.570567,22.473212],[100.574962,22.450954],[100.574718,22.437567],[100.566824,22.431586],[100.564057,22.425401],[100.573171,22.411933],[100.585053,22.398871],[100.590912,22.393744],[100.595144,22.386542],[100.625092,22.363349],[100.646658,22.326606],[100.659272,22.314887],[100.639659,22.309394],[100.631358,22.306098],[100.625092,22.301866],[100.61378,22.288398],[100.609304,22.27851],[100.615245,22.273953],[100.637625,22.262478],[100.660818,22.259101],[100.671153,22.255927],[100.679454,22.251532],[100.699474,22.237087],[100.702566,22.231391],[100.709972,22.209052],[100.713878,22.174913],[100.717052,22.168647],[100.731212,22.151435],[100.734386,22.140489],[100.731212,22.132758],[100.724294,22.125108],[100.71933,22.117377],[100.720714,22.109483],[100.730968,22.10871],[100.757253,22.098904],[100.777924,22.087592],[100.762625,22.071723],[100.771414,22.048774],[100.795909,22.013861],[100.803966,22.010362],[100.820811,22.009304],[100.830577,22.007025],[100.855724,21.989529],[100.867279,21.983466],[100.870372,21.975653],[100.871511,21.955512],[100.874522,21.943793],[100.881765,21.937445],[100.89088,21.932644],[100.899506,21.925116],[100.905935,21.913601],[100.910085,21.900824],[100.912527,21.873318],[100.917898,21.860948],[100.929861,21.853583],[100.941905,21.849229],[100.947276,21.846259],[101.029796,21.849392],[101.067393,21.828925],[101.070811,21.822537],[101.06837,21.808417],[101.068858,21.794379],[101.081065,21.78795],[101.108002,21.791449],[101.173839,21.815253],[101.181244,21.796942],[101.163097,21.784044],[101.118663,21.766872],[101.118663,21.760037],[101.124522,21.744412],[101.127371,21.695339],[101.135916,21.684923],[101.148855,21.676947],[101.161143,21.658555],[101.168468,21.638007],[101.166433,21.623481],[101.173595,21.612128],[101.167247,21.600409],[101.157481,21.586453],[101.153901,21.568223],[101.158702,21.552843],[101.160818,21.534857],[101.15683,21.519884],[101.142833,21.513617],[101.003184,21.406195],[100.909679,21.360297],[100.895763,21.355984],[100.862071,21.323513],[100.851085,21.315009],[100.814138,21.300401],[100.791596,21.297553],[100.772227,21.30447],[100.764659,21.309394],[100.756358,21.312608],[100.747488,21.31448],[100.738048,21.315009],[100.725108,21.311876],[100.72169,21.3039],[100.722179,21.292914],[100.720714,21.280829],[100.689138,21.159532],[100.637218,21.069892],[100.625092,21.054267],[100.606456,21.044135],[100.561534,21.035264],[100.543061,21.027615],[100.555593,21.000067],[100.556895,20.992255],[100.551687,20.985541],[100.53297,20.97366],[100.528819,20.968614],[100.526785,20.94713],[100.517345,20.906521],[100.515229,20.886746],[100.533946,20.874091],[100.622569,20.888739],[100.651785,20.883002],[100.651785,20.876776],[100.626231,20.853705],[100.598562,20.833686],[100.568614,20.817979],[100.536388,20.807888],[100.513113,20.807237],[100.47047,20.818468],[100.383393,20.831895],[100.364513,20.828396],[100.350841,20.815497],[100.341726,20.799669],[100.329275,20.7862],[100.289806,20.775214],[100.274343,20.762234],[100.248464,20.732204],[100.221446,20.709784],[100.210948,20.697577],[100.206716,20.680976],[100.202078,20.668077],[100.179698,20.638373],[100.172537,20.622341],[100.172537,20.609239],[100.15976,20.582872],[100.148855,20.548285],[100.136322,20.459418],[100.127045,20.428046],[100.124929,20.406602],[100.120697,20.388983],[100.11085,20.375067],[100.099294,20.362413],[100.09669,20.348578],[100.097179,20.33515],[100.098888,20.317979],[100.096934,20.283393],[100.10255,20.26378],[100.116222,20.248236],[100.134288,20.239285],[100.152192,20.239325],[100.16741,20.253852],[100.166921,20.292792],[100.175955,20.300808],[100.17921,20.30268],[100.201427,20.310492],[100.206716,20.311347],[100.208914,20.313178],[100.22047,20.349189],[100.240001,20.372992],[100.27003,20.392035],[100.306082,20.399848],[100.344005,20.390163],[100.363862,20.369167],[100.421397,20.250312],[100.447032,20.218207],[100.451752,20.210476],[100.45696,20.196601],[100.460704,20.190945],[100.468354,20.185899],[100.485281,20.178982],[100.488455,20.173529],[100.496023,20.165107],[100.512462,20.155463],[100.528819,20.14997],[100.536388,20.153673],[100.54184,20.166938],[100.554698,20.170356],[100.570404,20.167996],[100.584239,20.163601],[100.594493,20.128363],[100.584239,20.012763],[100.593028,19.819403],[100.601573,19.802843],[100.621674,19.810411],[100.631928,19.815945],[100.641775,19.816474],[100.655528,19.813544],[100.668875,19.81505],[100.678233,19.818793],[100.748546,19.858018],[100.779552,19.884874],[100.792084,19.891059],[100.805919,19.892035],[100.927989,19.873318],[100.974539,19.859565],[101.009369,19.834052],[101.013113,19.841132],[101.019542,19.850165],[101.02239,19.85574],[101.029796,19.85574],[101.043224,19.840888],[101.059581,19.845893],[101.084402,19.86876],[101.109386,19.885688],[101.118663,19.889268],[101.131358,19.888739],[101.142019,19.883857],[101.150401,19.878241],[101.169526,19.869005],[101.23463,19.827826],[101.257904,19.821357],[101.5595,19.823513],[101.596934,19.831366],[101.618907,19.85574],[101.606863,19.863145],[101.619395,19.874457],[101.641124,19.884792],[101.656342,19.889268],[101.666515,19.895087],[101.695811,19.922309],[101.707612,19.930854],[101.748057,19.941189],[101.829275,19.948065],[101.865245,19.957546],[101.898692,19.979356],[101.950206,20.034206],[101.974539,20.053738],[101.992198,20.059597],[102.04713,20.053738],[102.063569,20.058173],[102.119151,20.088487],[102.15797,20.092231],[102.190684,20.080675],[102.216807,20.057481],[102.23585,20.026435],[102.246511,19.988105],[102.240896,19.958808],[102.222341,19.935818],[102.194265,19.916571],[102.184988,19.91238],[102.16741,19.906765],[102.160167,19.902899],[102.141531,19.879259],[102.136241,19.875596],[102.127208,19.873481],[102.117686,19.864081],[102.10849,19.861925],[102.085948,19.860216],[102.045421,19.851996],[102.038829,19.848822],[102.029796,19.841498],[102.023855,19.832058],[102.011648,19.805935],[102.00587,19.800482],[101.993175,19.794379],[101.893565,19.705634],[101.885753,19.687201],[101.87672,19.679389],[101.835541,19.657986],[101.824311,19.649685],[101.814952,19.615017],[101.816742,19.481513],[101.820893,19.467149],[101.829112,19.454128],[101.841319,19.440863],[101.856944,19.43122],[101.896414,19.414374],[101.906261,19.403266],[101.899425,19.393419],[101.866222,19.360297],[101.858409,19.344916],[101.853282,19.325466],[101.830333,19.292304],[101.824311,19.27912],[101.823985,19.260199],[101.830577,19.200954],[101.828705,19.180772],[101.820323,19.147284],[101.808604,19.032579],[101.804861,19.021267],[101.803152,19.010565],[101.806895,19.002021],[101.812266,18.99433],[101.814952,18.985053],[101.816905,18.964423],[101.815929,18.94127],[101.805675,18.904161],[101.803233,18.885606],[101.808849,18.870307],[101.851003,18.826687],[101.861746,18.793402],[101.85434,18.763373],[101.824311,18.703721],[101.819591,18.682685],[101.815115,18.640815],[101.810639,18.621853],[101.779307,18.568874],[101.763764,18.549587],[101.742605,18.502265],[101.732188,18.491482],[101.729991,18.488471],[101.707612,18.471015],[101.696056,18.466742],[101.683197,18.464423],[101.670665,18.465359],[101.65976,18.471015],[101.644542,18.457628],[101.626394,18.421169],[101.615164,18.405544],[101.593028,18.390937],[101.577729,18.385077],[101.574229,18.375759],[101.573416,18.364447],[101.571056,18.354926],[101.561534,18.341335],[101.546967,18.325385],[101.529877,18.312079],[101.512462,18.306505],[101.490489,18.303046],[101.481212,18.293809],[101.476166,18.280707],[101.467377,18.26557],[101.420828,18.214708],[101.40325,18.182196],[101.399099,18.141425],[101.404307,18.127794],[101.422944,18.096381],[101.427013,18.084011],[101.433197,18.012315],[101.430919,17.982611],[101.424571,17.954657],[101.423595,17.9289],[101.444835,17.894884],[101.449474,17.884833],[101.456391,17.877387],[101.471202,17.874538],[101.495372,17.879096],[101.504242,17.875841],[101.509044,17.860867],[101.515717,17.860867],[101.523204,17.866645],[101.537364,17.873603],[101.551199,17.87519],[101.557384,17.864569],[101.554698,17.857123],[101.536794,17.826728],[101.536794,17.820502],[101.543468,17.815538],[101.550222,17.81391],[101.557058,17.815538],[101.563569,17.820502]]]}},{"type":"Feature","properties":{"dissolve":"420Lake Centerline","scalerank":7.0,"featurecla":"Lake Centerline","name":"Ping","name_alt":null,"rivernum":420,"note":null,"min_zoom":6.0,"name_en":"Ping","min_label":7.0},"bbox":[98.894216,17.235867,98.958751,17.387315],"geometry":{"type":"MultiLineString","coordinates":[[[98.8956,17.387315],[98.894216,17.373155],[98.897553,17.346951],[98.919932,17.303494],[98.932384,17.248847],[98.94866,17.235867],[98.958507,17.237657],[98.958751,17.237657]]]}},{"type":"Feature","properties":{"dissolve":"420River","scalerank":7.0,"featurecla":"River","name":"Ping","name_alt":null,"rivernum":420,"note":null,"min_zoom":6.0,"name_en":"Ping","min_label":7.0},"bbox":[98.59669,15.716376,100.158946,19.780056],"geometry":{"type":"MultiLineString","coordinates":[[[98.864268,19.780056],[98.882335,19.770697],[98.892589,19.753241],[98.897227,19.731228],[98.898448,19.708035],[98.901541,19.69713],[98.915619,19.680447],[98.918875,19.673896],[98.917735,19.640001],[98.918875,19.629218],[98.923269,19.615831],[98.940522,19.582831],[98.949799,19.570868],[98.953543,19.5633],[98.959483,19.537909],[98.96046,19.529608],[98.961843,19.516221],[98.965261,19.509467],[98.969737,19.504991],[98.97405,19.498847],[98.988048,19.466173],[98.995535,19.434149],[98.993744,19.398464],[98.962901,19.312323],[98.960053,19.288153],[98.9699,19.269232],[98.976003,19.254096],[98.980398,19.183539],[98.998464,19.149685],[99.004324,19.129706],[98.997325,19.111884],[98.976573,19.099473],[98.959483,19.096055],[98.95045,19.087755],[99.000011,18.786729],[98.983653,18.679999],[98.977306,18.670233],[98.964773,18.662218],[98.962901,18.643175],[98.965912,18.601345],[98.958507,18.583197],[98.93214,18.545518],[98.92628,18.528998],[98.834239,18.484809],[98.793875,18.453396],[98.774913,18.443061],[98.715587,18.430772],[98.699718,18.422553],[98.707774,18.412706],[98.708425,18.40115],[98.704031,18.389228],[98.6963,18.378485],[98.691173,18.3664],[98.695567,18.35578],[98.702729,18.346259],[98.706554,18.337226],[98.702159,18.333319],[98.675873,18.303087],[98.670421,18.298855],[98.66212,18.297553],[98.658214,18.292263],[98.656993,18.286322],[98.657644,18.274848],[98.645112,18.250759],[98.640554,18.226874],[98.637706,18.129706],[98.634288,18.126085],[98.624034,18.135199],[98.618907,18.125841],[98.618337,18.116807],[98.622569,18.108262],[98.63087,18.10045],[98.623953,18.098904],[98.622488,18.09748],[98.622,18.097602],[98.617768,18.10045],[98.605561,18.08808],[98.601003,18.081488],[98.59669,18.073757],[98.616791,18.074408],[98.617931,18.062323],[98.615245,18.044013],[98.624034,18.025946],[98.60906,18.020128],[98.603526,18.01911],[98.603526,18.012315],[98.615326,18.01203],[98.623546,18.007676],[98.62851,18.000515],[98.63087,17.991807],[98.6338,17.995307],[98.641205,18.001492],[98.644542,18.004828],[98.653575,17.989814],[98.665538,17.980048],[98.674083,17.97073],[98.673106,17.957099],[98.665701,17.957099],[98.646658,17.94477],[98.632823,17.93004],[98.641124,17.922919],[98.645763,17.920762],[98.648204,17.915554],[98.651378,17.902452],[98.649913,17.900946],[98.645518,17.88935],[98.644542,17.885077],[98.646414,17.881537],[98.650808,17.881903],[98.655365,17.883083],[98.658214,17.881944],[98.669363,17.841824],[98.694916,17.800238],[98.703136,17.78266],[98.710948,17.752061],[98.740733,17.710639],[98.745372,17.697821],[98.745372,17.684272],[98.736908,17.673529],[98.716401,17.669053],[98.704845,17.663886],[98.698985,17.651801],[98.699474,17.637966],[98.706554,17.627509],[98.699636,17.609646],[98.702647,17.594184],[98.709239,17.579413],[98.71282,17.563544],[98.71282,17.494656],[98.70753,17.477607],[98.698009,17.462348],[98.692393,17.446885],[98.699718,17.429511],[98.715587,17.419745],[98.729096,17.42414],[98.747488,17.443142],[98.781668,17.464301],[98.817556,17.474189],[98.85377,17.469346],[98.888194,17.44656],[98.900076,17.430528],[98.903901,17.416287],[98.902354,17.402533],[98.898855,17.39411],[98.8956,17.387315]],[[98.958507,17.237657],[98.97405,17.237657],[99.004487,17.238552],[99.014415,17.237657],[99.025401,17.233466],[99.052257,17.217149],[99.060964,17.205512],[99.085541,17.150906],[99.090261,17.13406],[99.081065,17.123155],[99.064138,17.108466],[99.052745,17.090399],[99.059093,17.06977],[99.107188,17.004665],[99.117442,16.983832],[99.119721,16.961005],[99.10963,16.951199],[99.09669,16.941514],[99.090261,16.919257],[99.094005,16.909288],[99.103038,16.902126],[99.120942,16.891384],[99.128184,16.880805],[99.13795,16.846625],[99.156993,16.813544],[99.186453,16.783271],[99.254649,16.730577],[99.286225,16.695258],[99.35377,16.64704],[99.367931,16.641872],[99.391775,16.628201],[99.402192,16.628445],[99.419851,16.633165],[99.429454,16.634385],[99.445079,16.62519],[99.461843,16.604519],[99.475108,16.582384],[99.480561,16.5692],[99.481863,16.561591],[99.497569,16.518988],[99.523204,16.468451],[99.536632,16.448432],[99.548839,16.436347],[99.540619,16.413845],[99.560313,16.390082],[99.591401,16.370551],[99.617686,16.360663],[99.655284,16.354112],[99.666515,16.345649],[99.67921,16.326524],[99.705333,16.270087],[99.740245,16.222724],[99.754405,16.20836],[99.79127,16.193549],[99.800385,16.173448],[99.803233,16.151679],[99.803315,16.137803],[99.861339,16.075751],[99.874278,16.058458],[99.880382,16.041693],[99.879405,16.023953],[99.871593,16.00373],[99.892589,15.987576],[99.97405,15.949164],[100.034923,15.909247],[100.063243,15.881374],[100.063406,15.860378],[100.081065,15.841986],[100.088878,15.815497],[100.090017,15.767605],[100.098399,15.754462],[100.117931,15.739081],[100.158946,15.716376]]]}},{"type":"Feature","properties":{"dissolve":"454River","scalerank":7.0,"featurecla":"River","name":"Chindwin","name_alt":null,"rivernum":454,"note":null,"min_zoom":6.0,"name_en":"Chindwin","min_label":7.0},"bbox":[94.30714,21.444688,97.061697,26.647244],"geometry":{"type":"MultiLineString","coordinates":[[[96.903412,25.631903],[96.897227,25.669745],[96.894054,25.674506],[96.886974,25.682196],[96.879975,25.692206],[96.876882,25.704169],[96.879975,25.713324],[96.894054,25.72309],[96.897227,25.731513],[96.898204,25.795966],[96.901459,25.81448],[96.907807,25.83161],[96.917735,25.85163],[96.955089,25.928656],[96.971609,25.935492],[96.97934,25.940375],[96.987071,25.950548],[96.999766,25.981309],[97.0171,26.011664],[97.020274,26.028876],[97.013276,26.050238],[97.027192,26.062527],[97.034679,26.074001],[97.056733,26.125841],[97.060802,26.140245],[97.061697,26.177191],[97.053233,26.191352],[97.014252,26.22781],[96.993256,26.24079],[96.95753,26.293077],[96.952729,26.297919],[96.945079,26.303494],[96.940033,26.304633],[96.921153,26.303494],[96.915538,26.305528],[96.913097,26.310004],[96.91212,26.314643],[96.910818,26.317165],[96.857921,26.329657],[96.848888,26.334499],[96.844737,26.345811],[96.834239,26.36046],[96.819916,26.373155],[96.804454,26.378526],[96.793549,26.375067],[96.783214,26.368476],[96.773204,26.364447],[96.763194,26.368598],[96.744884,26.384141],[96.739024,26.392849],[96.732839,26.384548],[96.722179,26.377631],[96.709727,26.373236],[96.69866,26.372382],[96.685639,26.37698],[96.672455,26.390082],[96.661143,26.392849],[96.634939,26.392849],[96.62379,26.395779],[96.602061,26.41059],[96.580007,26.414496],[96.56837,26.419501],[96.541433,26.449815],[96.515636,26.48725],[96.486908,26.509833],[96.451671,26.495876],[96.443858,26.50613],[96.435313,26.50963],[96.414073,26.508897],[96.403819,26.51203],[96.406342,26.519884],[96.413503,26.529975],[96.417491,26.539984],[96.413829,26.550605],[96.404796,26.550401],[96.393565,26.545966],[96.383311,26.543647],[96.367686,26.545681],[96.361095,26.548367],[96.340587,26.575059],[96.338145,26.581244],[96.33489,26.584011],[96.324718,26.584662],[96.297862,26.581],[96.285655,26.583441],[96.290538,26.594835],[96.303233,26.617499],[96.300792,26.637397],[96.28712,26.647244],[96.266043,26.639228],[96.271495,26.633734],[96.280284,26.61876],[96.263194,26.61461],[96.258393,26.600369],[96.250906,26.588406],[96.225678,26.591417],[96.247569,26.540107],[96.254649,26.511827],[96.246104,26.482204],[96.244151,26.487372],[96.242117,26.490587],[96.240489,26.494656],[96.239268,26.502061],[96.231944,26.502061],[96.231456,26.420356],[96.223643,26.381619],[96.2046,26.35871],[96.193614,26.357367],[96.167979,26.360785],[96.157319,26.35871],[96.151134,26.351833],[96.144216,26.340033],[96.141612,26.328925],[96.147065,26.32392],[96.156749,26.320746],[96.174734,26.306667],[96.18629,26.300482],[96.178233,26.293769],[96.157319,26.282986],[96.130056,26.279975],[96.091401,26.290391],[96.061697,26.275499],[96.051768,26.276394],[96.043956,26.275255],[96.040619,26.265652],[96.039073,26.255886],[96.020274,26.212348],[96.008718,26.194607],[95.993337,26.179877],[95.954112,26.164903],[95.938569,26.144558],[95.917247,26.104844],[95.909923,26.099473],[95.900076,26.094102],[95.890554,26.087226],[95.883067,26.076931],[95.881358,26.064643],[95.884044,26.037177],[95.879649,26.025987],[95.861746,26.015082],[95.839936,26.013739],[95.821869,26.023749],[95.807872,26.068712],[95.793224,26.058702],[95.774913,26.036648],[95.758881,26.022284],[95.745616,26.022813],[95.732026,26.02794],[95.719249,26.031114],[95.707612,26.025987],[95.704031,26.016059],[95.709483,25.995063],[95.704194,25.981309],[95.68629,26.012234],[95.675222,26.020453],[95.656505,26.015448],[95.6421,26.000352],[95.639252,25.983222],[95.639903,25.966742],[95.635916,25.954047],[95.62322,25.947618],[95.609874,25.94831],[95.597667,25.946723],[95.588878,25.933539],[95.588796,25.924018],[95.594005,25.902777],[95.595714,25.899441],[95.59075,25.893622],[95.574636,25.885199],[95.5678,25.878933],[95.581065,25.868964],[95.577891,25.852607],[95.563731,25.837266],[95.538015,25.82864],[95.529877,25.823513],[95.522878,25.815985],[95.52003,25.806912],[95.519054,25.792019],[95.516124,25.785224],[95.445079,25.746446],[95.437429,25.731513],[95.432709,25.710639],[95.423269,25.696234],[95.415701,25.681464],[95.417003,25.659206],[95.422781,25.648627],[95.440115,25.629421],[95.444835,25.618232],[95.443858,25.607733],[95.433686,25.597113],[95.424897,25.563666],[95.423839,25.553046],[95.420828,25.544013],[95.413585,25.540961],[95.404796,25.53974],[95.396495,25.536322],[95.382498,25.525499],[95.383067,25.521348],[95.382823,25.464301],[95.377045,25.424994],[95.370372,25.402045],[95.361501,25.385443],[95.345714,25.377061],[95.297374,25.362616],[95.287201,25.354763],[95.287039,25.334581],[95.283783,25.322292],[95.273448,25.313422],[95.223399,25.287706],[95.217703,25.283026],[95.20045,25.253607],[95.200694,25.248318],[95.152843,25.258653],[95.135753,25.255154],[95.121104,25.243964],[95.112315,25.232611],[95.100515,25.223904],[95.077403,25.220323],[95.073741,25.215766],[95.06837,25.19245],[95.065929,25.169135],[95.062266,25.160102],[95.050792,25.140448],[95.043224,25.135443],[95.04005,25.131619],[95.039806,25.125515],[95.042572,25.118964],[95.047537,25.111151],[95.042979,25.101915],[95.037039,25.093085],[95.030203,25.086371],[94.999034,25.077338],[94.987071,25.060858],[94.976329,24.988064],[94.971934,24.981391],[94.948985,24.985541],[94.934011,24.965155],[94.921641,24.939032],[94.906749,24.926134],[94.896983,24.922878],[94.882091,24.908311],[94.861257,24.900824],[94.863373,24.891628],[94.871104,24.88227],[94.875662,24.877753],[94.915945,24.859565],[94.935964,24.844346],[94.934093,24.82685],[94.924327,24.817979],[94.915538,24.812934],[94.905935,24.810614],[94.893077,24.810085],[94.878835,24.806342],[94.877208,24.797227],[94.878998,24.785956],[94.875662,24.775336],[94.845632,24.759385],[94.765717,24.74254],[94.738455,24.726915],[94.717052,24.692939],[94.697683,24.649522],[94.685069,24.605496],[94.683849,24.569892],[94.691335,24.553046],[94.703054,24.543647],[94.717214,24.535509],[94.732351,24.522732],[94.718028,24.512966],[94.723399,24.495469],[94.732351,24.475165],[94.728608,24.456895],[94.708751,24.432196],[94.715017,24.424628],[94.736095,24.423692],[94.760265,24.419053],[94.7671,24.413113],[94.792735,24.362413],[94.800304,24.351833],[94.811046,24.340522],[94.822683,24.325263],[94.827159,24.307563],[94.822765,24.289984],[94.807384,24.27501],[94.785574,24.269802],[94.733979,24.271796],[94.714366,24.265082],[94.699311,24.254259],[94.692882,24.246934],[94.690033,24.23782],[94.69752,24.193142],[94.686046,24.176296],[94.664806,24.159247],[94.644542,24.151435],[94.635509,24.162136],[94.625987,24.180365],[94.606619,24.183621],[94.591401,24.171698],[94.594493,24.144721],[94.599539,24.139187],[94.605968,24.135199],[94.611746,24.129218],[94.615001,24.117377],[94.61321,24.11046],[94.603526,24.097602],[94.601329,24.086371],[94.606944,24.066433],[94.604747,24.058905],[94.591075,24.055976],[94.582123,24.051866],[94.558686,24.033271],[94.553396,24.028022],[94.56129,24.001899],[94.624115,23.961005],[94.622488,23.933051],[94.609955,23.921454],[94.593272,23.912665],[94.573009,23.907091],[94.540457,23.903591],[94.528575,23.899604],[94.5171,23.89411],[94.508881,23.888048],[94.506358,23.877021],[94.514252,23.866156],[94.532481,23.850531],[94.541921,23.838324],[94.542735,23.832465],[94.539968,23.823188],[94.532237,23.814724],[94.510265,23.802843],[94.505789,23.798651],[94.496755,23.788357],[94.444347,23.746853],[94.433849,23.735378],[94.42628,23.7237],[94.421397,23.711941],[94.418712,23.699897],[94.418549,23.673651],[94.428152,23.617296],[94.430593,23.562364],[94.428396,23.54328],[94.421397,23.526882],[94.406505,23.511013],[94.390066,23.499376],[94.384369,23.492987],[94.382335,23.48371],[94.378184,23.476752],[94.357026,23.471625],[94.348074,23.466905],[94.337983,23.451931],[94.328298,23.430854],[94.321869,23.408881],[94.320811,23.391181],[94.323741,23.385077],[94.341319,23.357042],[94.342377,23.345649],[94.340017,23.337104],[94.344493,23.331651],[94.365489,23.329698],[94.369721,23.313788],[94.30714,23.212429],[94.33546,23.193915],[94.347341,23.114814],[94.365489,23.096991],[94.384207,23.091864],[94.405691,23.079291],[94.424897,23.063503],[94.436697,23.048611],[94.440847,23.029079],[94.433686,23.01203],[94.418224,22.997748],[94.396495,22.986518],[94.392589,22.99079],[94.384939,22.997016],[94.376069,23.00141],[94.368582,23.000108],[94.362641,22.988959],[94.365652,22.978542],[94.384776,22.948025],[94.406749,22.943183],[94.451182,22.945502],[94.474539,22.944159],[94.496349,22.937283],[94.512462,22.923407],[94.518891,22.90119],[94.528087,22.888373],[94.550141,22.884589],[94.575206,22.88642],[94.594493,22.890245],[94.599539,22.893093],[94.609304,22.901557],[94.615001,22.904568],[94.619884,22.905056],[94.630626,22.903876],[94.654877,22.90766],[94.660655,22.9112],[94.662852,22.921658],[94.662608,22.948106],[94.665701,22.96955],[94.677989,22.983222],[94.705007,22.986518],[94.728038,22.980048],[94.740245,22.966254],[94.74464,22.946316],[94.745372,22.921658],[94.743582,22.916042],[94.740001,22.911689],[94.738292,22.907253],[94.741954,22.90119],[94.758067,22.885769],[94.760265,22.880683],[94.759369,22.867703],[94.756602,22.858222],[94.751964,22.850653],[94.745372,22.843126],[94.703217,22.810818],[94.690033,22.794704],[94.728608,22.726426],[94.747162,22.723741],[94.764171,22.715399],[94.776296,22.700629],[94.78004,22.678656],[94.765554,22.643175],[94.760671,22.620551],[94.778738,22.600369],[94.807384,22.541449],[94.81308,22.495185],[94.819428,22.470323],[94.831391,22.45954],[94.846202,22.455675],[94.903575,22.42475],[94.910167,22.417914],[94.914073,22.40998],[94.919688,22.402533],[94.930186,22.396837],[94.975597,22.396837],[94.982188,22.393622],[94.987641,22.38581],[94.990896,22.375922],[94.99464,22.352078],[95.00058,22.34394],[95.019623,22.329169],[95.030365,22.310736],[95.040538,22.268378],[95.050792,22.250067],[95.064952,22.231472],[95.071544,22.216091],[95.081147,22.178331],[95.119233,22.110785],[95.135183,22.07335],[95.135753,22.027533],[95.130382,21.990058],[95.128917,21.948432],[95.130626,21.925971],[95.146902,21.839626],[95.152192,21.82331],[95.160492,21.810411],[95.188975,21.780382],[95.206716,21.745876],[95.217703,21.733344],[95.234386,21.721259],[95.242605,21.711941],[95.245372,21.698676],[95.245616,21.674669],[95.249929,21.654405],[95.268565,21.622138],[95.27296,21.599229],[95.270763,21.579047],[95.261322,21.546983],[95.259288,21.526679],[95.27296,21.444688]]]}},{"type":"Feature","properties":{"dissolve":"46River","scalerank":2.0,"featurecla":"River","name":"Mekong","name_alt":null,"rivernum":46,"note":null,"min_zoom":2.1,"name_en":"Mekong","min_label":3.1},"bbox":[101.563569,10.004991,106.118663,18.441677],"geometry":{"type":"MultiLineString","coordinates":[[[103.090343,18.13703],[103.088634,18.135037],[103.109874,18.141954],[103.126475,18.152045],[103.138194,18.166856],[103.144786,18.188178],[103.150645,18.221706],[103.156993,18.237169],[103.167898,18.249945],[103.17628,18.255072],[103.184825,18.257921],[103.214773,18.262478],[103.236339,18.270209],[103.273041,18.276231],[103.286143,18.280544],[103.295014,18.28795],[103.29599,18.297065],[103.29005,18.305365],[103.24822,18.332831],[103.239757,18.336208],[103.237722,18.341742],[103.235037,18.345486],[103.233165,18.349473],[103.23349,18.356024],[103.243663,18.380316],[103.260509,18.400417],[103.282156,18.415717],[103.30657,18.425849],[103.386241,18.441677],[103.396251,18.441596],[103.451101,18.425482],[103.469656,18.422187],[103.474294,18.422309],[103.48878,18.424628],[103.497325,18.423936],[103.522878,18.417914],[103.548432,18.415595],[103.606619,18.40058],[103.621023,18.390937],[103.629649,18.383409],[103.638194,18.378201],[103.695242,18.35338],[103.708751,18.349921],[103.766694,18.346869],[103.784272,18.344102],[103.800955,18.338446],[103.816905,18.330593],[103.831716,18.320868],[103.841807,18.309272],[103.848399,18.296576],[103.857432,18.286648],[103.873546,18.283474],[103.88087,18.284613],[103.885509,18.287177],[103.889252,18.291327],[103.893321,18.297431],[103.90976,18.315497],[103.929128,18.327745],[103.950857,18.333197],[103.975027,18.330878],[103.999766,18.318671],[104.018321,18.299343],[104.068126,18.215603],[104.110606,18.114814],[104.122,18.095486],[104.135265,18.079901],[104.197765,18.025743],[104.21046,18.008857],[104.254812,17.915147],[104.263927,17.884833],[104.269949,17.874213],[104.277843,17.864854],[104.287201,17.856879],[104.352306,17.819525],[104.367442,17.800727],[104.389903,17.757392],[104.404552,17.740098],[104.408621,17.733913],[104.411388,17.727566],[104.417491,17.707831],[104.421886,17.699978],[104.451671,17.666124],[104.480886,17.64057],[104.63616,17.56269],[104.654552,17.55622],[104.70224,17.527533],[104.714285,17.515448],[104.733897,17.487128],[104.749278,17.458319],[104.756358,17.450141],[104.764415,17.444648],[104.781261,17.435411],[104.788585,17.429226],[104.792247,17.423692],[104.81601,17.372992],[104.81894,17.361274],[104.819835,17.349066],[104.81601,17.30032],[104.817963,17.240424],[104.813975,17.1942],[104.8095,17.17182],[104.744884,17.02501],[104.740001,17.002753],[104.749278,16.910956],[104.752859,16.90001],[104.762543,16.879218],[104.766043,16.868354],[104.766775,16.856309],[104.765066,16.844835],[104.757904,16.82213],[104.755951,16.810004],[104.756602,16.798651],[104.778087,16.71601],[104.778575,16.705105],[104.777273,16.6942],[104.763194,16.656928],[104.752859,16.615017],[104.748057,16.572089],[104.749034,16.549506],[104.754242,16.52912],[104.76474,16.511542],[104.782319,16.497341],[104.838634,16.467882],[104.855072,16.454291],[104.868582,16.438666],[104.879242,16.422065],[104.887299,16.40412],[104.896658,16.372911],[104.901378,16.362616],[104.907725,16.353583],[104.91684,16.345771],[104.943777,16.331],[104.951752,16.324571],[104.971283,16.304511],[104.979015,16.298855],[105.007091,16.283759],[105.015147,16.276882],[105.025971,16.257839],[105.029307,16.236151],[105.028575,16.191677],[105.032319,16.165473],[105.042247,16.141669],[105.057872,16.121365],[105.078868,16.105658],[105.237071,16.050971],[105.247081,16.049343],[105.288259,16.047634],[105.404552,16.018988],[105.414154,16.015448],[105.421641,16.010077],[105.423432,16.002387],[105.417735,15.99494],[105.406993,15.989081],[105.38616,15.980984],[105.362234,15.955024],[105.360362,15.919542],[105.372081,15.882351],[105.411713,15.799994],[105.422455,15.784044],[105.435313,15.771837],[105.447765,15.765082],[105.462006,15.763007],[105.503184,15.766384],[105.524994,15.763699],[105.568126,15.749579],[105.612641,15.721706],[105.640717,15.682196],[105.650483,15.634833],[105.640391,15.583523],[105.615896,15.52143],[105.611827,15.49962],[105.609955,15.457343],[105.604015,15.439399],[105.587983,15.424018],[105.552419,15.402167],[105.50587,15.387763],[105.485932,15.375067],[105.477061,15.353054],[105.482921,15.334744],[105.49879,15.324815],[105.519054,15.321234],[105.538178,15.321723],[105.593354,15.331855],[105.613862,15.329413],[105.632498,15.320136],[105.648204,15.305854],[105.659679,15.28852],[105.662527,15.279649],[105.66505,15.252387],[105.6692,15.240546],[105.675548,15.229763],[105.766694,15.132921]],[[101.563569,17.820502],[101.570242,17.829128],[101.574799,17.839952],[101.57724,17.853095],[101.57724,17.868272],[101.600027,17.85456],[101.61085,17.865749],[101.619395,17.884833],[101.635834,17.894965],[101.72877,17.91238],[101.732351,17.932196],[101.756602,17.997992],[101.765391,18.040473],[101.773529,18.058783],[101.790131,18.073757],[101.796397,18.073757],[101.805675,18.062567],[101.8449,18.052314],[101.883556,18.031073],[101.903819,18.037299],[102.070893,18.208686],[102.078136,18.214057],[102.153331,18.210313],[102.171641,18.200507],[102.178152,18.186225],[102.181651,18.16946],[102.191173,18.152289],[102.221446,18.131781],[102.22519,18.128363],[102.232839,18.124376],[102.256358,18.094265],[102.306407,18.051622],[102.336192,18.037218],[102.366222,18.039008],[102.384858,18.016221],[102.412039,17.994412],[102.445079,17.977891],[102.481619,17.9713],[102.567312,17.971015],[102.599294,17.95539],[102.611908,17.915473],[102.595225,17.850287],[102.5949,17.84101],[102.608897,17.837226],[102.660248,17.813056],[102.682546,17.810329],[102.682546,17.817572],[102.673106,17.831895],[102.667084,17.850287],[102.672781,17.865546],[102.686534,17.873643],[102.721772,17.881944],[102.737071,17.890652],[102.773529,17.922919],[102.831635,17.953396],[102.837576,17.963935],[102.852306,17.972235],[102.938406,18.009101],[102.9546,18.012315],[102.972585,18.007921],[103.003429,17.988715],[103.02003,17.984402],[103.037608,17.990912],[103.049083,18.005154],[103.057872,18.019477],[103.067882,18.025946],[103.072765,18.035753],[103.064464,18.094265],[103.065929,18.112494],[103.071056,18.125759],[103.079682,18.135037],[103.092296,18.141425]],[[105.781749,15.120551],[105.781505,15.121405],[105.781179,15.122138],[105.780772,15.122748],[105.780203,15.123318],[105.798839,15.111762],[105.8178,15.103135],[105.833914,15.091905],[105.844249,15.072537],[105.850108,15.050808],[105.855072,15.041205],[105.862885,15.032782],[105.890066,15.012966],[105.896983,15.003607],[105.903087,14.981228],[105.896251,14.911892],[105.904307,14.867214],[105.901947,14.834784],[105.903087,14.824042],[105.907481,14.813829],[105.928396,14.788601],[105.933686,14.777777],[105.935476,14.766466],[105.934581,14.75491],[105.931895,14.743191],[105.928152,14.732245],[105.923106,14.721951],[105.916921,14.71247],[105.88323,14.680854],[105.87672,14.671088],[105.873139,14.659451],[105.872488,14.647528],[105.874034,14.623399],[105.873057,14.610704],[105.870209,14.598904],[105.85255,14.55211],[105.849213,14.527777],[105.851329,14.47781],[105.879893,14.35517],[105.880056,14.322211],[105.869884,14.291124],[105.841807,14.230658],[105.837494,14.213324],[105.835948,14.195502],[105.840017,14.172878],[105.840261,14.165391],[105.83782,14.157742],[105.824474,14.137397],[105.820811,14.12934],[105.818126,14.120673],[105.816417,14.11168],[105.815929,14.102891],[105.819347,14.086941],[105.827078,14.07099],[105.837576,14.056993],[105.857595,14.041531],[105.86321,14.035509],[105.872813,14.021023],[105.879405,14.013861],[105.887136,14.010037],[105.920095,14.004503],[105.933523,14.00019],[105.946056,13.99372],[105.968272,13.976508],[105.973074,13.971747],[105.976329,13.966132],[105.977957,13.958035],[105.976573,13.950629],[105.971446,13.935818],[105.97226,13.919745],[105.980479,13.908026],[105.991466,13.897773],[106.000662,13.885932],[106.003347,13.876492],[106.001475,13.868354],[105.98585,13.844428],[105.982351,13.835273],[105.975027,13.797431],[105.97519,13.778632],[105.981293,13.761908],[105.99464,13.749579],[105.995616,13.745551],[106.007091,13.738634],[106.0171,13.727322],[106.031668,13.702094],[106.036713,13.686306],[106.036794,13.671251],[106.032644,13.656602],[106.021007,13.633897],[106.01946,13.625922],[106.017833,13.608995],[106.016368,13.602566],[106.013764,13.597032],[106.006847,13.586534],[105.944265,13.513943],[105.936046,13.496202],[105.929128,13.466661],[105.92571,13.457221],[105.907725,13.423611],[105.904877,13.40644],[105.912364,13.38821],[105.949311,13.350124],[105.956391,13.332587],[105.961029,13.269314],[105.967784,13.248562],[105.981375,13.229275],[106.032156,13.183173],[106.037852,13.174587],[106.042735,13.164903],[106.045909,13.154731],[106.04713,13.144477],[106.04599,13.135077],[106.038097,13.107774],[106.037201,13.085517],[106.0442,13.044379],[106.043061,13.03502],[106.039236,13.02558],[106.0206,12.997423],[106.016612,12.986436],[106.015066,12.945095],[106.011322,12.93183],[106.006765,12.924669],[105.989268,12.907823],[105.983409,12.899726],[105.97462,12.880398],[105.964692,12.851182],[105.960134,12.830634],[105.958914,12.809678],[105.960948,12.788886],[105.965831,12.775092],[105.97405,12.763617],[105.993744,12.74254],[106.002615,12.728542],[106.007335,12.713568],[106.016775,12.598212],[106.014903,12.582831],[106.000011,12.53738],[105.998057,12.523261],[106.000011,12.509467],[106.006928,12.495307],[106.025076,12.468573],[106.032481,12.454617],[106.037527,12.438747],[106.049734,12.345526],[106.048106,12.331122],[106.043956,12.316596],[106.03712,12.301215],[106.027599,12.286648],[106.015636,12.274237],[106.001069,12.265692],[105.983328,12.261746],[105.927826,12.265163],[105.827159,12.254177],[105.808849,12.25495],[105.604096,12.30032],[105.58782,12.299872],[105.572032,12.294053],[105.558442,12.282742],[105.54835,12.26793],[105.541433,12.251166],[105.537201,12.233954],[105.534923,12.207465],[105.536388,12.194281],[105.540131,12.181586],[105.552664,12.162665],[105.55714,12.152615],[105.556651,12.141669],[105.552989,12.135362],[105.541921,12.125027],[105.537608,12.118964],[105.531505,12.097357],[105.529226,12.075751],[105.523692,12.055732],[105.508393,12.038764],[105.488862,12.026801],[105.480479,12.019477],[105.474539,12.009467],[105.472097,11.998358],[105.470225,11.96365],[105.467377,11.953396],[105.463308,11.943793],[105.45753,11.935085],[105.450287,11.927191],[105.430919,11.914578],[105.410492,11.910834],[105.38974,11.91474],[105.346609,11.934882],[105.32545,11.936713],[105.279389,11.928656],[105.254812,11.929145],[105.208018,11.941474],[105.183523,11.940253],[105.173839,11.937079],[105.164236,11.932644],[105.155528,11.926703],[105.148529,11.919257],[105.143972,11.910102],[105.135916,11.87995],[105.121674,11.859646],[105.100841,11.849962],[105.076589,11.84748],[105.027843,11.850165],[105.016124,11.849189],[105.004405,11.845811],[104.993256,11.839464],[104.984386,11.83039],[104.980398,11.819281],[104.983816,11.806952],[104.99407,11.797675],[105.007498,11.789578],[105.018321,11.780341],[105.02003,11.767768],[105.014659,11.758409],[104.959972,11.708279],[104.95224,11.697943],[104.946788,11.685004],[104.947032,11.673611],[104.953624,11.649237],[104.955007,11.63585],[104.952403,11.594997]],[[104.950043,11.592556],[104.951182,11.590481]],[[104.951182,11.590888],[104.951182,11.590481]],[[104.951182,11.590481],[104.956554,11.580675],[104.964366,11.570014],[104.973725,11.561062],[104.985444,11.554145],[105.043793,11.538764],[105.066824,11.527208],[105.088308,11.512763],[105.111095,11.501003],[105.134858,11.491726],[105.157725,11.479519],[105.250418,11.408759],[105.258067,11.397528],[105.263194,11.384101],[105.268321,11.341335],[105.289073,11.260525],[105.290294,11.233018],[105.28183,11.210273],[105.249278,11.175482],[105.236339,11.154893],[105.221934,11.104071],[105.199148,11.05036],[105.193614,11.022284],[105.194021,10.99433],[105.215587,10.845282],[105.219493,10.830186],[105.227468,10.816718],[105.241222,10.805854],[105.257416,10.800849],[105.303722,10.799099],[105.314464,10.797065],[105.324311,10.792914],[105.332774,10.785753],[105.347992,10.764716],[105.35963,10.741523],[105.377045,10.668809],[105.378022,10.657904],[105.375255,10.627468],[105.378022,10.612128],[105.386974,10.599189],[105.402924,10.586941],[105.503998,10.537543],[105.514659,10.529731],[105.523936,10.520372],[105.531749,10.509101],[105.549815,10.474311],[105.557709,10.463935],[105.566335,10.456366],[105.631358,10.41706],[105.644786,10.413194],[105.686046,10.410712],[105.699474,10.407782],[105.711436,10.402289],[105.72169,10.394599],[105.766368,10.344306],[105.782156,10.330675],[105.799734,10.319688],[105.847585,10.301622],[105.897472,10.290229],[105.954682,10.288438],[105.984304,10.284125],[106.072765,10.260565],[106.100352,10.24905],[106.118663,10.237576]],[[104.951182,11.590481],[104.950857,11.587958],[104.949229,11.581895],[104.949229,11.579372],[104.950043,11.576931],[104.953136,11.572781],[104.9546,11.57038],[104.956472,11.564643],[104.956716,11.558783],[104.955496,11.553046],[104.952647,11.547675],[104.9428,11.536322],[104.94044,11.531602],[104.939464,11.526557],[104.940115,11.510443],[104.943289,11.494452],[104.951427,11.48074],[104.963471,11.470771],[104.97934,11.465888],[105.019135,11.464952],[105.037364,11.459499],[105.050385,11.444037],[105.052257,11.43476],[105.049571,11.426825],[105.043875,11.419989],[105.028087,11.407091],[105.020763,11.399115],[105.015636,11.389716],[105.013682,11.378526],[105.019216,11.359727],[105.046641,11.33279],[105.056651,11.316352],[105.057872,11.299018],[105.043956,11.245185],[105.042979,11.23432],[105.042979,11.224677],[105.045665,11.215603],[105.052257,11.20657],[105.064871,11.19363],[105.068777,11.18655],[105.071218,11.176581],[105.071218,11.051093],[105.064382,11.0067],[105.063975,10.995144],[105.065115,10.98432],[105.068614,10.973944],[105.074799,10.964179],[105.083263,10.955919],[105.092052,10.951687],[105.101654,10.949897],[105.113292,10.949042],[105.11321,10.930365],[105.097341,10.898953],[105.100027,10.881049],[105.105724,10.870469],[105.10906,10.861436],[105.108897,10.85224],[105.103445,10.841091],[105.090017,10.823513],[105.086355,10.813829],[105.087983,10.803412],[105.093679,10.794867],[105.122976,10.762274],[105.127859,10.753445],[105.130626,10.743842],[105.13323,10.721544],[105.135265,10.711859],[105.140147,10.703681],[105.148855,10.697333],[105.160818,10.692979],[105.198009,10.684923],[105.214366,10.674343],[105.220225,10.659044],[105.22405,10.622423],[105.230479,10.606309],[105.240815,10.590277],[105.253347,10.575751],[105.266612,10.564399],[105.283295,10.558051],[105.320567,10.553494],[105.334727,10.54503],[105.342459,10.529608],[105.346934,10.477891],[105.34962,10.471503],[105.353038,10.466986],[105.357514,10.463487],[105.410818,10.434597],[105.439138,10.414984],[105.444347,10.409003],[105.460134,10.3817],[105.478038,10.361396],[105.490489,10.350775],[105.495697,10.348212],[105.501557,10.336534],[105.605398,10.228583],[105.663503,10.147732],[105.708995,10.108507],[105.779226,10.064236],[105.810964,10.036892],[105.818289,10.028876],[105.837983,10.004991]]]}},{"type":"Feature","properties":{"dissolve":"47River","scalerank":2.0,"featurecla":"River","name":"Dihang","name_alt":null,"rivernum":47,"note":null,"min_zoom":2.1,"name_en":"Dihang","min_label":3.1},"bbox":[94.355968,28.002956,95.439138,29.893581],"geometry":{"type":"MultiLineString","coordinates":[[[94.355968,29.309516],[94.416515,29.353787],[94.424815,29.362331],[94.445404,29.392686],[94.462901,29.411933],[94.482595,29.428494],[94.502452,29.438666],[94.540701,29.448269],[94.552419,29.454535],[94.573416,29.476345],[94.582286,29.481798],[94.596283,29.486029],[94.627859,29.489529],[94.654552,29.48904],[94.663666,29.486355],[94.671967,29.481716],[94.680756,29.474799],[94.706554,29.464138],[94.730561,29.469591],[94.754405,29.480292],[94.78004,29.485134],[94.794932,29.484565],[94.806895,29.486151],[94.817312,29.491767],[94.835867,29.511257],[94.843435,29.517279],[94.861746,29.528266],[94.875255,29.540554],[94.924083,29.609565],[94.92628,29.621934],[94.913178,29.627265],[94.885916,29.633083],[94.890147,29.646267],[94.916596,29.668809],[94.911388,29.68419],[94.898692,29.690131],[94.891694,29.697211],[94.903575,29.71601],[94.954845,29.756944],[94.968679,29.758124],[94.996186,29.763617],[95.066335,29.76557],[95.084972,29.763739],[95.105886,29.758653],[95.116222,29.758612],[95.124522,29.764228],[95.127208,29.773546],[95.124115,29.782294],[95.117686,29.789618],[95.099701,29.801093],[95.093842,29.806505],[95.092459,29.813666],[95.107595,29.8581],[95.113048,29.867865],[95.128835,29.880194],[95.150971,29.889024],[95.174897,29.893581],[95.195079,29.89293],[95.206554,29.874091],[95.224132,29.866523],[95.245046,29.865994],[95.275808,29.868476],[95.286388,29.866889],[95.296479,29.863145],[95.303966,29.856798],[95.306895,29.850287],[95.307546,29.843533],[95.305919,29.836941],[95.302257,29.830919],[95.298269,29.82807],[95.287039,29.821845],[95.28419,29.818549],[95.288259,29.811225],[95.299408,29.805121],[95.369151,29.784451],[95.384044,29.771104],[95.386241,29.744412],[95.379975,29.72366],[95.379893,29.717149],[95.382253,29.711249],[95.390717,29.701199],[95.394216,29.695665],[95.396495,29.687812],[95.396414,29.680284],[95.392833,29.657294],[95.393891,29.635077],[95.388682,29.607245],[95.388194,29.594916],[95.393158,29.579779],[95.402192,29.562771],[95.406179,29.557685],[95.42213,29.543565],[95.425955,29.537177],[95.427989,29.529405],[95.428722,29.505561],[95.430919,29.498603],[95.437266,29.485622],[95.439138,29.478787],[95.437266,29.463813],[95.428722,29.450995],[95.31601,29.337266],[95.312511,29.330186],[95.254649,29.288398],[95.242198,29.284613],[95.214854,29.282497],[95.201752,29.278835],[95.154714,29.252265],[95.112315,29.218573],[95.101329,29.211941],[95.064708,29.196316],[95.053966,29.188341],[95.047781,29.18004],[95.044444,29.17654],[95.039154,29.173896],[95.032319,29.173041],[95.017589,29.174425],[95.010509,29.173896],[95.000906,29.16824],[95.000255,29.159735],[95.002859,29.149522],[95.00294,29.138861],[94.997569,29.130439],[94.969819,29.110663],[94.934662,29.07213],[94.916596,29.058905],[94.908702,29.051052],[94.904796,29.041205],[94.905284,29.0362],[94.906749,29.031602],[94.907237,29.026719],[94.904796,29.020941],[94.900645,29.016791],[94.86964,28.997585],[94.86321,28.992011],[94.857188,28.984646],[94.843272,28.96129],[94.837576,28.955634],[94.831147,28.950466],[94.816905,28.942572],[94.805675,28.939765],[94.796153,28.938503],[94.788503,28.934597],[94.783214,28.924018],[94.779714,28.89997],[94.778819,28.875434],[94.773448,28.854438],[94.774669,28.845567],[94.784679,28.841824],[94.785492,28.832546],[94.788097,28.826931],[94.793468,28.824083],[94.899994,28.824571],[94.915457,28.82099],[94.924083,28.811632],[94.924327,28.806423],[94.92213,28.803656],[94.918712,28.801703],[94.915619,28.798774],[94.913585,28.7956],[94.912527,28.793036],[94.912039,28.789862],[94.914073,28.773953],[94.916921,28.763007],[94.921316,28.752509],[94.92685,28.742987],[94.937755,28.733344],[94.965343,28.721015],[94.975597,28.712226],[94.977957,28.70539],[94.976736,28.690009],[94.977306,28.682725],[94.982514,28.675401],[94.990245,28.67536],[94.996755,28.678778],[94.999115,28.681952],[95.021495,28.631374],[95.031993,28.616034],[95.079031,28.567206],[95.097992,28.539374],[95.103526,28.507351],[95.099213,28.488471],[95.093679,28.472235],[95.090424,28.455756],[95.096202,28.418036],[95.092459,28.405788],[95.013438,28.326768],[94.999766,28.309353],[94.992931,28.286444],[94.988699,28.259385],[94.989513,28.250556],[94.992931,28.243109],[94.998139,28.237169],[95.010265,28.226386],[95.019054,28.214545],[95.024913,28.201728],[95.031993,28.173651],[95.037201,28.171658],[95.051768,28.161241],[95.06601,28.15587],[95.098888,28.149359],[95.129893,28.148057],[95.145274,28.150336],[95.160085,28.1553],[95.17335,28.163601],[95.182546,28.170844],[95.190847,28.175727],[95.200125,28.178331],[95.212169,28.178494],[95.22698,28.176622],[95.241466,28.173163],[95.255056,28.168036],[95.268158,28.160956],[95.275971,28.155341],[95.281342,28.149359],[95.284923,28.142157],[95.28948,28.123155],[95.293468,28.114529],[95.305756,28.097683],[95.316173,28.088731],[95.329031,28.081651],[95.355479,28.071153],[95.37672,28.065741],[95.384044,28.062608],[95.393077,28.054389],[95.397472,28.044949],[95.398204,28.03205],[95.396495,28.002956]]]}},{"type":"Feature","properties":{"dissolve":"485River","scalerank":7.0,"featurecla":"River","name":"Mamas","name_alt":null,"rivernum":485,"note":null,"min_zoom":6.0,"name_en":"Mamas","min_label":7.0},"bbox":[90.648692,26.192979,91.829112,28.291856],"geometry":{"type":"MultiLineString","coordinates":[[[91.776541,28.291856],[91.77589,28.097724],[91.777761,28.08393],[91.791515,28.043321],[91.796886,28.013454],[91.802257,27.999294],[91.808116,27.991075],[91.820811,27.97663],[91.825776,27.968207],[91.828298,27.959093],[91.829112,27.94953],[91.828136,27.939805],[91.819916,27.910224],[91.811453,27.890489],[91.800222,27.872016],[91.786713,27.855658],[91.758393,27.821601],[91.74822,27.802273],[91.741303,27.779853],[91.741954,27.761298],[91.753184,27.726182],[91.751231,27.708116],[91.747488,27.701728],[91.737315,27.690375],[91.732921,27.684353],[91.729991,27.677069],[91.725027,27.654324],[91.6963,27.592597],[91.690929,27.568061],[91.685313,27.515815],[91.673432,27.495632],[91.658376,27.485175],[91.624766,27.469997],[91.609304,27.460313],[91.579519,27.433214],[91.566987,27.417304],[91.558116,27.399441],[91.556651,27.389919],[91.558523,27.3699],[91.557221,27.358954],[91.529226,27.321804],[91.430756,27.276882],[91.391775,27.243028],[91.384695,27.22602],[91.381928,27.174994],[91.377045,27.15294],[91.368907,27.12877],[91.358002,27.105984],[91.3449,27.087755],[91.32545,27.073432],[91.257742,27.046332],[91.236827,27.031317],[91.219656,27.012641],[91.192312,26.969346],[91.172862,26.905707],[91.162364,26.890448],[91.14503,26.883979],[91.025401,26.879096],[90.97462,26.866482],[90.945242,26.838324],[90.95753,26.787543],[90.955089,26.785509],[90.952403,26.784125],[90.946218,26.782335],[90.936697,26.778347],[90.930431,26.771755],[90.919932,26.754218],[90.908132,26.728135],[90.907319,26.704901],[90.91505,26.653876],[90.910818,26.639919],[90.889659,26.609727],[90.881847,26.594509],[90.859467,26.51203],[90.853119,26.501166],[90.846202,26.492458],[90.84075,26.482733],[90.838634,26.469102],[90.841401,26.458604],[90.853282,26.439154],[90.856375,26.429714],[90.856456,26.41946],[90.854584,26.417792],[90.84962,26.416856],[90.840017,26.408515],[90.822765,26.385199],[90.809255,26.360541],[90.803315,26.339952],[90.799083,26.331081],[90.789806,26.32392],[90.776541,26.320746],[90.750255,26.318712],[90.739675,26.311713],[90.733897,26.299628],[90.730561,26.274726],[90.722667,26.263983],[90.712332,26.258653],[90.677257,26.251288],[90.667898,26.247829],[90.660574,26.243109],[90.655772,26.236192],[90.653575,26.226508],[90.655528,26.20779],[90.654714,26.19892],[90.648692,26.192979]]]}},{"type":"Feature","properties":{"dissolve":"486River","scalerank":7.0,"featurecla":"River","name":"Ou","name_alt":null,"rivernum":486,"note":null,"min_zoom":6.0,"name_en":"Ou","min_label":7.0},"bbox":[101.750662,20.048651,102.769216,22.434149],"geometry":{"type":"MultiLineString","coordinates":[[[101.759288,22.434149],[101.75294,22.421942],[101.750662,22.405788],[101.75294,22.374864],[101.758881,22.3581],[101.789073,22.311306],[101.809825,22.258897],[101.819021,22.210069],[101.814952,22.162706],[101.79599,22.114691],[101.778819,22.070828],[101.775483,22.044989],[101.785167,22.030056],[101.794444,22.030463],[101.800792,22.036485],[101.806082,22.044053],[101.812266,22.049262],[101.823416,22.052843],[101.833588,22.054755],[101.844168,22.054999],[101.868256,22.052069],[101.876394,22.051947],[101.909679,22.061835],[101.949474,22.06212],[101.960867,22.064317],[101.990652,22.078681],[102.014659,22.083767],[102.06544,22.084418],[102.090587,22.089382],[102.139903,22.106553],[102.160167,22.117703],[102.170828,22.122016],[102.182628,22.124132],[102.225841,22.112494],[102.253917,22.080024],[102.311534,21.94477],[102.315359,21.917426],[102.305268,21.89114],[102.28655,21.871772],[102.208425,21.820624],[102.198985,21.812812],[102.191335,21.803738],[102.186697,21.792833],[102.186941,21.777045],[102.203705,21.728827],[102.208751,21.705837],[102.212576,21.695136],[102.219249,21.685167],[102.228445,21.678819],[102.249278,21.670681],[102.257253,21.662706],[102.257823,21.6553],[102.254812,21.646918],[102.252371,21.637478],[102.255056,21.627061],[102.262136,21.621527],[102.292247,21.60989],[102.312999,21.592719],[102.326101,21.573676],[102.33253,21.551581],[102.333263,21.50491],[102.342214,21.451687],[102.343435,21.425564],[102.339936,21.378526],[102.34669,21.352118],[102.353282,21.337755],[102.358979,21.32807],[102.38087,21.304307],[102.386811,21.29328],[102.390554,21.288764],[102.401134,21.28205],[102.412201,21.279405],[102.437022,21.277615],[102.458751,21.26557],[102.468679,21.242947],[102.476654,21.135606],[102.48463,21.106798],[102.497813,21.085313],[102.51588,21.076199],[102.539806,21.073269],[102.66155,21.07453],[102.686127,21.065497],[102.712169,21.046413],[102.734386,21.022732],[102.747813,20.999864],[102.769216,20.910915],[102.768321,20.89114],[102.756114,20.878241],[102.722097,20.858344],[102.716319,20.851874],[102.706716,20.836737],[102.700613,20.830593],[102.691173,20.826606],[102.668061,20.820746],[102.660818,20.816921],[102.652843,20.7921],[102.657725,20.762763],[102.666515,20.732733],[102.670095,20.706122],[102.665945,20.68712],[102.652192,20.652371],[102.6456,20.608507],[102.643321,20.60163],[102.638113,20.592719],[102.630789,20.58515],[102.621104,20.578925],[102.60849,20.574001],[102.600841,20.574571],[102.5949,20.578681],[102.588878,20.58157],[102.580577,20.578559],[102.576671,20.571885],[102.569835,20.541205],[102.570567,20.503119],[102.568126,20.486762],[102.557221,20.470242],[102.466075,20.408962],[102.441173,20.381537],[102.435069,20.365587],[102.432384,20.315253],[102.421316,20.292792],[102.378347,20.268581],[102.359955,20.250556],[102.319021,20.146308],[102.302989,20.119167],[102.279307,20.088731],[102.25172,20.062771],[102.224213,20.048651]]]}},{"type":"Feature","properties":{"dissolve":"51River","scalerank":2.0,"featurecla":"River","name":"Brahmaputra","name_alt":null,"rivernum":51,"note":null,"min_zoom":2.1,"name_en":"Brahmaputra","min_label":3.1},"bbox":[89.612722,23.461982,95.47169,28.002956],"geometry":{"type":"MultiLineString","coordinates":[[[95.396495,28.002956],[95.401541,27.971991],[95.418956,27.941718],[95.441335,27.915554],[95.461518,27.896796],[95.47169,27.871365],[95.459483,27.843858],[95.437266,27.824815],[95.417003,27.824774],[95.403331,27.809353],[95.38323,27.793809],[95.360281,27.781806],[95.33839,27.776964],[95.330333,27.772406],[95.293468,27.742784],[95.254405,27.730333],[95.217703,27.725287],[95.149425,27.701239],[95.108165,27.696601],[95.098155,27.691352],[95.090831,27.679267],[95.085541,27.653428],[95.081147,27.640448],[95.093435,27.650906],[95.104096,27.666775],[95.116954,27.68122],[95.135753,27.687567],[95.144135,27.680487],[95.148367,27.663764],[95.147065,27.644395],[95.139415,27.629584],[95.102468,27.60989],[95.024913,27.606757],[94.992442,27.599433],[94.954845,27.574652],[94.94394,27.569403],[94.933116,27.569648],[94.92335,27.571641],[94.916596,27.57156],[94.906342,27.561876],[94.88087,27.528591],[94.875662,27.520046],[94.868175,27.502997],[94.850678,27.501044],[94.831391,27.503485],[94.817556,27.499538],[94.761811,27.458319],[94.752208,27.448594],[94.76946,27.435004],[94.757823,27.419257],[94.721446,27.396796],[94.703136,27.382432],[94.66684,27.363796],[94.649832,27.351833],[94.654796,27.349148],[94.664806,27.341498],[94.670095,27.338731],[94.667003,27.334825],[94.665538,27.331407],[94.66448,27.327989],[94.662852,27.32449],[94.646495,27.328152],[94.631847,27.316107],[94.620616,27.29621],[94.615001,27.276679],[94.622813,27.287462],[94.634532,27.29918],[94.648448,27.308417],[94.662852,27.311469],[94.681407,27.305691],[94.684255,27.294949],[94.676687,27.282009],[94.662852,27.269884],[94.658376,27.269599],[94.654307,27.272406],[94.648367,27.273057],[94.631847,27.260606],[94.61964,27.253607],[94.615001,27.249376],[94.60849,27.23725],[94.601329,27.194159],[94.592865,27.199815],[94.587901,27.207587],[94.586355,27.217353],[94.587576,27.228868],[94.571056,27.218085],[94.565359,27.197048],[94.566498,27.150092],[94.565684,27.139838],[94.560313,27.115587],[94.554779,27.101386],[94.542003,27.09988],[94.518891,27.106024],[94.500906,27.096869],[94.471446,27.069525],[94.4546,27.063788],[94.448416,27.059394],[94.445404,27.049018],[94.444347,27.026882],[94.440684,27.016669],[94.432221,27.007758],[94.417003,26.996161],[94.406261,26.985134],[94.399832,26.980536],[94.389171,26.975653],[94.359386,26.969916],[94.351492,26.965155],[94.325287,26.938788],[94.308116,26.927598],[94.286632,26.920437],[94.264578,26.919013],[94.20753,26.927273],[94.196869,26.92418],[94.184255,26.916571],[94.173757,26.906602],[94.169444,26.896552],[94.164643,26.896674],[94.155284,26.883246],[94.147716,26.86872],[94.148936,26.86579],[94.143565,26.862372],[94.121593,26.852159],[94.121186,26.855414],[94.121593,26.86579],[94.114757,26.858344],[94.113292,26.869452],[94.119395,26.883246],[94.135183,26.906806],[94.113455,26.912421],[94.093435,26.901923],[94.076427,26.88703],[94.063487,26.879462],[94.044363,26.875841],[94.0088,26.858466],[93.991222,26.852159],[93.945567,26.841579],[93.927013,26.831651],[93.906505,26.813992],[93.877533,26.778673],[93.863373,26.765937],[93.841075,26.755927],[93.763764,26.739529],[93.751557,26.732042],[93.656668,26.714952],[93.635916,26.718085],[93.61671,26.724799],[93.59905,26.734239],[93.583588,26.746039],[93.567963,26.75198],[93.5053,26.755927],[93.462576,26.766954],[93.439952,26.768093],[93.415701,26.762152],[93.410818,26.759589],[93.406668,26.756049],[93.377452,26.723456],[93.368337,26.718451],[93.357595,26.718451],[93.346202,26.723009],[93.325776,26.734931],[93.313243,26.739773],[93.300222,26.741767],[93.28712,26.740912],[93.274343,26.737128],[93.248057,26.724433],[93.183116,26.674018],[93.141612,26.654568],[93.119151,26.647488],[93.10434,26.649766],[93.086681,26.656195],[93.062511,26.654608],[93.018565,26.646064],[92.898448,26.65351],[92.884207,26.650987],[92.880626,26.644477],[92.879975,26.635443],[92.874522,26.625596],[92.85377,26.612006],[92.833751,26.608344],[92.732595,26.613593],[92.710704,26.611355],[92.67628,26.600206],[92.657156,26.590847],[92.648692,26.581244],[92.644542,26.5692],[92.623139,26.53323],[92.614513,26.52322],[92.594737,26.517524],[92.508067,26.515733],[92.478933,26.519477],[92.429698,26.534695],[92.401541,26.5362],[92.391205,26.53323],[92.353282,26.515733],[92.325125,26.508165],[92.313894,26.502712],[92.302013,26.492133],[92.292735,26.487576],[92.255056,26.474799],[92.249522,26.473944],[92.24464,26.471544],[92.240652,26.468044],[92.237071,26.463568],[92.234386,26.458319],[92.232432,26.452704],[92.230968,26.446885],[92.230235,26.44123],[92.22462,26.44123],[92.202647,26.454617],[92.172781,26.442939],[92.124441,26.403388],[92.110362,26.394843],[92.075776,26.380154],[92.065847,26.372382],[92.063406,26.358751],[92.069265,26.326117],[92.065847,26.309638],[92.056895,26.30329],[92.040701,26.297146],[92.022472,26.292304],[92.007823,26.290391],[91.997081,26.287055],[91.970795,26.272081],[91.952891,26.268663],[91.933523,26.269558],[91.924734,26.268012],[91.915701,26.262885],[91.911876,26.258979],[91.902599,26.246161],[91.897553,26.24197],[91.891205,26.238796],[91.884369,26.236599],[91.878022,26.235378],[91.869884,26.235867],[91.854096,26.239691],[91.846121,26.239325],[91.692393,26.171942],[91.665294,26.166449],[91.619395,26.171332],[91.606944,26.1706],[91.595144,26.16706],[91.542084,26.144843],[91.529063,26.141059],[91.498139,26.139757],[91.39088,26.170437],[91.37558,26.172146],[91.360444,26.171576],[91.329845,26.164008],[91.316417,26.162177],[91.302826,26.162665],[91.288178,26.165595],[91.275076,26.170478],[91.250418,26.183214],[91.198253,26.202826],[91.135509,26.213568],[91.119721,26.211859],[91.062104,26.186835],[91.029552,26.179999],[90.963796,26.17414],[90.932872,26.162543],[90.902843,26.142646],[90.887462,26.134955],[90.869151,26.130886],[90.84962,26.130439],[90.839692,26.1317],[90.831065,26.134711],[90.825125,26.139024],[90.813975,26.149197],[90.807384,26.15351],[90.7942,26.157986],[90.752452,26.160183],[90.739513,26.162787],[90.728282,26.167548],[90.706391,26.180121],[90.682058,26.190009],[90.583018,26.205146],[90.506847,26.228705],[90.490001,26.228868],[90.473888,26.224555],[90.459972,26.214871],[90.434255,26.178249],[90.421479,26.168402],[90.402924,26.161444],[90.364513,26.154568],[90.346121,26.148301],[90.308442,26.125067],[90.294037,26.119737],[90.242442,26.11282],[90.226329,26.106472],[90.1963,26.084499],[90.176768,26.077216],[90.135753,26.067654],[90.045421,26.034044],[89.97519,26.018988],[89.954194,26.010688],[89.936615,25.99433],[89.904063,25.941962],[89.889659,25.926459],[89.859386,25.902167],[89.846446,25.888739],[89.836436,25.871405],[89.812999,25.815741],[89.744884,25.709499],[89.736827,25.69184],[89.722585,25.630927],[89.7046,25.592963],[89.697765,25.572943],[89.697032,25.550727],[89.70696,25.506212],[89.707612,25.483344],[89.698416,25.438788],[89.699229,25.417344],[89.697276,25.399278],[89.691417,25.382025],[89.675385,25.348944],[89.670909,25.324327],[89.678315,25.305243],[89.690929,25.287177],[89.700776,25.265733],[89.702647,25.241767],[89.696707,25.219916],[89.685069,25.200141],[89.662527,25.173367],[89.65797,25.163845],[89.649994,25.130683],[89.626231,25.074774],[89.612722,24.959825],[89.612722,24.94835],[89.614268,24.937079],[89.618093,24.926215],[89.624278,24.915839],[89.647472,24.889838],[89.658132,24.8699],[89.665294,24.848334],[89.670665,24.802924],[89.673595,24.791531],[89.679291,24.780707],[89.7046,24.750556],[89.715831,24.726426],[89.731537,24.651719],[89.759858,24.586982],[89.767996,24.549587],[89.768972,24.53087],[89.767345,24.511176],[89.759288,24.479844],[89.758311,24.442572],[89.749034,24.370551],[89.749034,24.360785],[89.7553,24.322455],[89.754649,24.283271],[89.751475,24.268256],[89.749034,24.26081],[89.734793,24.232733],[89.733165,24.22366],[89.734874,24.216498],[89.741222,24.201199],[89.743175,24.193183],[89.743337,24.183783],[89.739675,24.156684],[89.740326,24.131293],[89.739675,24.122992],[89.734793,24.105984],[89.701671,24.035509],[89.696788,24.016059],[89.695811,23.997016],[89.700287,23.958116],[89.726085,23.884467],[89.744395,23.858669],[89.785655,23.796739],[89.803722,23.779812],[89.843272,23.756049],[89.855072,23.746609],[89.908621,23.67414],[89.920095,23.665229],[89.934011,23.659776],[89.969005,23.652167],[89.985037,23.644355],[90.142589,23.544501],[90.170339,23.520453],[90.19337,23.506903],[90.212901,23.495469],[90.225352,23.483018],[90.235281,23.474392],[90.250092,23.461982]],[[89.755463,24.274441],[89.75644,24.272895],[89.75823,24.271511],[89.763927,24.268012],[89.765717,24.264268],[89.792572,24.237576],[89.803722,24.2296],[89.806651,24.226589],[89.807628,24.221218],[89.808116,24.199327],[89.826101,24.195136],[89.829845,24.185981],[89.827891,24.176825],[89.828868,24.172634],[89.832286,24.166124],[89.828298,24.151801],[89.826427,24.137559],[89.835704,24.131049],[89.8838,24.131049],[89.907156,24.089464],[89.913259,24.08747],[89.922781,24.086778],[89.931244,24.085069],[89.935069,24.079861],[89.936453,24.071804],[89.940033,24.065741],[89.961436,24.039618],[89.970307,24.034857],[89.996349,24.035468],[90.026296,24.030707],[90.038503,24.03087],[90.050955,24.035468],[90.044932,24.021796],[90.066417,24.015082],[90.083507,24.013048],[90.094737,24.005968],[90.103282,23.967719],[90.114675,23.955919],[90.146658,23.939276],[90.148936,23.936713],[90.151296,23.932644],[90.154714,23.928412],[90.160248,23.925605],[90.166108,23.925889],[90.169037,23.932644],[90.174571,23.933051],[90.194591,23.925971],[90.205007,23.920844],[90.212169,23.915635],[90.22698,23.898017],[90.238292,23.880398],[90.246023,23.86046],[90.250418,23.836249],[90.240896,23.797431],[90.222992,23.757188],[90.220225,23.729356],[90.256602,23.727607],[90.276541,23.737413],[90.290701,23.749701],[90.302664,23.756659],[90.315115,23.750556],[90.347179,23.715766],[90.35963,23.706488],[90.378022,23.697821],[90.405284,23.693793],[90.421641,23.686062],[90.466889,23.643866],[90.476329,23.631415],[90.457042,23.625515],[90.458018,23.608507],[90.476329,23.582953]]]}},{"type":"Feature","properties":{"dissolve":"540River","scalerank":7.0,"featurecla":"River","name":"Yalong","name_alt":null,"rivernum":540,"note":null,"min_zoom":6.0,"name_en":"Yalong","min_label":7.0},"bbox":[97.157237,26.605089,102.016124,34.064236],"geometry":{"type":"MultiLineString","coordinates":[[[97.616628,34.064236],[97.60906,34.046007],[97.591319,34.033718],[97.345714,33.942084],[97.328298,33.931912],[97.313243,33.920478],[97.235769,33.841986],[97.226736,33.834906],[97.216401,33.831732],[97.190847,33.828803],[97.181895,33.824327],[97.172374,33.81745],[97.164643,33.81448],[97.159272,33.809638],[97.157237,33.797065],[97.159434,33.787706],[97.171641,33.759141],[97.217296,33.554145],[97.223562,33.538275],[97.231944,33.524115],[97.243663,33.50906],[97.248057,33.494086],[97.24822,33.474921],[97.251557,33.458319],[97.276378,33.444892],[97.331716,33.373155],[97.344168,33.360907],[97.359386,33.35574],[97.396902,33.352607],[97.417003,33.348171],[97.431651,33.341417],[97.473888,33.358222],[97.518647,33.370063],[97.564545,33.376166],[97.609793,33.375556],[97.672374,33.363634],[97.695404,33.361925],[97.715831,33.368516],[97.749441,33.399766],[97.768077,33.409735],[97.800548,33.402371],[97.840017,33.376573],[97.875662,33.343329],[97.897227,33.313544],[97.899343,33.304145],[97.901378,33.281358],[97.904063,33.272528],[97.911388,33.262966],[97.951264,33.228624],[97.969493,33.22248],[98.045665,33.215115],[98.055431,33.211127],[98.060313,33.205146],[98.065115,33.19599],[98.071056,33.187527],[98.079112,33.183783],[98.116303,33.179755],[98.157807,33.170193],[98.172944,33.158393],[98.186453,33.142442],[98.201915,33.128363],[98.223399,33.122341],[98.237641,33.1164],[98.319753,33.0456],[98.336925,33.014594],[98.364024,32.936794],[98.391612,32.904975],[98.432384,32.888983],[98.521007,32.868476],[98.576427,32.844428],[98.593272,32.841173],[98.60377,32.846544],[98.612234,32.859198],[98.61964,32.873969],[98.627452,32.885565],[98.643891,32.890163],[98.664643,32.883368],[98.761241,32.820665],[98.765636,32.833686],[98.775808,32.832221],[98.788097,32.825019],[98.799083,32.820665],[98.816905,32.817694],[98.822032,32.809516],[98.824229,32.797431],[98.8331,32.782823],[98.851654,32.759345],[98.862397,32.752875],[98.87794,32.755479],[98.904307,32.764472],[98.905284,32.766059],[98.914806,32.76378],[98.925792,32.754503],[98.935964,32.752387],[98.953543,32.754706],[98.981456,32.764431],[98.99407,32.766059],[99.003917,32.762315],[99.04184,32.738105],[99.049734,32.728135],[99.056163,32.703681],[99.062266,32.689765],[99.095876,32.650458],[99.103933,32.635118],[99.089854,32.627753],[99.082123,32.610053],[99.081716,32.589708],[99.090261,32.574286],[99.071544,32.562283],[99.064464,32.539618],[99.065033,32.513699],[99.069591,32.491767],[99.082612,32.456651],[99.082612,32.443915],[99.076752,32.437323],[99.053722,32.423611],[99.043224,32.414862],[99.031505,32.412543],[99.019786,32.408637],[99.014415,32.398953],[99.010265,32.383653],[99.000255,32.37877],[98.988048,32.377143],[98.966563,32.367255],[98.951671,32.365261],[98.938243,32.361151],[98.932546,32.350857],[98.934988,32.338935],[98.952891,32.299913],[98.976573,32.305528],[98.995942,32.299994],[99.013276,32.290961],[99.031505,32.286241],[99.04127,32.285102],[99.062266,32.279975],[99.072765,32.278835],[99.082286,32.282782],[99.106619,32.301052],[99.117442,32.306749],[99.142019,32.308214],[99.203136,32.293077],[99.225515,32.292426],[99.245697,32.289008],[99.264415,32.280626],[99.281993,32.265163],[99.302338,32.231635],[99.32366,32.186957],[99.326671,32.17536],[99.333751,32.170274],[99.340831,32.168321],[99.344005,32.165839],[99.345144,32.150702],[99.348399,32.147162],[99.354747,32.147081],[99.364513,32.142279],[99.39503,32.117621],[99.412201,32.110622],[99.43629,32.108181],[99.455333,32.102973],[99.463878,32.089301],[99.467459,32.046698],[99.471446,32.027899],[99.480479,32.007351],[99.494151,31.99079],[99.511811,31.983995],[99.528575,31.975165],[99.561046,31.932156],[99.576182,31.916327],[99.635834,31.896755],[99.64503,31.885037],[99.647227,31.875352],[99.656668,31.853624],[99.658702,31.844021],[99.656749,31.822577],[99.658376,31.817003],[99.665538,31.806464],[99.68214,31.79088],[99.720714,31.772895],[99.737641,31.762152],[99.752045,31.743435],[99.781668,31.676134],[99.806163,31.651719],[99.841319,31.640937],[99.970225,31.628852],[100.017833,31.616034],[100.060557,31.595567],[100.090017,31.56627],[100.096934,31.545193],[100.102306,31.500596],[100.114024,31.480984],[100.140554,31.460273],[100.155528,31.453681],[100.15919,31.445868],[100.161632,31.436632],[100.165131,31.429145],[100.183116,31.416612],[100.206147,31.405707],[100.226166,31.392117],[100.234793,31.371405],[100.239268,31.349677],[100.268891,31.298774],[100.282319,31.25727],[100.291515,31.191921],[100.305186,31.150458],[100.309825,31.128038],[100.309825,31.064521],[100.306407,31.052314],[100.308604,31.040839],[100.308849,30.959255],[100.307872,30.950792],[100.306244,30.943671],[100.302989,30.936306],[100.278901,30.918728],[100.266205,30.896023],[100.245128,30.888739],[100.199962,30.881659],[100.163829,30.856716],[100.149832,30.821112],[100.152192,30.779893],[100.197032,30.657986],[100.217703,30.626329],[100.248464,30.60045],[100.271983,30.584581],[100.288829,30.570258],[100.316742,30.538398],[100.332774,30.52501],[100.355724,30.514431],[100.382335,30.507392],[100.409434,30.50491],[100.440115,30.463324],[100.453624,30.448798],[100.463145,30.444037],[100.53297,30.438666],[100.562511,30.430528],[100.577403,30.414903],[100.587983,30.420762],[100.594005,30.419786],[100.604584,30.408067],[100.605235,30.405219],[100.604584,30.391303],[100.606456,30.387152],[100.610362,30.387478],[100.614838,30.388861],[100.618256,30.387559],[100.628673,30.374864],[100.63974,30.366807],[100.666108,30.354071],[100.680919,30.34337],[100.69101,30.330634],[100.707042,30.298855],[100.716563,30.285427],[100.728038,30.272325],[100.737722,30.257921],[100.741791,30.240505],[100.750255,30.225898],[100.787364,30.221055],[100.80421,30.193427],[100.822846,30.194037],[100.842865,30.199042],[100.854503,30.19953],[100.863048,30.189724],[100.866222,30.187038],[100.915701,30.196072],[100.936697,30.207587],[100.956635,30.210639],[100.977957,30.209093],[100.995697,30.203233],[101.002208,30.18004],[100.99879,30.157294],[100.991954,30.136013],[100.98821,30.117255],[100.994395,30.11046],[101.006114,30.107001],[101.013194,30.101833],[101.005626,30.089952],[101.001964,30.082221],[101.00351,30.073106],[101.007253,30.063056],[101.009369,30.052436],[101.003022,30.006903],[101.003022,29.981147],[101.012462,29.969835],[101.027192,29.960476],[101.061941,29.916124],[101.070811,29.901557],[101.086925,29.859158],[101.090343,29.839179],[101.08839,29.75377],[101.084402,29.736436],[101.072358,29.712348],[101.070811,29.702338],[101.074148,29.691474],[101.088145,29.671698],[101.091238,29.665107],[101.089936,29.66059],[101.083751,29.647895],[101.081065,29.643988],[101.080089,29.640489],[101.083425,29.629828],[101.084402,29.623847],[101.086681,29.617377],[101.118337,29.575629],[101.125092,29.569892],[101.132253,29.565782],[101.124766,29.52794],[101.152354,29.464667],[101.139659,29.428575],[101.107188,29.399726],[101.087576,29.386054],[101.074229,29.380194],[101.07252,29.378363],[101.058604,29.369656],[101.050304,29.366523],[101.039806,29.367051],[101.030528,29.370673],[101.021088,29.372138],[101.009369,29.366523],[101.009369,29.359727],[101.01588,29.350287],[101.018158,29.345486],[101.015636,29.346055],[101.021495,29.344509],[101.029307,29.345242],[101.035492,29.34809],[101.036062,29.352891],[101.040701,29.342353],[101.042979,29.331977],[101.054617,29.202948],[101.061697,29.1789],[101.074229,29.167914],[101.093761,29.160834],[101.105235,29.143256],[101.118663,29.099677],[101.151378,29.029975],[101.149913,29.013373],[101.142833,29.003363],[101.142182,28.994249],[101.150401,28.966661],[101.160818,28.960476],[101.172455,28.956163],[101.180675,28.948798],[101.184255,28.928005],[101.173839,28.86286],[101.175141,28.796454],[101.180675,28.776923],[101.186046,28.768663],[101.191417,28.764675],[101.196707,28.759874],[101.201101,28.749579],[101.202566,28.739285],[101.201915,28.684923],[101.242117,28.495185],[101.270437,28.415961],[101.279796,28.399115],[101.292979,28.383653],[101.31129,28.374701],[101.331065,28.372138],[101.349864,28.36579],[101.365001,28.345526],[101.366628,28.335761],[101.363292,28.315863],[101.365001,28.304551],[101.369395,28.298163],[101.382742,28.285753],[101.385509,28.280707],[101.384044,28.257351],[101.371755,28.201524],[101.378917,28.166083],[101.408214,28.140937],[101.443126,28.118964],[101.467377,28.092882],[101.478282,28.070746],[101.487315,28.063056],[101.525971,28.065009],[101.540538,28.073676],[101.571056,28.133857],[101.587901,28.149604],[101.608328,28.164618],[101.625418,28.180447],[101.632416,28.198432],[101.634776,28.208441],[101.644542,28.227851],[101.652924,28.284044],[101.652924,28.325629],[101.655772,28.33629],[101.666515,28.36286],[101.674408,28.372138],[101.71046,28.396674],[101.721202,28.407009],[101.746023,28.474392],[101.749115,28.492947],[101.745046,28.534857],[101.74822,28.550401],[101.762787,28.565253],[101.828136,28.594062],[101.84962,28.612087],[101.875987,28.618354],[101.903819,28.621202],[101.919932,28.620469],[101.937999,28.606757],[101.936046,28.592597],[101.925873,28.577582],[101.913829,28.54446],[101.872081,28.482733],[101.864268,28.442694],[101.881928,28.363349],[101.885753,28.325629],[101.883556,28.316514],[101.874278,28.294989],[101.861908,28.277655],[101.86085,28.26907],[101.860932,28.260321],[101.858409,28.249945],[101.848237,28.231716],[101.813731,28.191596],[101.796397,28.160509],[101.791596,28.146308],[101.790538,28.139268],[101.790131,28.130154],[101.786713,28.109483],[101.771983,28.07746],[101.769054,28.058173],[101.773936,28.036811],[101.785574,28.028347],[101.824311,28.023993],[101.845225,28.024237],[101.854503,28.021674],[101.858409,28.013129],[101.853526,28.0067],[101.827159,27.989285],[101.822846,27.980658],[101.839447,27.96251],[101.861257,27.946804],[101.872081,27.944892],[101.868582,27.923774],[101.85963,27.911241],[101.848562,27.900946],[101.837901,27.886176],[101.867442,27.886094],[101.882335,27.876532],[101.885346,27.859809],[101.878917,27.838446],[101.91155,27.82453],[101.924897,27.786241],[101.934255,27.743109],[101.9546,27.714911],[101.977306,27.710883],[101.997081,27.712429],[102.010834,27.707587],[102.016124,27.684516],[102.015147,27.665839],[102.010916,27.642768],[102.002615,27.622626],[101.98878,27.612494],[101.994395,27.603868],[101.99822,27.59573],[102.000499,27.587999],[102.001394,27.580675],[101.997569,27.560126],[101.97877,27.519843],[101.974539,27.496405],[101.97226,27.430487],[101.960867,27.365505],[101.950125,27.337226],[101.937266,27.317003],[101.90325,27.280097],[101.889089,27.257636],[101.871349,27.205349],[101.858409,27.180487],[101.868175,27.176052],[101.874278,27.166693],[101.87672,27.157416],[101.875499,27.153144],[101.875662,27.150946],[101.844737,27.139512],[101.828705,27.128038],[101.815522,27.11461],[101.80657,27.097439],[101.803233,27.074327],[101.797944,27.056098],[101.773692,27.011786],[101.72877,26.968817],[101.708425,26.962022],[101.696788,26.956814],[101.687104,26.947781],[101.699311,26.932156],[101.702729,26.893134],[101.72519,26.848456],[101.732188,26.844672],[101.769054,26.837917],[101.796479,26.817694],[101.836436,26.763454],[101.865245,26.742947],[101.855968,26.732042],[101.824311,26.674018],[101.82366,26.669257],[101.825206,26.65823],[101.824311,26.65351],[101.813406,26.638129],[101.796397,26.605089]]]}},{"type":"Feature","properties":{"dissolve":"546River","scalerank":7.0,"featurecla":"River","name":"Sittong","name_alt":null,"rivernum":546,"note":null,"min_zoom":6.0,"name_en":"Sittong","min_label":7.0},"bbox":[95.786876,17.457384,96.903412,20.218207],"geometry":{"type":"MultiLineString","coordinates":[[[95.786876,20.218207],[95.815847,20.198839],[95.831147,20.193061],[95.852061,20.190945],[95.871593,20.193915],[95.908376,20.205146],[95.930756,20.204617],[95.990896,20.180609],[96.009695,20.176622],[96.014903,20.174628],[96.020112,20.170111],[96.026866,20.165595],[96.037201,20.163601],[96.083018,20.163601],[96.100597,20.161689],[96.121023,20.155951],[96.141775,20.146267],[96.160737,20.132595],[96.167003,20.125352],[96.174571,20.112128],[96.181082,20.105292],[96.189871,20.100531],[96.209402,20.097276],[96.218272,20.094753],[96.240815,20.069037],[96.247081,20.029608],[96.239268,19.943915],[96.241466,19.884141],[96.239268,19.861925],[96.228038,19.839464],[96.225678,19.827826],[96.231944,19.786892],[96.247325,19.76614],[96.282725,19.731269],[96.293956,19.711127],[96.296153,19.688056],[96.292898,19.668565],[96.29184,19.649848],[96.300792,19.629218],[96.27825,19.62287],[96.283214,19.59516],[96.307628,19.536078],[96.290538,19.498847],[96.283214,19.492296],[96.279877,19.477566],[96.279552,19.461534],[96.280284,19.451687],[96.29184,19.402899],[96.302175,19.37995],[96.317882,19.358588],[96.321218,19.350531],[96.316987,19.344428],[96.310802,19.338487],[96.307628,19.330919],[96.309825,19.323513],[96.319021,19.317206],[96.325287,19.299384],[96.334972,19.288031],[96.346446,19.281928],[96.355968,19.286566],[96.411225,19.196967],[96.424327,19.163113],[96.430756,19.158555],[96.435557,19.154242],[96.437999,19.15001],[96.43629,19.143826],[96.431651,19.138617],[96.426768,19.135565],[96.424327,19.135769],[96.424327,19.115302],[96.425955,19.108995],[96.430186,19.108751],[96.434825,19.110134],[96.437999,19.108466],[96.442475,19.088568],[96.437999,19.032742],[96.451589,19.033067],[96.457449,19.014757],[96.45989,18.951768],[96.463145,18.941026],[96.469005,18.93655],[96.477794,18.932929],[96.479991,18.924628],[96.479503,18.909857],[96.498627,18.875922],[96.50058,18.856757],[96.482595,18.848334],[96.459565,18.844509],[96.449311,18.833441],[96.448171,18.815985],[96.45753,18.763251],[96.458507,18.738552],[96.45696,18.731879],[96.452566,18.720771],[96.451671,18.71369],[96.454845,18.692898],[96.46339,18.679551],[96.485769,18.656562],[96.505382,18.620876],[96.520112,18.602078],[96.558442,18.585313],[96.578136,18.565294],[96.593761,18.542548],[96.604991,18.52029],[96.607839,18.517157],[96.615896,18.51199],[96.612641,18.508734],[96.605968,18.501532],[96.602468,18.498318],[96.609304,18.488593],[96.629812,18.471015],[96.63323,18.461127],[96.637218,18.436835],[96.66684,18.375434],[96.671886,18.367621],[96.678233,18.361151],[96.673757,18.3546],[96.670665,18.346381],[96.670665,18.337917],[96.674815,18.330675],[96.684825,18.319363],[96.684581,18.313747],[96.680186,18.308905],[96.678233,18.299669],[96.681733,18.258734],[96.698822,18.196153],[96.705496,18.1824],[96.717052,18.1706],[96.726085,18.17121],[96.73406,18.175076],[96.742686,18.172716],[96.745942,18.165717],[96.739187,18.150662],[96.739024,18.141425],[96.743337,18.137641],[96.750255,18.13642],[96.756765,18.133612],[96.759532,18.125271],[96.757416,18.122626],[96.75294,18.120673],[96.74822,18.116645],[96.746511,18.107856],[96.756358,18.077175],[96.773529,18.058539],[96.780528,18.05329],[96.795014,18.056179],[96.803966,18.053982],[96.807872,18.042751],[96.808686,18.015204],[96.812592,18.004421],[96.821544,17.997992],[96.811941,17.993028],[96.807872,17.991807],[96.807872,17.984402],[96.828298,17.976386],[96.834483,17.960028],[96.835216,17.943874],[96.838634,17.936591],[96.854421,17.939236],[96.857921,17.935655],[96.86321,17.922919],[96.864268,17.914415],[96.86321,17.881944],[96.878673,17.794013],[96.887218,17.775336],[96.889903,17.765245],[96.889578,17.753933],[96.884532,17.734442],[96.883067,17.7237],[96.882253,17.720974],[96.88087,17.711453],[96.881602,17.701199],[96.886485,17.696357],[96.891612,17.693915],[96.897227,17.687812],[96.901785,17.680121],[96.903412,17.672797],[96.902192,17.656765],[96.8838,17.569525],[96.883067,17.457384]]]}},{"type":"Feature","properties":{"dissolve":"636River","scalerank":7.0,"featurecla":"River","name":"Chao Phraya","name_alt":null,"rivernum":636,"note":null,"min_zoom":6.0,"name_en":"Chao Phraya","min_label":7.0},"bbox":[100.010916,13.516669,100.597748,15.70657],"geometry":{"type":"MultiLineString","coordinates":[[[100.140717,15.70657],[100.134044,15.703315],[100.13087,15.702419],[100.12794,15.702094],[100.118337,15.696601],[100.096934,15.654324],[100.104421,15.654324],[100.095632,15.636094],[100.095632,15.622341],[100.098155,15.608954],[100.096934,15.592231],[100.093354,15.587673],[100.077078,15.573025],[100.080333,15.565131],[100.085948,15.562812],[100.092214,15.562079],[100.096934,15.558702],[100.100352,15.5574],[100.10491,15.558702],[100.108897,15.559149],[100.110606,15.554999],[100.108897,15.546576],[100.106944,15.543158],[100.104421,15.54503],[100.10255,15.544053],[100.100108,15.538642],[100.097992,15.532172],[100.096934,15.528022],[100.099132,15.523261],[100.10377,15.520046],[100.108409,15.518256],[100.110606,15.517768],[100.110606,15.463162],[100.125662,15.468207],[100.130789,15.455919],[100.127371,15.436957],[100.117442,15.421495],[100.108002,15.418524],[100.090261,15.420844],[100.083263,15.41474],[100.083588,15.407579],[100.093761,15.388373],[100.096934,15.380561],[100.091238,15.383897],[100.070242,15.386786],[100.070242,15.380561],[100.086843,15.368516],[100.092052,15.353461],[100.088145,15.336534],[100.068289,15.306586],[100.058442,15.287177],[100.059581,15.271674],[100.083263,15.270697],[100.079519,15.263943],[100.078624,15.255886],[100.080333,15.246894],[100.083914,15.237372],[100.115815,15.186957],[100.121511,15.180447],[100.129324,15.176093],[100.141612,15.174506],[100.189708,15.181952],[100.207774,15.181749],[100.227061,15.178778],[100.242198,15.16946],[100.251231,15.142768],[100.268891,15.1199],[100.288666,15.072089],[100.292084,15.074246],[100.299571,15.07685],[100.302989,15.078925],[100.331391,15.014594],[100.333751,15.003241],[100.345714,14.990424],[100.378673,14.913845],[100.384858,14.913845],[100.393565,14.918891],[100.400076,14.908759],[100.404389,14.891913],[100.405935,14.876573],[100.409679,14.866278],[100.418549,14.859483],[100.429698,14.855089],[100.440115,14.852362],[100.440115,14.846218],[100.437999,14.831081],[100.447032,14.763617],[100.447032,14.71894],[100.449229,14.710964],[100.460378,14.686347],[100.464122,14.681098],[100.464447,14.669745],[100.447032,14.544501],[100.450694,14.534125],[100.456147,14.524034],[100.457286,14.512274],[100.447032,14.496772],[100.458263,14.482367],[100.459483,14.466091],[100.452647,14.451443],[100.440115,14.442084],[100.444916,14.42536],[100.439545,14.407782],[100.430919,14.390977],[100.426524,14.376288],[100.430186,14.361925],[100.45045,14.318915],[100.460704,14.304958],[100.468761,14.302314],[100.474294,14.306667],[100.480235,14.308295],[100.488455,14.297471],[100.490489,14.288194],[100.488455,14.253445],[100.490896,14.236925],[100.50294,14.207628],[100.508393,14.188259],[100.512136,14.162706],[100.515229,14.15412],[100.543061,14.123074],[100.543061,14.095771],[100.541026,14.092353],[100.536062,14.090399],[100.531179,14.087714],[100.528819,14.081814],[100.531993,14.074897],[100.539073,14.07038],[100.546316,14.067247],[100.550141,14.064724],[100.552826,14.055609],[100.552989,14.050645],[100.550141,14.037421],[100.546641,14.032335],[100.54127,14.020372],[100.541108,14.008165],[100.571218,13.995307],[100.573985,13.977891],[100.542491,13.837836],[100.528819,13.804633],[100.508393,13.782579],[100.498057,13.767361],[100.494721,13.749376],[100.501231,13.739691],[100.510916,13.727973],[100.512706,13.714911],[100.494721,13.700995],[100.494721,13.69477],[100.508393,13.688422],[100.529307,13.68126],[100.548595,13.681586],[100.556895,13.697862],[100.561127,13.703559],[100.570567,13.707953],[100.580007,13.709093],[100.584239,13.704698],[100.586355,13.70128],[100.590912,13.699571],[100.595714,13.697089],[100.597748,13.691433],[100.59669,13.685329],[100.59433,13.682156],[100.592052,13.679999],[100.590912,13.677069],[100.5831,13.66352],[100.549734,13.657742],[100.543061,13.640204],[100.551768,13.626654],[100.587413,13.616645],[100.597748,13.61225]],[[100.083263,15.237169],[100.075125,15.224677],[100.053966,15.178534],[100.052419,15.163398],[100.043956,15.153144],[100.034109,15.144314],[100.029307,15.1435],[100.024425,15.138251],[100.019054,15.133572],[100.014171,15.130723],[100.01588,15.124945],[100.02003,15.120063],[100.022472,15.1199],[100.023936,15.114122],[100.027273,15.108954],[100.029796,15.102362],[100.029307,15.092597],[100.02239,15.080146],[100.014171,15.073188],[100.010916,15.066596],[100.019054,15.054999],[100.029796,15.049506],[100.041515,15.045844],[100.04713,15.039903],[100.039154,15.027411],[100.024343,15.011257],[100.017833,15.000841],[100.015636,14.99018],[100.024832,14.974229],[100.061941,14.959093],[100.070242,14.938666],[100.073985,14.901313],[100.083263,14.866645],[100.101573,14.835232],[100.104421,14.82571],[100.102061,14.814765],[100.092296,14.803534],[100.090017,14.794298],[100.096934,14.709011],[100.102794,14.69538],[100.114268,14.679389],[100.128429,14.666124],[100.141612,14.66059],[100.147065,14.65058],[100.14796,14.628445],[100.144786,14.592963],[100.121593,14.524115],[100.117442,14.487494],[100.124929,14.44831],[100.136485,14.442735],[100.138601,14.442084],[100.138682,14.437283],[100.137299,14.42536],[100.138601,14.421007],[100.148529,14.408637],[100.155203,14.403347],[100.16212,14.40115],[100.161062,14.391628],[100.144786,14.332221],[100.1456,14.326483],[100.151947,14.32331],[100.152192,14.317939],[100.149425,14.312323],[100.141124,14.302843],[100.138601,14.297471],[100.131847,14.265815],[100.128347,14.232001],[100.117442,14.195624],[100.117442,14.174587],[100.128429,14.159491],[100.131114,14.15412],[100.13144,14.143826],[100.128673,14.127631],[100.131114,14.11994],[100.13795,14.112982],[100.145274,14.110541],[100.152599,14.109198],[100.158946,14.10574],[100.16505,14.100409],[100.167491,14.098904],[100.169037,14.09573],[100.172537,14.085232],[100.177175,14.01378],[100.183523,13.979682],[100.199962,13.975369],[100.214122,13.926866],[100.224132,13.835517],[100.22047,13.82453],[100.211518,13.81977],[100.198253,13.81505],[100.189138,13.806505],[100.193126,13.790351],[100.203054,13.787136],[100.234304,13.789374],[100.240896,13.786933],[100.247488,13.77379],[100.261729,13.773708],[100.275971,13.776923],[100.282481,13.773627],[100.278901,13.754991],[100.269542,13.751573],[100.256277,13.753119],[100.240896,13.749376],[100.237885,13.740994],[100.235606,13.728339],[100.229503,13.721055],[100.214285,13.728949],[100.204845,13.713935],[100.214285,13.708686],[100.240896,13.708441],[100.243256,13.703396],[100.24171,13.695502],[100.243175,13.689032],[100.254649,13.688015],[100.25823,13.691189],[100.260753,13.698025],[100.262136,13.706488],[100.261974,13.714667],[100.27239,13.707587],[100.273448,13.696397],[100.268972,13.684149],[100.261974,13.673692],[100.266612,13.669745],[100.266775,13.669135],[100.26474,13.667426],[100.261974,13.66002],[100.240489,13.666856],[100.230968,13.667507],[100.220876,13.663764],[100.220876,13.655219],[100.226736,13.646023],[100.234793,13.640204],[100.224539,13.634345],[100.22047,13.632758],[100.22047,13.626532],[100.225108,13.624376],[100.229747,13.621039],[100.234793,13.619086],[100.234793,13.61225],[100.22991,13.592353],[100.243907,13.565294],[100.263438,13.537869],[100.274994,13.516669]]]}},{"type":"Feature","properties":{"dissolve":"735River","scalerank":8.0,"featurecla":"River","name":"Chi","name_alt":null,"rivernum":735,"note":null,"min_zoom":7.0,"name_en":"Chi","min_label":8.0},"bbox":[101.398041,15.188788,104.716075,16.387315],"geometry":{"type":"MultiLineString","coordinates":[[[101.405854,16.373643],[101.398041,16.359198],[101.407237,16.350938],[101.425222,16.347235],[101.444021,16.346381],[101.459402,16.347683],[101.463959,16.346137],[101.474864,16.340155],[101.477143,16.337266],[101.491791,16.323839],[101.495372,16.322781],[101.497569,16.319892],[101.502208,16.316962],[101.506847,16.311713],[101.509044,16.302029],[101.506114,16.293809],[101.492931,16.279812],[101.488455,16.271308],[101.487722,16.253201],[101.492931,16.236925],[101.502615,16.224189],[101.515717,16.216661],[101.531749,16.214464],[101.588145,16.216661],[101.591726,16.206977],[101.585378,16.164252],[101.5949,16.154568],[101.597748,16.152452],[101.600597,16.147773],[101.605561,16.143093],[101.646658,16.134711],[101.65976,16.124376],[101.680675,16.09748],[101.694591,16.08629],[101.683686,16.071397],[101.679454,16.048204],[101.677257,16.017401],[101.678722,16.01085],[101.685313,15.995429],[101.690115,15.977159],[101.687104,15.962185],[101.697765,15.95421],[101.703868,15.938544],[101.708507,15.921088],[101.715017,15.908149],[101.715017,15.900702],[101.711192,15.889268],[101.716563,15.873318],[101.727061,15.859076],[101.738862,15.852891],[101.743663,15.843207],[101.745372,15.823676],[101.751231,15.808458],[101.769054,15.811957],[101.778575,15.802314],[101.788178,15.789578],[101.798595,15.781277],[101.810639,15.784613],[101.814871,15.773627],[101.818858,15.746853],[101.824311,15.736884],[101.830577,15.736884],[101.847748,15.733262],[101.901866,15.678778],[101.926768,15.66116],[101.944265,15.67475],[101.961925,15.684516],[101.979096,15.689399],[101.995616,15.688422],[101.996349,15.695014],[101.997976,15.696357],[102.002452,15.695868],[102.007253,15.692247],[102.018077,15.685899],[102.02296,15.682237],[102.026947,15.67711],[102.032644,15.666612],[102.036632,15.66116],[102.077729,15.631537],[102.084402,15.619574],[102.103282,15.633002],[102.119151,15.647488],[102.124278,15.65412],[102.132823,15.67475],[102.135265,15.676378],[102.139089,15.676785],[102.143077,15.677924],[102.146495,15.682237],[102.146902,15.686876],[102.145518,15.697699],[102.146495,15.702094],[102.158783,15.717393],[102.162364,15.726142],[102.160167,15.736884],[102.175548,15.745388],[102.203298,15.744656],[102.214692,15.750515],[102.208507,15.757351],[102.212413,15.756944],[102.214122,15.758083],[102.214692,15.760565],[102.214692,15.764187],[102.222179,15.750515],[102.240245,15.752712],[102.253184,15.761298],[102.276785,15.784613],[102.307384,15.801581],[102.322683,15.80683],[102.331391,15.805732],[102.336681,15.816718],[102.335948,15.825995],[102.3331,15.836249],[102.331391,15.84988],[102.334565,15.863837],[102.348643,15.880316],[102.35198,15.890815],[102.356293,15.895046],[102.365001,15.908271],[102.371593,15.922187],[102.369233,15.928656],[102.377615,15.953721],[102.379242,15.965888],[102.381847,15.976386],[102.388682,15.982204],[102.406505,15.990098],[102.417898,15.997911],[102.427013,16.005886],[102.456147,16.04328],[102.488699,16.070339],[102.502615,16.093126],[102.507335,16.08393],[102.517182,16.07921],[102.543793,16.072048],[102.536794,16.079454],[102.577891,16.093126],[102.575206,16.100287],[102.583995,16.114203],[102.585948,16.127265],[102.592052,16.124579],[102.598237,16.120429],[102.622976,16.138251],[102.653575,16.167589],[102.673595,16.195583],[102.667084,16.209174],[102.669444,16.220038],[102.674897,16.227362],[102.683523,16.230821],[102.695242,16.230292],[102.692393,16.234158],[102.687755,16.243964],[102.715587,16.2508],[102.737071,16.246405],[102.761811,16.273383],[102.782237,16.310614],[102.794526,16.350653],[102.804454,16.361111],[102.8178,16.368476],[102.831635,16.373643],[102.847585,16.377265],[102.861095,16.377265],[102.893077,16.373643],[102.893077,16.381171],[102.886241,16.381171],[102.886241,16.387315],[102.942149,16.379706],[102.9546,16.373643],[102.9546,16.367499],[102.947765,16.367499],[102.947765,16.360663],[102.964854,16.354356],[102.979015,16.340644],[102.98935,16.323065],[102.995535,16.305447],[103.00294,16.305447],[103.010916,16.311713],[103.016043,16.308539],[103.020274,16.302069],[103.026866,16.298611],[103.041433,16.297431],[103.04713,16.293809],[103.050548,16.287462],[103.080089,16.248074],[103.095307,16.237372],[103.11907,16.236518],[103.112804,16.222846],[103.123464,16.223334],[103.126475,16.222846],[103.126475,16.216661],[103.120616,16.213446],[103.117931,16.210313],[103.116222,16.206855],[103.112804,16.202338],[103.143891,16.19599],[103.167003,16.194648],[103.241303,16.208035],[103.252045,16.211534],[103.263113,16.216661],[103.273855,16.223334],[103.28297,16.227484],[103.2942,16.226182],[103.311453,16.216661],[103.312104,16.223212],[103.310476,16.226386],[103.307546,16.228095],[103.304698,16.230292],[103.326915,16.226142],[103.336192,16.226345],[103.345632,16.230292],[103.35491,16.224148],[103.365733,16.227403],[103.387218,16.243964],[103.387218,16.236518],[103.396658,16.241563],[103.40683,16.238471],[103.414561,16.243964],[103.421316,16.243964],[103.448009,16.209174],[103.450287,16.203721],[103.450857,16.197211],[103.452729,16.191677],[103.458263,16.189317],[103.463145,16.192165],[103.470144,16.205268],[103.476003,16.209174],[103.488862,16.210273],[103.523692,16.209174],[103.533621,16.211982],[103.548269,16.219753],[103.557872,16.222846],[103.566905,16.20539],[103.587901,16.200751],[103.605968,16.205634],[103.606375,16.222846],[103.617442,16.216661],[103.625011,16.207953],[103.630056,16.199897],[103.634288,16.195583],[103.646495,16.194892],[103.654307,16.199042],[103.660492,16.201443],[103.667735,16.195583],[103.674571,16.202338],[103.669932,16.207384],[103.665457,16.213894],[103.660818,16.216661],[103.660818,16.222846],[103.678722,16.221503],[103.686697,16.219916],[103.695079,16.216661],[103.695079,16.230292],[103.701915,16.230292],[103.712413,16.224677],[103.726329,16.221381],[103.738292,16.216417],[103.743337,16.205756],[103.750255,16.198757],[103.76588,16.188341],[103.784272,16.179145],[103.798595,16.175645],[103.798595,16.168891],[103.79241,16.165961],[103.789561,16.163275],[103.784434,16.154568],[103.797781,16.154324],[103.808686,16.149685],[103.815929,16.141628],[103.818614,16.130968],[103.827159,16.121446],[103.865245,16.115546],[103.87379,16.103705],[103.877208,16.096951],[103.893972,16.076931],[103.900401,16.065782],[103.90504,16.051134],[103.907481,16.036404],[103.908376,16.00373],[103.914073,16.00373],[103.925141,16.007921],[103.923839,15.991523],[103.914073,15.959052],[103.911388,15.956732],[103.904877,15.955105],[103.898204,15.95128],[103.894216,15.942328],[103.895112,15.931708],[103.899506,15.921739],[103.906261,15.91352],[103.914073,15.908149],[103.91448,15.929958],[103.92213,15.944037],[103.93629,15.948757],[103.95574,15.942328],[103.968028,15.930487],[103.97934,15.916205],[103.990489,15.908149],[104.003429,15.914984],[104.009776,15.914984],[104.013113,15.898627],[104.020274,15.887966],[104.029063,15.878852],[104.03769,15.867214],[104.027192,15.86286],[104.017833,15.85517],[104.013276,15.846503],[104.0171,15.839219],[104.0171,15.833075],[104.00823,15.828681],[104.003835,15.820502],[104.004242,15.809923],[104.009776,15.798285],[104.030203,15.80504],[104.055431,15.809434],[104.073334,15.82038],[104.071788,15.846747],[104.11142,15.823188],[104.13144,15.787665],[104.135509,15.745469],[104.126964,15.702094],[104.13323,15.702094],[104.144216,15.708279],[104.155365,15.701687],[104.166026,15.687079],[104.194835,15.62873],[104.215831,15.599677],[104.238048,15.558173],[104.239675,15.551296],[104.276947,15.523749],[104.284109,15.521186],[104.286225,15.509711],[104.295502,15.493109],[104.297781,15.47956],[104.30714,15.456244],[104.328705,15.441718],[104.352061,15.442003],[104.36671,15.463162],[104.373546,15.463162],[104.380951,15.44949],[104.382335,15.419867],[104.387218,15.401068],[104.391124,15.396552],[104.411388,15.383653],[104.418224,15.377631],[104.423595,15.37462],[104.428966,15.376899],[104.435557,15.386786],[104.435069,15.371772],[104.438243,15.34988],[104.435557,15.339626],[104.428722,15.325303],[104.444265,15.317898],[104.453624,15.31684],[104.462494,15.318549],[104.476573,15.319159],[104.478282,15.317979],[104.492442,15.312852],[104.500499,15.311632],[104.508311,15.313422],[104.511729,15.317491],[104.513682,15.322089],[104.517507,15.325303],[104.528738,15.328884],[104.541921,15.331081],[104.556407,15.33039],[104.572032,15.325303],[104.582449,15.318305],[104.591807,15.309882],[104.599864,15.304145],[104.606293,15.304877],[104.613048,15.304877],[104.622,15.288601],[104.638194,15.277045],[104.650401,15.265733],[104.647227,15.250271],[104.654552,15.240546],[104.660492,15.238715],[104.662852,15.24254],[104.660818,15.250271],[104.660818,15.256415],[104.674083,15.25377],[104.682872,15.245144],[104.694916,15.222927],[104.693777,15.224392],[104.702403,15.209296],[104.706554,15.204942],[104.711436,15.202257],[104.714936,15.198025],[104.716075,15.188788]]]}},{"type":"Feature","properties":{"dissolve":"738River","scalerank":8.0,"featurecla":"River","name":"Da","name_alt":"Black","rivernum":738,"note":null,"min_zoom":7.0,"name_en":"Black","min_label":8.0},"bbox":[100.612071,20.759467,105.346121,24.748643],"geometry":{"type":"MultiLineString","coordinates":[[[100.612071,24.748643],[100.656505,24.715644],[100.6692,24.70364],[100.677989,24.698106],[100.702159,24.687812],[100.707042,24.682807],[100.720714,24.651801],[100.739268,24.638495],[100.759288,24.629665],[100.775483,24.617499],[100.782237,24.594062],[100.784434,24.589057],[100.789073,24.583848],[100.793712,24.576768],[100.797862,24.551378],[100.802826,24.545193],[100.8095,24.541612],[100.816335,24.535102],[100.824718,24.521186],[100.840831,24.460639],[100.85434,24.454169],[100.8838,24.423367],[100.896495,24.406277],[100.917491,24.349311],[100.923106,24.34394],[100.929128,24.339626],[100.93214,24.329942],[100.934093,24.32038],[100.937022,24.315985],[100.952078,24.310167],[100.95574,24.297065],[100.954112,24.27501],[100.992686,24.239081],[101.009695,24.215928],[101.005626,24.196234],[101.000418,24.186347],[101.002208,24.175157],[101.006847,24.164252],[101.009369,24.1553],[101.014089,24.148546],[101.02532,24.147488],[101.038829,24.147569],[101.050304,24.144721],[101.060802,24.132392],[101.069591,24.113227],[101.07545,24.091905],[101.077647,24.07331],[101.084565,24.055447],[101.11671,24.021064],[101.125987,24.007514],[101.132742,23.966335],[101.137706,23.950263],[101.149913,23.936143],[101.157237,23.919013],[101.15504,23.894721],[101.145925,23.856716],[101.145763,23.788886],[101.149669,23.755194],[101.159597,23.727607],[101.176524,23.696153],[101.186697,23.664822],[101.185069,23.632025],[101.166433,23.596625],[101.181244,23.582628],[101.225352,23.574327],[101.23463,23.565945],[101.237804,23.559434],[101.251964,23.545966],[101.255056,23.538642],[101.25294,23.528754],[101.249929,23.520941],[101.251394,23.514228],[101.262625,23.50788],[101.280203,23.425401],[101.279307,23.411689],[101.282481,23.396064],[101.251231,23.286729],[101.245128,23.274482],[101.244884,23.264838],[101.2588,23.26085],[101.276785,23.259101],[101.290619,23.254421],[101.317149,23.240343],[101.342214,23.232733],[101.34905,23.22602],[101.351329,23.209337],[101.342703,23.16352],[101.337576,23.150987],[101.339692,23.144721],[101.33074,23.124294],[101.367931,23.08808],[101.382091,23.083319],[101.39088,23.08865],[101.427013,23.124294],[101.432628,23.114691],[101.443126,23.109931],[101.467377,23.103827],[101.486908,23.087104],[101.497976,23.075019],[101.51295,23.048367],[101.515717,23.041124],[101.516368,23.036322],[101.515717,23.017849],[101.5088,23.015408],[101.467377,22.986518],[101.477306,22.981024],[101.483653,22.975369],[101.495372,22.959174],[101.506928,22.931179],[101.509044,22.928494],[101.520518,22.905382],[101.522553,22.89407],[101.550548,22.870429],[101.56837,22.860948],[101.586355,22.854438],[101.606049,22.850613],[101.628998,22.849311],[101.645518,22.855292],[101.656993,22.869208],[101.673432,22.897773],[101.700613,22.91588],[101.731619,22.919216],[101.764415,22.908271],[101.796397,22.884101],[101.819591,22.847439],[101.834402,22.830024],[101.854747,22.822618],[101.860444,22.819444],[101.865245,22.812364],[101.871593,22.805284],[101.882335,22.80211],[101.89503,22.803819],[101.904063,22.807725],[101.911794,22.812323],[101.919932,22.815782],[101.927419,22.817694],[101.933604,22.818305],[101.940033,22.817735],[101.947765,22.815782],[101.961436,22.805854],[101.97047,22.801703],[101.974539,22.805243],[101.980398,22.80211],[102.016124,22.767401],[102.036143,22.735622],[102.052257,22.702948],[102.07252,22.673529],[102.104747,22.651313],[102.163992,22.626532],[102.184255,22.623399],[102.226492,22.624132],[102.247081,22.622341],[102.263194,22.616563],[102.276541,22.601426],[102.292979,22.568305],[102.307546,22.561957],[102.379242,22.575629],[102.401785,22.57453],[102.458018,22.561957],[102.508556,22.566759],[102.523204,22.561957],[102.526947,22.557563],[102.537039,22.541693],[102.543793,22.534613],[102.55128,22.531073],[102.560557,22.528388],[102.568289,22.524482],[102.577566,22.50727],[102.644949,22.436225],[102.662852,22.423692],[102.701427,22.414374],[102.737234,22.39289],[102.776785,22.360378],[102.800304,22.330919],[102.817556,22.297065],[102.82545,22.260321],[102.824799,22.252631],[102.823334,22.247911],[102.822846,22.24254],[102.82545,22.232978],[102.828543,22.228339],[102.837332,22.219184],[102.84547,22.20543],[102.860362,22.20539],[102.889659,22.21247],[102.908376,22.202948],[102.916515,22.180732],[102.922374,22.155707],[102.934662,22.137397],[102.951915,22.136176],[103.040294,22.147732],[103.066742,22.140001],[103.095795,22.122178],[103.140147,22.085557],[103.177338,22.087958],[103.264415,22.048041],[103.28419,22.054267],[103.280854,22.057481],[103.273448,22.062771],[103.266124,22.069159],[103.263113,22.075995],[103.266531,22.08157],[103.323985,22.149482],[103.338796,22.157904],[103.360932,22.158067],[103.38323,22.14997],[103.400076,22.136298],[103.406993,22.119981],[103.409679,22.095771],[103.416515,22.081407],[103.441173,22.061632],[103.452159,22.048367],[103.458263,22.031317],[103.460948,22.011583],[103.461681,21.990302],[103.465343,21.985541],[103.473888,21.97956],[103.483979,21.974473],[103.492686,21.972276],[103.497488,21.967841],[103.543956,21.893093],[103.550955,21.876736],[103.555186,21.857733],[103.559662,21.813015],[103.564708,21.794786],[103.58074,21.770046],[103.585867,21.760037],[103.584483,21.759548],[103.585378,21.74376],[103.585867,21.743272],[103.587576,21.739936],[103.596121,21.735378],[103.598888,21.733344],[103.625418,21.689521],[103.642589,21.67239],[103.660818,21.671251],[103.67335,21.665595],[103.67628,21.666815],[103.681407,21.671251],[103.704112,21.661404],[103.749522,21.652208],[103.7671,21.640204],[103.805919,21.58161],[103.811697,21.565131],[103.815115,21.558621],[103.824311,21.553534],[103.853038,21.546983],[103.900401,21.54088],[103.912608,21.533718],[103.921153,21.527045],[103.930593,21.522284],[103.958507,21.517524],[103.967703,21.510321],[103.983653,21.493109],[103.995209,21.498562],[104.003429,21.496772],[104.0171,21.485663],[104.034272,21.463446],[104.03769,21.462104],[104.046479,21.451483],[104.089854,21.438544],[104.105968,21.431667],[104.111501,21.425605],[104.132742,21.397284],[104.150645,21.379828],[104.160085,21.364325],[104.161794,21.33747],[104.167491,21.321845],[104.177989,21.313422],[104.209239,21.295722],[104.223888,21.272325],[104.277354,21.252956],[104.283376,21.246161],[104.290945,21.231228],[104.297781,21.225613],[104.364024,21.213731],[104.381358,21.201361],[104.42864,21.143581],[104.441335,21.133857],[104.459402,21.129991],[104.47226,21.124701],[104.511241,21.089057],[104.515717,21.081407],[104.514415,21.076728],[104.514903,21.073065],[104.524913,21.06863],[104.531749,21.068915],[104.540619,21.071845],[104.54835,21.075629],[104.551524,21.078477],[104.553722,21.083075],[104.558116,21.080675],[104.562592,21.073798],[104.567149,21.053494],[104.57366,21.048204],[104.58253,21.048611],[104.592459,21.054267],[104.618337,21.035712],[104.653901,21.03502],[104.687999,21.047553],[104.709239,21.06863],[104.728038,21.061957],[104.766612,21.053331],[104.781261,21.044053],[104.797537,21.037177],[104.847179,21.036566],[104.866954,21.0338],[104.877615,21.02501],[104.891531,21.008612],[104.903331,20.990302],[104.913259,20.96369],[104.996593,20.877021],[105.003998,20.873074],[105.013438,20.860297],[105.086436,20.813096],[105.09075,20.807318],[105.092784,20.794257],[105.088634,20.792751],[105.081065,20.783026],[105.076752,20.772081],[105.082937,20.766913],[105.093272,20.765733],[105.11671,20.759467],[105.129405,20.761298],[105.136811,20.765448],[105.142019,20.770046],[105.147472,20.773139],[105.178803,20.772732],[105.196544,20.774604],[105.212901,20.784003],[105.228608,20.796698],[105.244233,20.803249],[105.304779,20.810899],[105.324799,20.817572],[105.340017,20.828803],[105.346121,20.845486],[105.343028,20.850653],[105.329275,20.860419],[105.326182,20.865912],[105.332449,20.910264],[105.332612,20.956366],[105.3296,20.981309],[105.322765,20.992255],[105.31544,20.999783],[105.290619,21.038153],[105.284679,21.054267],[105.28655,21.075507],[105.302013,21.104315],[105.305675,21.126573],[105.300548,21.141221],[105.289643,21.154893],[105.28183,21.170681],[105.284679,21.191474],[105.302745,21.209499],[105.326427,21.220974],[105.342784,21.238105],[105.339854,21.273383]]]}},{"type":"Feature","properties":{"dissolve":"884River","scalerank":8.0,"featurecla":"River","name":"Mytinge","name_alt":null,"rivernum":884,"note":null,"min_zoom":7.0,"name_en":"Mytinge","min_label":8.0},"bbox":[95.987071,21.684638,98.289236,23.366278],"geometry":{"type":"MultiLineString","coordinates":[[[95.987071,21.873725],[95.988373,21.859565],[95.991791,21.843126],[95.99822,21.82807],[96.009044,21.817939],[96.022878,21.814073],[96.031261,21.81745],[96.038585,21.824327],[96.048757,21.831244],[96.068126,21.834784],[96.080577,21.828721],[96.092296,21.812038],[96.09075,21.809109],[96.086843,21.803534],[96.08489,21.796902],[96.088878,21.790635],[96.093761,21.791287],[96.107188,21.801093],[96.112804,21.804307],[96.125092,21.805976],[96.133311,21.803412],[96.139089,21.79682],[96.144216,21.786566],[96.154552,21.772773],[96.163097,21.775417],[96.203543,21.828437],[96.219249,21.837755],[96.239513,21.835313],[96.249278,21.828884],[96.276378,21.802517],[96.309011,21.784491],[96.318614,21.776679],[96.379975,21.703966],[96.392019,21.697374],[96.4546,21.685899],[96.477306,21.684638],[96.497651,21.691514],[96.511811,21.709255],[96.514415,21.730902],[96.510753,21.776882],[96.516205,21.794989],[96.527436,21.804511],[96.594249,21.818915],[96.603608,21.823065],[96.612397,21.832221],[96.623546,21.854071],[96.631928,21.864081],[96.643891,21.872138],[96.684988,21.887763],[96.716563,21.898627],[96.730724,21.906277],[96.743093,21.916531],[96.752045,21.934516],[96.750499,21.974799],[96.754242,21.994412],[96.765391,22.008368],[96.775971,22.006415],[96.801362,21.984971],[96.81601,21.978949],[96.846934,21.971625],[96.894949,21.951361],[96.930431,21.953721],[96.959483,21.971381],[96.973888,22.00373],[96.97755,22.059882],[96.974864,22.11225],[96.964854,22.163845],[96.946788,22.217597],[96.94044,22.253607],[96.953624,22.272976],[96.980724,22.277655],[97.059093,22.256537],[97.081472,22.253241],[97.149018,22.252387],[97.168712,22.247178],[97.189545,22.236111],[97.240164,22.221137],[97.292735,22.233018],[97.331391,22.267524],[97.340587,22.320339],[97.315684,22.386298],[97.305919,22.402533],[97.280854,22.431749],[97.242198,22.524522],[97.238292,22.560248],[97.260346,22.595567],[97.302989,22.617743],[97.354584,22.637397],[97.388764,22.663194],[97.379487,22.703884],[97.377208,22.702948],[97.354991,22.715684],[97.35198,22.71837],[97.325857,22.72602],[97.31544,22.730821],[97.302989,22.740424],[97.287364,22.755642],[97.272716,22.774604],[97.264659,22.795478],[97.268647,22.816596],[97.276541,22.825263],[97.298106,22.839138],[97.306895,22.847195],[97.310964,22.854193],[97.31837,22.873603],[97.322846,22.882148],[97.361827,22.93122],[97.372569,22.949001],[97.379893,22.972276],[97.378835,22.992621],[97.368907,23.035712],[97.375906,23.066026],[97.398692,23.081366],[97.422374,23.092597],[97.432384,23.110297],[97.426768,23.123114],[97.406179,23.146064],[97.401866,23.159206],[97.410167,23.179226],[97.428966,23.193549],[97.45224,23.201036],[97.474132,23.200751],[97.513438,23.193223],[97.555756,23.190009],[97.598155,23.192328],[97.637299,23.201728],[97.800955,23.279893],[97.85906,23.294623],[97.892833,23.295966],[97.925792,23.297431],[97.943614,23.301337],[97.993907,23.320421],[98.032319,23.327175],[98.108979,23.328477],[98.146251,23.334581],[98.217459,23.360175],[98.255463,23.366278],[98.289236,23.356635]]]}},{"type":"Feature","properties":{"dissolve":"891River","scalerank":8.0,"featurecla":"River","name":"Zay\u00fc","name_alt":null,"rivernum":891,"note":null,"min_zoom":7.0,"name_en":"Zay\u00fc","min_label":8.0},"bbox":[97.083995,28.527615,97.490652,29.438747],"geometry":{"type":"MultiLineString","coordinates":[[[97.148204,29.438747],[97.143077,29.415229],[97.142345,29.392768],[97.146983,29.371283],[97.172293,29.325466],[97.191905,29.263861],[97.206635,29.166693],[97.217703,29.135688],[97.242605,29.109971],[97.262706,29.102362],[97.306407,29.098741],[97.327891,29.092149],[97.342784,29.082953],[97.356619,29.071641],[97.379242,29.047919],[97.397227,29.022528],[97.434011,28.939561],[97.476166,28.875067],[97.486257,28.851386],[97.490652,28.823798],[97.486095,28.801215],[97.469819,28.752468],[97.47226,28.689154],[97.465261,28.669501],[97.435476,28.642524],[97.399913,28.631903],[97.325613,28.626288],[97.267833,28.607489],[97.246755,28.608222],[97.226573,28.612372],[97.212983,28.612982],[97.199962,28.609971],[97.140066,28.584988],[97.108409,28.56037],[97.083995,28.527615]]]}},{"type":"Feature","properties":{"dissolve":"948River","scalerank":8.0,"featurecla":"River","name":"Luhit","name_alt":null,"rivernum":948,"note":null,"min_zoom":7.0,"name_en":"Luhit","min_label":8.0},"bbox":[95.459483,27.766466,97.083995,28.527615],"geometry":{"type":"MultiLineString","coordinates":[[[97.083995,28.527615],[97.064708,28.484565],[97.050548,28.435004],[97.041108,28.379503],[97.038097,28.323188],[97.052013,28.186347],[97.044363,28.147406],[96.993663,28.047675],[96.987722,28.026964],[96.98463,27.975287],[96.979503,27.958848],[96.959402,27.935818],[96.927989,27.91413],[96.893321,27.899197],[96.864024,27.896267],[96.845795,27.903998],[96.821869,27.9289],[96.807384,27.940009],[96.784434,27.948676],[96.711192,27.965644],[96.685802,27.97956],[96.590831,28.073065],[96.574229,28.085313],[96.552257,28.091905],[96.513682,28.089301],[96.480398,28.073839],[96.453054,28.048407],[96.432872,28.015815],[96.425873,27.983507],[96.423839,27.947333],[96.417247,27.91474],[96.396658,27.8935],[96.377208,27.889919],[96.318614,27.902167],[96.301199,27.902411],[96.250987,27.896023],[96.191173,27.902859],[96.160492,27.906033],[96.14503,27.905951],[96.128998,27.90412],[96.094656,27.895616],[95.91269,27.822048],[95.887625,27.816677],[95.876964,27.817694],[95.869395,27.821072],[95.861339,27.823106],[95.84962,27.819932],[95.79599,27.795356],[95.765229,27.77029],[95.752371,27.766466],[95.739268,27.767524],[95.732921,27.771918],[95.728038,27.777655],[95.720144,27.782782],[95.641124,27.808702],[95.624278,27.810126],[95.568614,27.806952],[95.553315,27.81212],[95.539236,27.818874],[95.520274,27.823432],[95.501394,27.821112],[95.486746,27.816352],[95.476654,27.818142],[95.472179,27.835273],[95.459483,27.843858]]]}}]}