{"type":"FeatureCollection","crs":{"type":"name","properties":{"name":"urn:ogc:def:crs:OGC:1.3:CRS84"}},"features":[{"type":"Feature","properties":{"shapeName":"Ramree","shapeISO":"","shapeID":"66882298B25907056324587","shapeGroup":"MMR","shapeType":"ADM3"},"geometry":{"type":"MultiPolygon","coordinates":[[[[93.99585871300003,18.74752634800015],[93.99112466800013,18.751055536000088],[93.9873685400002,18.74995079400007],[93.98427525900014,18.747078462000054],[93.98140293000006,18.747078462000054],[93.97565826500022,18.741002377000086],[93.98339146700022,18.738461469000182],[93.9901303980001,18.72929210299998],[93.99576458800017,18.730617793000107],[94.0018406720002,18.72608834700016],[94.01112051300015,18.727966410000054],[93.99585871300003,18.74752634800015]]],[[[93.97559509300011,18.830172587000188],[93.97671482400011,18.836611039000122],[93.97223590200008,18.83927039800001],[93.966217352,18.838850499],[93.96341802600006,18.83633110400014],[93.95012122400016,18.830592487000064],[93.94606220200018,18.826253532000127],[93.94368277500007,18.827233296000205],[93.93752425800005,18.822474442000107],[93.93416506700021,18.823874105000023],[93.9337451670001,18.821494678000057],[93.93780419000012,18.81813548500004],[93.93822408900013,18.812256899000143],[93.94228311200017,18.807078149000116],[93.93962375299992,18.798400237000138],[93.94242307900011,18.79322148300009],[93.9502611920002,18.78916246100017],[93.95641970900016,18.779784717000194],[93.96201836200005,18.777685222000233],[93.96943657500003,18.781044413000096],[93.9831532730002,18.783143908000024],[93.98875192600008,18.776425527000193],[93.99351078100011,18.778385054000072],[93.99295091600005,18.78370377500005],[93.99421061200019,18.78748286500009],[93.98805209500017,18.798540201],[93.97811448700021,18.804278822000107],[93.97907023200014,18.807119551],[93.97559509300011,18.830172587000188]]],[[[94.07216788900018,19.38184465800016],[94.07377459900006,19.383401483000114],[94.07369443400012,19.38881799600016],[94.07223617700015,19.39105411400011],[94.06512659700023,19.389154070000085],[94.06044543800004,19.38412615400014],[94.05332389000023,19.383127024999983],[94.04995456600017,19.385789630999973],[94.04498123800005,19.400167427000174],[94.03926198000005,19.40099441600011],[94.03309795800006,19.399556402],[94.0293478660001,19.395894289000072],[94.02821461300023,19.37646699800019],[94.02540763600001,19.373269883999978],[94.01633933700015,19.375402609000158],[94.00933796300014,19.380897131],[94.00256279700017,19.379744249],[93.99584441500008,19.384036549000108],[93.98595346200018,19.38590276600018],[93.97718223900016,19.385529523000116],[93.97475615800005,19.38422317100004],[93.97326318400019,19.38049073700012],[93.97494278000005,19.37227937900006],[93.97494278000006,19.361082075000052],[93.97102372200017,19.350817879000115],[93.95933070300015,19.34092692800015],[93.95576156400017,19.342081648],[93.95135262500014,19.34124185200012],[93.94652378800004,19.337987634000168],[93.94117007500017,19.32213644900006],[93.94232479800026,19.3182523830002],[93.9415899740002,19.312478774000066],[93.94389941800011,19.31037927900013],[93.9476785080002,19.310169330000043],[93.95534166400007,19.306600188000164],[93.96562918800005,19.306390240000052],[93.96552421200006,19.30313602200013],[93.93592133700021,19.304710645000068],[93.93193229900021,19.30082657900005],[93.93854570700012,19.296102717000018],[93.93823078400004,19.294213170000052],[93.92993777900001,19.298832059000105],[93.92615868900015,19.297467388000022],[93.92227462300015,19.29032910700012],[93.91209207500015,19.278466961000085],[93.89949510600013,19.267969489000166],[93.87178177800024,19.252433227999987],[93.8720967020002,19.237526816000088],[93.884168796,19.222410454000116],[93.88784291099995,19.21569207000005],[93.88731803900012,19.208553789000113],[93.8861633160002,19.20792394100004],[93.88595336700013,19.21464232500014],[93.88269914900019,19.220625883000164],[93.87041710700004,19.236582044000105],[93.86873751100012,19.241515854000124],[93.86905243500007,19.25106855700013],[93.867477813,19.25222327700011],[93.86569324400008,19.25033373300007],[93.86369872200004,19.239836259000132],[93.86233405100002,19.23973128600008],[93.86401364600016,19.25054368200012],[93.86222907800017,19.251803380000087],[93.85278135099992,19.249493934000128],[93.8363003180001,19.24088600600022],[93.82527797100018,19.227239292000164],[93.8167750190001,19.2248248730001],[93.81037155800006,19.22482487300009],[93.80652263700019,19.226833667999987],[93.79889790600015,19.221044215000166],[93.79573524800014,19.22045113800015],[93.7919795040001,19.224206918000238],[93.78802619100009,19.22282312900004],[93.78802624700015,19.219462645000213],[93.7907936250001,19.217090582000086],[93.7907936530001,19.21531150200022],[93.78427079500005,19.20681135500005],[93.78427086100002,19.202857844000075],[93.77764222900015,19.192334802000126],[93.77656209899993,19.186648343000105],[93.77260877800013,19.1856599050002],[93.76470202100008,19.190601669000014],[93.76055101200006,19.19099695800011],[93.753632784,19.18565960200013],[93.74908655600008,19.177950195],[93.74454023300007,19.177159424],[93.73742417200003,19.18111282000012],[93.7352498620001,19.178938360000146],[93.7212156130002,19.173403230000158],[93.71607635500004,19.168658938000174],[93.71271624400009,19.15541462600018],[93.71904168400015,19.149484455],[93.72180910100008,19.14474028500009],[93.73129713800006,19.142961351000125],[93.74256422300016,19.138612664000153],[93.73821572400016,19.128531144000153],[93.73544843700012,19.12556596900007],[93.71074030900013,19.1148910940001],[93.70441498300012,19.114100295000135],[93.70164761799998,19.11587933100003],[93.6974965060001,19.122204885000105],[93.69156654600005,19.11963501100012],[93.68879925900018,19.116669838000018],[93.70065940900002,19.108367646000154],[93.70145011000017,19.10639090200009],[93.69255521700005,19.09966979900004],[93.68603242500025,19.087018463000096],[93.67397485600011,19.080692660000086],[93.66685898200019,19.072785531],[93.65759358900016,19.057065748000014],[93.66137268000013,19.02536337900002],[93.66704131399996,19.01308133599996],[93.67040050400013,19.01245148500016],[93.68205269900011,19.00310873700005],[93.68761636100017,19.005313204000064],[93.69024073100009,19.004158484000126],[93.69265515000006,19.005733104],[93.69958347900018,19.005418180000074],[93.70252277300023,19.00951219400009],[93.70945110600013,19.002163962000132],[93.70777151099998,18.999854519000035],[93.71186552500018,18.99555055600002],[93.71574958800012,18.996075428000108],[93.7192137540002,18.99187643800016],[93.72341274399999,18.981064043000167],[93.72404259200005,18.974345658000058],[93.72719183499993,18.968886973000014],[93.74650718600022,18.968362100000054],[93.763618066,18.972980987000028],[93.76739715600026,18.97130139200021],[93.78734235500019,18.953875587000063],[93.79574033200005,18.950936296000062],[93.80067414600008,18.950936296000076],[93.80739252700022,18.947052230000054],[93.80949202200009,18.943798012000133],[93.81537060700006,18.93991394900011],[93.81778502600025,18.933510489000028],[93.82292878800024,18.935400035000043],[93.82691782900015,18.930781146000253],[93.83269143900021,18.9296264260001],[93.84308393499994,18.91870905400011],[93.85904009600007,18.90558721200007],[93.863344058,18.90548223700017],[93.86659827600018,18.90348771700003],[93.86680822400014,18.90075837500012],[93.863344058,18.898553904000092],[93.863868933,18.897189233000073],[93.88034996600004,18.892570346000063],[93.88676918000004,18.89436575600012],[93.89683099900009,18.891625571000137],[93.90701354600014,18.881338048000103],[93.91541152600007,18.877034085000236],[93.9265388460001,18.85362472],[93.93315225500004,18.847116287],[93.93682636900013,18.84596156400014],[93.9398706390001,18.849005833000053],[93.94582450900016,18.86849066400005],[93.94412315500006,18.875124423000155],[93.93834007400007,18.883799043000085],[93.94604194700021,18.895510165000033],[93.95882499600016,18.898436038000124],[93.96044243000006,18.90176626900002],[93.95693290800011,18.90857550400024],[93.9556435390001,18.91913076900006],[93.96726562900015,18.929549253000026],[93.9706044090002,18.930727644999983],[93.97787116200006,18.94349356300008],[93.98729830099995,18.968239803000113],[93.97374678800004,18.98513009300003],[93.9717828010002,19.000449194000016],[93.9598024770001,19.01871427800013],[93.95371411900015,19.050138074000085],[93.9527321230001,19.067421162000077],[93.95469611200014,19.104933320000235],[93.95921328100002,19.112003675],[93.96549804100012,19.117306441],[93.96805122400026,19.121430816000114],[93.96608723700018,19.126537181000128],[93.9559143830001,19.13039633200009],[93.94212659200022,19.13989229500004],[93.93544903500003,19.147944643000162],[93.92994987000021,19.15953217000012],[93.91914794100005,19.1909559660001],[93.91305957900009,19.19625873300015],[93.9067748190002,19.198419118000093],[93.90854240700008,19.20352548600006],[93.91266678200022,19.204114682000125],[93.92759308600006,19.198222720000082],[93.9297534710002,19.2007759020001],[93.92936067400014,19.20529307400012],[93.93603823100013,19.205096675999982],[93.93721662300011,19.193901946000086],[93.94428697700016,19.19272355400011],[93.94570243700021,19.18947073500008],[93.93603823100011,19.188206385000072],[93.93191385900008,19.183296416000154],[93.932306656,19.178779244000122],[93.9362346300001,19.16463853500012],[93.94428697700016,19.1497122310002],[93.9527321230001,19.144213069000116],[93.96824762200015,19.139695897000173],[93.97688916900006,19.139499498000138],[93.98945701500026,19.144350494999987],[93.99249351500013,19.14750906500002],[93.99986782000019,19.150301427000127],[94.00556338200018,19.154622200000137],[94.00909856000011,19.159335771000165],[94.00438499,19.168762910000083],[94.00242100300018,19.17720805500007],[93.99612129200017,19.184908357],[93.99220827000005,19.19291995300011],[93.99063707800008,19.218451790000145],[93.98867309100025,19.224343750000205],[93.99314201400007,19.226660218000028],[93.99574363800019,19.21599432600001],[93.99515425000013,19.191741561000146],[94.0002606180002,19.186242396000214],[94.01302653300013,19.18172522700022],[94.0202932870001,19.19174156100011],[94.0301132250001,19.20116870000011],[94.03384480000024,19.216095003000103],[94.024651454,19.297340659000124],[94.03084266700006,19.31165930200008],[94.03232961100014,19.334486343000084],[94.03461230800013,19.34382464700006],[94.05702423100024,19.354200536000114],[94.06929481500015,19.373621432000128],[94.06832206800004,19.385027377000156],[94.07039726300026,19.384985413000063],[94.07216788900018,19.38184465800016]]]]},"id":"Ramree"},{"type":"Feature","properties":{"shapeName":"Toungup","shapeISO":"","shapeID":"66882298B50609184171545","shapeGroup":"MMR","shapeType":"ADM3"},"geometry":{"type":"MultiPolygon","coordinates":[[[[94.11217110500019,18.852722716000123],[94.11399066799999,18.867279210000028],[94.12126891400023,18.879176348000097],[94.11245103700028,18.879316312000157],[94.11245103700026,18.874277526000164],[94.10979167800019,18.870918335000137],[94.10237346200017,18.86965863699998],[94.09803450800014,18.859021198000118],[94.0920159580001,18.850063356000202],[94.08641730500023,18.849083590000177],[94.07857919199995,18.85468224300021],[94.07591983300013,18.860700796000028],[94.07354040300004,18.861680559],[94.07284057400018,18.855242106999977],[94.06080347200003,18.839425917000128],[94.0622031320002,18.83312743200011],[94.07731949300012,18.830328105999975],[94.08333804600007,18.827388815],[94.08669723700014,18.8143719480001],[94.08921663100017,18.817171272000035],[94.0934156210002,18.81745120700003],[94.12000921800006,18.810452891000136],[94.12868713000007,18.81199251900014],[94.13484564700008,18.817731139000102],[94.13624531000018,18.824309556000248],[94.13540551100004,18.83144783700019],[94.13778493800021,18.851882917],[94.13988443300009,18.854962175000093],[94.13960450100018,18.864619851],[94.12350837600026,18.853422547000044],[94.11595019500004,18.851742952000112],[94.11217110500019,18.852722716000123]]],[[[94.04610700700006,19.023294987000117],[94.0610834040001,19.038551315000202],[94.06066350400019,19.04107071],[94.05254545900021,19.041490606000075],[94.04470734400014,19.04401000100008],[94.0315505130002,19.035472057000135],[94.02861121900015,19.03127306699998],[94.02847125400024,19.022875090000134],[94.04124980800003,19.02208536400016],[94.04610700700006,19.023294987000117]]],[[[94.0290311190001,19.042470370000153],[94.04116930700025,19.045658494000126],[94.04116930700026,19.06631130000015],[94.03644155600011,19.068550759000082],[94.02673722700018,19.056855797000143],[94.01653523800007,19.04814678300025],[94.01578875000013,19.043667861000053],[94.02176064600008,19.038193623999984],[94.0290311190001,19.042470370000153]]],[[[94.00854938200013,19.094631149000012],[94.01316826900013,19.0996699380001],[94.01680739499996,19.108207882000137],[94.01022897800004,19.114086467000057],[94.00728968400001,19.113386636000154],[94.00561008800015,19.111147173000205],[93.99749204400008,19.109607545000163],[93.9953925490002,19.107787982],[93.99455275000008,19.102329297],[93.99665224400024,19.096730644000104],[94.00365056100009,19.092811589000146],[94.00854938200013,19.094631149000012]]],[[[94.67026317700005,19.052170755000052],[94.66829879600006,19.058023214000052],[94.66398053300007,19.062043953000018],[94.66394614200007,19.065202769000077],[94.65958947900002,19.072835952000066],[94.65720922000008,19.073263265000072],[94.65431794800013,19.07684879300009],[94.6547104840001,19.084527945000062],[94.64463593400008,19.09345810800007],[94.63702573900004,19.09428571200007],[94.63177264900007,19.096940867000022],[94.62785112800006,19.10773667800003],[94.62110311400004,19.116247270000052],[94.61491195700007,19.117540217000094],[94.60915554699994,19.12244953],[94.60769451500002,19.125593149000085],[94.60019738900003,19.127912814000126],[94.60085614100008,19.131371259000062],[94.59756238300004,19.13499439400008],[94.59275456500005,19.148309882000024],[94.58360066400002,19.155145540999985],[94.573621662,19.155042372000096],[94.56931478000007,19.157705195000062],[94.56847946800005,19.14776392100006],[94.5646912040001,19.14681826200014],[94.56091094300008,19.14497533100008],[94.56044965500011,19.143613784000046],[94.55808058400002,19.14313698400003],[94.55283516000007,19.14488788600004],[94.54755970100011,19.148896952000015],[94.54281021300007,19.148847243000077],[94.54092977400009,19.14702014000007],[94.53619164200009,19.146066470000033],[94.52888753700007,19.161015077000098],[94.52789940800002,19.166449780000082],[94.52477033700002,19.170566977000036],[94.5244234180001,19.17664493200004],[94.52202022800003,19.178876547000034],[94.5144135360001,19.17924314800008],[94.50483395700002,19.186014088000107],[94.50505354000006,19.19787161700006],[94.50219895000004,19.20599622],[94.49561143400005,19.214999155000022],[94.49670935400003,19.22114750300008],[94.48880433500003,19.227515435],[94.49056100600006,19.234322535000036],[94.48858475100006,19.23695754100001],[94.48726724800012,19.243325473000027],[94.48331473800003,19.24618006300005],[94.48133848300003,19.26220968200003],[94.47892306100002,19.265503440000064],[94.48287557100011,19.27801972000005],[94.48703966000004,19.28053484200005],[94.50723551500003,19.281160973000077],[94.50746896300006,19.283728898],[94.51559356300004,19.291194749000095],[94.5259530580001,19.287282755000067],[94.53250152000004,19.291633917000105],[94.52898817800005,19.306565619000015],[94.53096443300005,19.323693157000065],[94.52721572800003,19.340574240000063],[94.51380436300006,19.349408866000072],[94.509595671,19.363352440000103],[94.51216318500008,19.36569752300008],[94.49964120600006,19.37945525600002],[94.49847009200006,19.385896380000055],[94.49926119100006,19.392066963000087],[94.48891613500004,19.399305010000067],[94.48599819200011,19.404237644000077],[94.48360255200004,19.405565214000053],[94.47040231900004,19.407288986000037],[94.47040231900004,19.419779251],[94.46363675800008,19.428366307000044],[94.45661098400008,19.434091013000042],[94.45192713400004,19.434871654000062],[94.4504474460001,19.43679260600002],[94.44672285800003,19.436172722000066],[94.44464114599992,19.442678069000127],[94.4415185810001,19.44554042100004],[94.43449280599992,19.460893041000194],[94.43527344700003,19.469740310000038],[94.43129139400007,19.478120478000015],[94.41887997600006,19.488215495000038],[94.41767872700005,19.491338736000085],[94.40743056600006,19.490557420000098],[94.40222628900004,19.49289934200007],[94.39494030100009,19.498884262000015],[94.39415966000007,19.5033078980001],[94.38895538300005,19.506170250000054],[94.38850582700007,19.51013004900004],[94.3733425500001,19.521522867000062],[94.37568447500007,19.529849709000068],[94.37375663700008,19.536597147000045],[94.36373260500007,19.53833996],[94.36045505400017,19.52803831400005],[94.36498814200007,19.524301616000056],[94.36604102800015,19.516641165000134],[94.37139674500014,19.50767321300017],[94.37340712400018,19.499570700000053],[94.37919750000015,19.4937687260001],[94.38266195000013,19.48342673400009],[94.37990735900019,19.475717660000125],[94.37284289800017,19.46976651700022],[94.37103023500005,19.4629726420001],[94.3711338510001,19.45484733300007],[94.37312831000013,19.448099018999976],[94.36407996300018,19.4484457550001],[94.36460691700007,19.44438727400005],[94.36081866400025,19.442987464000076],[94.35989570700015,19.440721069000062],[94.35279285400013,19.437928628000204],[94.35046917500001,19.43383593199998],[94.33381429700007,19.433637629000135],[94.33188769100019,19.435422422000094],[94.32570054500019,19.435346581000143],[94.32567742600015,19.437154229],[94.32040154200008,19.440248594000167],[94.31411141700022,19.44784753500012],[94.3078894460001,19.450483030000136],[94.30639854100008,19.45498037500002],[94.30450963600005,19.45405363500009],[94.30067632500005,19.455812374000022],[94.29916523400016,19.462114292000084],[94.2953739890001,19.460714209000137],[94.29686497000007,19.45621689200012],[94.29202460900007,19.462026733000016],[94.28774084900024,19.461976612000047],[94.28873201600007,19.459279684000222],[94.28024459300008,19.453306101000035],[94.28130115400019,19.445645808000158],[94.27947036500012,19.440206029000098],[94.27805083600022,19.439736893000152],[94.27813517600009,19.433416266000222],[94.2710241690001,19.431523981000073],[94.26902160699997,19.43872237900008],[94.26616055400014,19.439138266999972],[94.26499739100005,19.454473345],[94.26258660800019,19.45670107600019],[94.26011029000013,19.463892155],[94.25819204800021,19.464772953000065],[94.25767313299997,19.46792750000021],[94.25285143200011,19.472379851000102],[94.25183253700011,19.477334736],[94.24135397400023,19.477655298000048],[94.24038469400011,19.47899796300003],[94.23323231000023,19.479810688000082],[94.22758299400016,19.475225434000112],[94.22376417800018,19.47608000800013],[94.22467940400026,19.47879993800023],[94.22799086500005,19.48019606500021],[94.22795279000019,19.48290444700013],[94.22410752700013,19.48556664400004],[94.22127703100018,19.483724372000044],[94.22135322300012,19.47830761100012],[94.21946870000008,19.476930316000132],[94.21329302399994,19.47594986800002],[94.20992441500006,19.478616255000095],[94.20184085000012,19.478059927000075],[94.20085675500013,19.480306351000106],[94.19846914700007,19.48072626700021],[94.19706131600003,19.479356244000098],[94.19514603800019,19.48023384500016],[94.19463552400003,19.482484522000114],[94.1922583430001,19.48245404500003],[94.19041639600022,19.477914897000122],[94.18805094900019,19.476983656000257],[94.18759339700011,19.47562215100016],[94.18902030500006,19.475641055000114],[94.19626809600015,19.468057751000075],[94.19683279400017,19.461747565000017],[94.19212106400022,19.458524828000087],[94.19167522400011,19.45626257300005],[94.1940627630002,19.455842665000162],[94.1970075950001,19.449559890000195],[94.20181034800004,19.446458989000163],[94.20356136700009,19.423459718000114],[94.19934982800005,19.418439774999975],[94.20000976700022,19.40535558199997],[94.20435467900018,19.400896193000058],[94.20827272200006,19.39282033200004],[94.2139797870002,19.392892691999975],[94.21877476399999,19.39024509000014],[94.23271837100005,19.389675671000187],[94.23343848000025,19.377071781999984],[94.2371359670002,19.373638401],[94.23660775499997,19.33613532000004],[94.2284204610001,19.32213769200005],[94.21996906299995,19.31553503599999],[94.21574336300012,19.310252914000035],[94.21653568300013,19.30761185000007],[94.22236407800018,19.303159710000124],[94.2234024440001,19.298533201000172],[94.21567733800003,19.289619615000042],[94.21785621300012,19.284865704000108],[94.2127061440001,19.280507951000015],[94.20700226800012,19.279493106000135],[94.19794601200006,19.281183405000156],[94.19406663900016,19.28655395300006],[94.18576731000013,19.28922345700013],[94.18358843500005,19.288034979000027],[94.18755002700011,19.280309873000135],[94.18616346800019,19.278923315],[94.17471512500005,19.276376465000144],[94.17327253600013,19.27771176300012],[94.17454337400012,19.288564149000084],[94.17309338200006,19.290349821000067],[94.16264860200008,19.28931248300002],[94.15922463700016,19.292590809000046],[94.16100735400016,19.297542801000173],[94.16625035600015,19.303354115999976],[94.16140351200006,19.307248704000024],[94.16199775100013,19.31002182100001],[94.16972286000004,19.315171890000116],[94.16984354200008,19.31829649600006],[94.1665535849999,19.32012388200001],[94.16131766600007,19.315931144000057],[94.15902655700012,19.318143085000045],[94.16021503500002,19.321114279],[94.16932669900007,19.325472032000217],[94.1687067860002,19.331373330000016],[94.15717884900019,19.33935318700009],[94.14832288400011,19.348578528000196],[94.1462155880002,19.341016630000162],[94.13756722800014,19.347223433000078],[94.12661561800009,19.347985879000273],[94.11935971500027,19.356466383000104],[94.11171873000013,19.35862507500003],[94.10029782200019,19.358926408000162],[94.0974177980001,19.360692903000224],[94.08839596700017,19.359670605000012],[94.08305906700019,19.366823],[94.0773063270001,19.369905487000064],[94.07619154700024,19.371949913000098],[94.06947529800006,19.36685912100007],[94.06622649500008,19.357576757000132],[94.05909940900018,19.349635144000043],[94.05038366200014,19.33241116800024],[94.04332805500013,19.32452548899999],[94.03772507400011,19.308754138000037],[94.04042280500012,19.285097108],[94.03751755800016,19.28177682300003],[94.03855514600019,19.2678731320001],[94.05266635599997,19.236952978999977],[94.07445572600024,19.236330426000205],[94.07487076100017,19.233425176000047],[94.06138210400013,19.23114247900005],[94.05162876800011,19.231972551000197],[94.04913855300003,19.229897371999975],[94.04727089300025,19.20665538000005],[94.03544238000023,19.180923172000085],[94.03329553000003,19.170538390000065],[94.03318345200019,19.15747602300024],[94.03122392400007,19.155376528],[94.02968429300012,19.14823824700011],[94.02940436100005,19.137880740000128],[94.03486304700017,19.122064547000193],[94.03780234100022,19.12080484900008],[94.05403843300009,19.12276437900006],[94.05795748800011,19.12668343400002],[94.05725765699998,19.134101650000133],[94.0680350630002,19.159995414999983],[94.06943472700017,19.167553596000015],[94.06257637799996,19.18350975600002],[94.06271634200023,19.188408577000278],[94.06453790100016,19.18829961800021],[94.07111432200014,19.167413631000052],[94.06061684700012,19.131022391000112],[94.06005698300017,19.127663198000104],[94.0631362420001,19.126543469000087],[94.06929475900014,19.12780316500005],[94.07615310800014,19.134101650000126],[94.08511095200004,19.14823824700011],[94.09028970600008,19.15103757100008],[94.09140943700011,19.15481666100016],[94.08986980600014,19.182669960000023],[94.09364889600022,19.182669960000023],[94.09588835900014,19.150757639],[94.10414637100004,19.150337740000204],[94.11282428300025,19.15215730200012],[94.11926273200011,19.151877370000197],[94.12430151800008,19.149357976000097],[94.12682091300015,19.150477707000103],[94.13210763300003,19.160627804000022],[94.13343514700014,19.167112791000022],[94.13241956600018,19.173292216000014],[94.1350789250002,19.168953259000126],[94.13479899300013,19.162374842000123],[94.12822057600022,19.148658144000134],[94.12388162200018,19.147958313000057],[94.1142239460001,19.150477707000128],[94.10484620300019,19.14795831300006],[94.093229,19.14977787500016],[94.08427115600017,19.135501313000137],[94.0767129750002,19.127943133000127],[94.05123910700013,19.113806535000155],[94.03794230600012,19.109887477000058],[94.03206372000011,19.105828455000136],[94.03108395700013,19.095610915000076],[94.02584161100015,19.08593221700009],[94.02779473600019,19.078901731000094],[94.03556287900017,19.076995396000054],[94.05417839800003,19.076435529],[94.06761516399996,19.084833509000084],[94.08371128900012,19.084693541000032],[94.08833017799994,19.087072968000047],[94.08958987400008,19.100369769],[94.09336896399994,19.105268588000058],[94.09728802200023,19.108487814000185],[94.11044485600007,19.11128714100006],[94.11240438300013,19.11422643200013],[94.11226441600019,19.12388410700015],[94.11590354100008,19.126543469000104],[94.1206623950002,19.125283771000117],[94.12374165399996,19.12206454700024],[94.12696088000007,19.114646331000205],[94.13004013900019,19.11450636700011],[94.14123744200003,19.123744143000174],[94.14347690500017,19.121924580000123],[94.12948027200014,19.112686804000134],[94.12542125000004,19.113246668000105],[94.12192209100016,19.121644648000057],[94.118422933,19.124723906999975],[94.11520371000017,19.124863871],[94.11226441600019,19.11002744500009],[94.09840775300025,19.107228118000215],[94.09336896399994,19.10330906100003],[94.0918293360001,19.090712094000207],[94.08930994200018,19.08455357600015],[94.1044263030001,19.082734014000064],[94.11674333800023,19.08595324000011],[94.11786306900025,19.083433845000112],[94.10820539300018,19.080214619000024],[94.07335378200015,19.078674991000206],[94.06789509600027,19.074895901000094],[94.06187654600018,19.06845744900012],[94.05025934000015,19.04844226900021],[94.04787991300022,19.046762671000142],[94.04927957700018,19.044663179000125],[94.05697772500014,19.04228374900009],[94.0638360740001,19.043963347000116],[94.06551566900009,19.042563684000093],[94.04704011700017,19.016110052000105],[94.04480065500013,19.01541022000012],[94.04158143100007,19.008971768000087],[94.03346338400009,19.002813250000045],[94.03010419300006,18.99819436400008],[94.0313638890002,18.99329554200017],[94.03486304700016,18.99007631600026],[94.03724247399992,18.990496216000018],[94.03934196900019,18.987137025000187],[94.04109154800011,18.970994243000153],[94.03760794400019,18.968754784000016],[94.0391009180001,18.9588016250001],[94.04333100999992,18.94586251500013],[94.05552363200013,18.940388278000228],[94.04805876200015,18.940388278000242],[94.03810559999995,18.930683949000105],[94.03835443000014,18.924214394000106],[94.03487082500011,18.9219749340001],[94.03486660000021,18.913017210000042],[94.0271571260002,18.899580325],[94.02889893000008,18.89485257299998],[94.0348708250001,18.892115455000027],[94.04183803600006,18.892115455000024],[94.04830758800013,18.895101403000133],[94.05701660300015,18.895599061000116],[94.06348615800012,18.888134192],[94.0667580540001,18.878019773000272],[94.06995571300013,18.8744485960001],[94.0779182390001,18.8769368850002],[94.0851342790001,18.882908781000094],[94.09202279400013,18.89263387700011],[94.0975757300002,18.90679636500003],[94.1005616780002,18.920481960000018],[94.09920968300014,18.93602224400012],[94.10951952200008,18.950341437000162],[94.10902186300018,18.96178757300004],[94.11306847800009,18.966165984000217],[94.11250547000004,18.952829729000168],[94.10479177000026,18.935411700000042],[94.10304996700006,18.92744917099999],[94.10255231100014,18.92122844600001],[94.1052894290001,18.913514746],[94.10404528500021,18.909284654000093],[94.10531275600016,18.905909911999963],[94.0906162940001,18.883515302000088],[94.07997885500004,18.87469742600028],[94.07354040300004,18.872737898000143],[94.06906148400009,18.871898099000195],[94.06388273000006,18.87525729000004],[94.06024360500017,18.885054933000237],[94.05478491900004,18.892333179000076],[94.05114579600013,18.892333179000044],[94.04750667000013,18.889533855000096],[94.0427478160002,18.88911395499999],[94.03784899499996,18.885614797000027],[94.03532960300004,18.879736212000278],[94.0322503450002,18.877776684000143],[94.02567192800007,18.86000096400019],[94.02459288700005,18.859216206000113],[94.02203280500017,18.86224042400001],[94.01853364700014,18.86014092900013],[94.01895354300008,18.854262344],[94.02455219700005,18.849503490000096],[94.03910869400018,18.844464703000163],[94.06164326800025,18.847823894000012],[94.06556232600015,18.851463017000142],[94.06710195399995,18.857901469000076],[94.07130094300003,18.86503975000016],[94.07424023500005,18.866019514000065],[94.07703956100022,18.865319682000084],[94.08459774200021,18.85370247900012],[94.08949656300007,18.85286268],[94.09593501300009,18.86126066000014],[94.10167363300009,18.872597931],[94.10671241900008,18.871618167000143],[94.11063147400006,18.873297762000057],[94.11035154200019,18.877776684000168],[94.11189117300013,18.880715976000168],[94.1151103960001,18.881275843000033],[94.12444002600023,18.879412539000025],[94.11696057800009,18.870122277000128],[94.11373260300024,18.8557144960001],[94.1159370740001,18.853352564000197],[94.12554226000009,18.856659268000115],[94.13946453400008,18.867139245000104],[94.14548308600013,18.88533486500012],[94.15108173900019,18.89093351800001],[94.15724025700013,18.892893046000093],[94.16717786400017,18.89289304600012],[94.17109691900016,18.88883402300008],[94.17123688700019,18.884774998000257],[94.15794008800022,18.888694056000155],[94.15220146800023,18.888694056000148],[94.1478625130001,18.883375338000068],[94.14646285000003,18.873717662],[94.14786251300012,18.858041434000043],[94.14660281700014,18.855242107],[94.14996200800016,18.84740399500001],[94.14506318700013,18.83158780200008],[94.14982204100006,18.830887970000127],[94.158359985,18.83326739700007],[94.16521833400004,18.835926759000035],[94.17347634600014,18.844184771000084],[94.17487600900002,18.84208527600004],[94.16647803300008,18.833687297],[94.15220718300004,18.82646413900004],[94.14170399600012,18.827248847000202],[94.1383448050001,18.82444952100002],[94.13946453400008,18.819130802000032],[94.16157921100012,18.798555756000102],[94.16451850200002,18.790857608000216],[94.17011715500009,18.78497902200015],[94.17711547200014,18.780500100000076],[94.18131446200012,18.779800269000045],[94.18467365200024,18.783159459000103],[94.18355392100023,18.788618148000126],[94.18915257400012,18.79617632900018],[94.19027230300009,18.800375316000075],[94.19265173300018,18.800655248000115],[94.19279169700019,18.79687615700016],[94.19573099100018,18.79757598900012],[94.19727061900007,18.796036361000123],[94.1863532480001,18.78931798000013],[94.18831277500017,18.771822189],[94.18439371999995,18.76062488500009],[94.18551344900015,18.759085257000216],[94.19195190100015,18.759505154000063],[94.19181193400021,18.756705827000218],[94.19797045100023,18.752366872999982],[94.20314920400018,18.752506840000095],[94.20594853100006,18.756285931000058],[94.2072082270002,18.76230448100012],[94.2065083950002,18.768462998000132],[94.20930772200006,18.780640068000157],[94.21266691200003,18.78357935900023],[94.22022509300018,18.785818821000095],[94.22288445200024,18.78385929100011],[94.21434650800006,18.77896047200006],[94.21140721700016,18.774621514999982],[94.21224701300018,18.764543943],[94.21098731700005,18.75866535800004],[94.20860789000011,18.752646805000033],[94.20104970900007,18.74620835600014],[94.20034987800018,18.743269064000106],[94.20510873200013,18.740049838000036],[94.20883106300016,18.733726303000093],[94.2159515350001,18.732302209000192],[94.23826234200021,18.736574491000194],[94.2444334160001,18.74701784700006],[94.24562016200026,18.75176482799998],[94.24751895500005,18.750103386000045],[94.2444334160001,18.736099792000065],[94.25107918999998,18.734201002000194],[94.26342133900005,18.74108412300012],[94.27196590500006,18.737523886000147],[94.2731526510002,18.73182751000025],[94.26982976500007,18.72874197400006],[94.26342133900005,18.734913049],[94.26057315100013,18.73586244400016],[94.2508418420001,18.728979322000157],[94.24134788100014,18.729928717000067],[94.21500213800016,18.723757643000024],[94.19886240300013,18.73016606800008],[94.18841904600016,18.73728653800005],[94.17963713200004,18.734438350000143],[94.16468414300017,18.733251603999975],[94.16183595200012,18.728504623000045],[94.17180461300006,18.722808248000092],[94.18106122600011,18.720434756000177],[94.19981180099997,18.70548176700008],[94.20835636400005,18.701446833],[94.2140527420001,18.694326361000087],[94.22235995800021,18.68981673100017],[94.22046116500019,18.688155286000097],[94.18056470700014,18.71708142000001],[94.16895642500015,18.72043475600017],[94.16088655700021,18.724944389000154],[94.15186729500017,18.74155881900009],[94.13857574800005,18.740846772999987],[94.14013111900005,18.735143967000116],[94.14352820099992,18.72950977700009],[94.1700420320002,18.70548162000015],[94.20310146100019,18.679547781000114],[94.21761965800016,18.67003177700009],[94.22987712500014,18.657681096],[94.23747395600016,18.644584713000103],[94.24038116300011,18.642438862000258],[94.24269302500005,18.64246582200022],[94.24449299500014,18.649712860000122],[94.24636262800021,18.651540475999976],[94.25250787400012,18.65251704300006],[94.25530786500003,18.65571026200004],[94.25092532500017,18.664689192000044],[94.2556742440001,18.663842571000085],[94.25801973500006,18.6656771290002],[94.26280338700009,18.66212199600012],[94.26467313100008,18.66394956199997],[94.26507691500008,18.669370885000102],[94.267426983,18.670754849],[94.26501650000019,18.673886664000076],[94.26593981900011,18.675702838000078],[94.27116912100001,18.674409952000016],[94.2721457690002,18.672165983000237],[94.27546799700009,18.671753962],[94.27596434100013,18.669953587000183],[94.27975978300009,18.669545950000106],[94.27930964800011,18.6677342070002],[94.2860117190001,18.66239679300006],[94.29314976400019,18.65977215400017],[94.29464558200011,18.65392038699997],[94.29985607800013,18.653981441000226],[94.30216016400017,18.65897486600011],[94.3068630010002,18.661737405000018],[94.3215802040001,18.65920033000011],[94.32626915800012,18.66286639400005],[94.33479494000011,18.662965351000135],[94.3357668410002,18.661169262000175],[94.34233297600014,18.66621198500004],[94.34943914000013,18.666295107000202],[94.34946642900019,18.664037177000186],[94.35854093200004,18.65827],[94.35903697300017,18.656469519000062],[94.36332833400027,18.65426082],[94.36806314100022,18.65431436300007],[94.36940123000016,18.661103735000168],[94.3736129300001,18.665215677000017],[94.3740520230001,18.667928523000107],[94.37970883400021,18.670251133000107],[94.38251231900006,18.673443807000144],[94.39058089700012,18.67217826200011],[94.3939459500001,18.66815331700012],[94.39871053400013,18.66594865700006],[94.40107928000003,18.66597529000024],[94.40527118700005,18.67189186400022],[94.41283945900007,18.67287965100015],[94.41431575800011,18.66838170500011],[94.41718038100004,18.666605179000076],[94.42083143600009,18.677934444000126],[94.42459996800011,18.679781251000062],[94.4250236700002,18.683850898000138],[94.42308981300016,18.68699031100005],[94.42402758499993,18.687902590000135],[94.4168330620002,18.695047387000066],[94.40640403900018,18.695382969000093],[94.40354360800019,18.69670630200006],[94.40293682900017,18.70753611200012],[94.3971729440001,18.71379237999997],[94.39808800900005,18.716512079000047],[94.4004412420002,18.717893002000178],[94.41035211800006,18.7211629490001],[94.40928088300012,18.731084769000034],[94.42239974000019,18.74342161100003],[94.42572241500018,18.74300873400012],[94.42813673900015,18.73942305400004],[94.43332821700011,18.741285265000226],[94.43483847200015,18.73407873200017],[94.43814288500003,18.735017507000098],[94.44054580600022,18.732335455000136],[94.44810636100004,18.73422401500007],[94.45139083100021,18.73697011000013],[94.4589671060001,18.737504256000083],[94.46568844800005,18.730352128000078],[94.47186029600017,18.72951648200003],[94.47237160500009,18.72636158800009],[94.48006594700013,18.716962314000078],[94.4805728550001,18.714257988000167],[94.48532207300013,18.713406891],[94.4877711920002,18.706659194000054],[94.49064446700015,18.703981129000073],[94.49300911800016,18.704457974000025],[94.4935245720002,18.700852464000107],[94.4968512640001,18.699983466000013],[94.50212257200013,18.695073564000147],[94.51066035800012,18.694261112000106],[94.5182207180002,18.696146156999983],[94.51823614700017,18.694791858000166],[94.52012751500014,18.69526437500008],[94.52821853800015,18.69218943100004],[94.53109835700015,18.68905800000017],[94.53394483200003,18.68863515300006],[94.53448217800008,18.68322468700026],[94.5482836610001,18.677949369999965],[94.55207660100001,18.67753733800001],[94.56384873300011,18.683980538000203],[94.57000892400004,18.684044926000187],[94.57574590200011,18.67958646700017],[94.58190350700022,18.67965071900013],[94.58235728900007,18.681462325000112],[94.58331061300011,18.681020047000057],[94.58381015100004,18.678766164000205],[94.58146498499997,18.676484796000093],[94.58151752400016,18.67196871400018],[94.58343684100011,18.669732385],[94.5896425740001,18.665731045000065],[94.59014628800021,18.66302655800015],[94.59540283700018,18.659016844000025],[94.5954222750002,18.65720938800007],[94.59826010700017,18.65768992500011],[94.59875278100026,18.65588915200005],[94.60539014000005,18.655504128000043],[94.61253949400009,18.65151331600007],[94.61690313200017,18.64252586200018],[94.62115644000022,18.64347179000013],[94.62545934600007,18.639901560999984],[94.62972776900001,18.63949309300013],[94.6316081560001,18.64086641900025],[94.6316316440001,18.63860835500014],[94.63778882699995,18.638669410000116],[94.64254973800018,18.636457478000096],[94.64447538000015,18.63376776100017],[94.6515789890002,18.633836861000017],[94.65397781000019,18.631151203000073],[94.66158468500011,18.628518134000227],[94.67255163700014,18.621850479],[94.69003221600008,18.6260826930001],[94.68995820700009,18.633306598000065],[94.69185062200008,18.633325566000035],[94.69229677900005,18.63604134000012],[94.69465443000007,18.636964833000057],[94.69508938600002,18.6405812270001],[94.69124789600004,18.645513386000022],[94.69502429300003,18.646905585000106],[94.70157428100002,18.65464222500004],[94.70488153300002,18.65558018900002],[94.70727342000004,18.65334481900017],[94.72242515100002,18.654390282000065],[94.72386352300002,18.652597396000047],[94.72856324700004,18.656255537000032],[94.73282793600002,18.65629393700001],[94.73328202200011,18.658105749000086],[94.74656098100006,18.65687716400004],[94.746500035,18.662744557000206],[94.73965041000008,18.670732137000034],[94.74118749700007,18.677758820000022],[94.74711626099999,18.682809249000098],[94.74579875800005,18.686542175000053],[94.73569790300007,18.693788442],[94.7326237290001,18.711135564000102],[94.73745457100003,18.71640557700005],[94.73240414500005,18.719479751000033],[94.72636601300005,18.730745270000092],[94.72161675800002,18.731603553000053],[94.72064023300005,18.734304284000046],[94.71395301200008,18.739206397000018],[94.71000659099998,18.744512308000115],[94.70934784000008,18.74934315300003],[94.70341907500007,18.75658942000007],[94.7027603240001,18.761200682000045],[94.70649324900005,18.762957352000086],[94.70934478200009,18.771676961],[94.70012532000004,18.77349737800007],[94.6992469850001,18.776571549000053],[94.69441614000007,18.780304475],[94.69303327600005,18.789583122000074],[94.69126063700011,18.789323679000102],[94.68555145900007,18.80271829400002],[94.6888452150001,18.805133717000032],[94.70641192300008,18.81172122999999],[94.70487483600009,18.822480839000043],[94.71190152000007,18.82862918700001],[94.72368863100003,18.824648608000082],[94.72617446800002,18.826213764000066],[94.73891033200005,18.82753126700012],[94.74291423200003,18.826185225000035],[94.75128163800011,18.829256402000038],[94.75186578000005,18.833020864000027],[94.76020996300007,18.843121719000088],[94.759248517,18.85207931200004],[94.76114066000007,18.852548529000067],[94.76196663400002,18.859370924000117],[94.76130788300013,18.862664682000062],[94.75955121200009,18.863323434000034],[94.76003431200009,18.867891341000064],[94.75581828900005,18.8699109500001],[94.75581828900005,18.872326372000025],[94.75845329300002,18.87583971100002],[94.75428120200006,18.87781596600011],[94.75208536300009,18.88594056900008],[94.74725451800006,18.89143016499999],[94.74404299300008,18.900255181],[94.73688688400004,18.903799161000045],[94.72691120099995,18.905061464000084],[94.72170445900008,18.903657573000054],[94.71547893500004,18.90901382600003],[94.71592124100005,18.91217990400007],[94.7135485590001,18.912157028000042],[94.70590001400008,18.917501508000022],[94.70538133300006,18.921560381000035],[94.70158568500007,18.92152574700001],[94.69766809200011,18.932775501],[94.70031759900004,18.936098616000073],[94.70068498200007,18.94124197200002],[94.69746573600007,18.951741826000056],[94.69838468700007,18.954457733000062],[94.69719484700003,18.95979479400005],[94.689741,18.963857494000024],[94.69115610100008,18.964773198000028],[94.69155282300004,18.972002060000047],[94.68097853500007,18.984090818],[94.67951784500009,18.987237878000073],[94.68089862900003,18.99131575700006],[94.67991449799996,18.994466736999982],[94.67265987900002,19.000643146000073],[94.66763932400002,19.010206107000037],[94.66811747300007,19.014509439000026],[94.68158894200003,19.01525661100003],[94.68437450700011,19.02359425400004],[94.68341821200005,19.031483696000095],[94.68752866800006,19.03653875600002],[94.68127986700004,19.043699357999987],[94.67555047300002,19.046354114000085],[94.67026317700005,19.052170755000052]]]]},"id":"Toungup"},{"type":"Feature","properties":{"shapeName":"Kyaukpyu","shapeISO":"","shapeID":"66882298B17691670471295","shapeGroup":"MMR","shapeType":"ADM3"},"geometry":{"type":"MultiPolygon","coordinates":[[[[93.83289819600014,19.255086752000118],[93.83612617100016,19.260755389000114],[93.83478774200019,19.26319605100008],[93.827889998,19.264299539000117],[93.81990757300008,19.263510975000052],[93.81652213900009,19.25996807900015],[93.81825422100009,19.25689756600004],[93.82447397300007,19.254771828000194],[93.83289819600014,19.255086752000118]]],[[[93.75745343800016,19.275556826000265],[93.76028775700007,19.278784801000093],[93.75918552000006,19.28035942100021],[93.75493404400005,19.282721353000017],[93.74603743500013,19.284532168000176],[93.74257326900023,19.2838235870001],[93.7422583450001,19.280910539000104],[93.75154861000004,19.271384080000132],[93.75745343800016,19.275556826000265]]],[[[93.85951765500005,19.29852118600022],[93.84529833600011,19.29523959100016],[93.84624311100005,19.2786535820002],[93.84246402000008,19.270465551000104],[93.8541162150001,19.270780475000052],[93.86324901600017,19.27760383500012],[93.86513856200018,19.284217244000068],[93.86335399100007,19.297549034000042],[93.85951765500005,19.29852118600022]]],[[[93.84498341199998,19.278443631000084],[93.84477346400018,19.29135552499997],[93.82892227900011,19.297444058000078],[93.79781874100013,19.30458274000023],[93.78451796700006,19.301538073000145],[93.77213094600025,19.296079387000034],[93.79302092000012,19.268366056],[93.80834722900016,19.267211336000074],[93.81307109400014,19.27057052700008],[93.82344800300012,19.273563858000063],[93.840364525,19.271410326000023],[93.84498341199998,19.278443631000084]]],[[[93.65585096900021,19.372518684000188],[93.64846148400011,19.377988345000023],[93.64846148400011,19.374206143999963],[93.64049895500006,19.36524830000011],[93.63990176700021,19.355693268000195],[93.64567459800008,19.346138232000037],[93.65164649400003,19.34454572600008],[93.64905867200014,19.342754158],[93.65483150600014,19.333597252000178],[93.67274719400012,19.32085720700004],[93.70181042100006,19.3079181],[93.70320386200018,19.308913415000017],[93.68926943800005,19.31807032100007],[93.68449192100014,19.35370263500006],[93.68110784700008,19.353304508000054],[93.68548723900007,19.357484836000086],[93.68663176000013,19.366327432000045],[93.67672845700008,19.374405209000216],[93.67065199400015,19.376642372000102],[93.66319215900006,19.37201644900011],[93.65585096900021,19.372518684000188]]],[[[93.68497206900003,19.388691679000093],[93.69064537100013,19.390483247000212],[93.69243693900007,19.392424112000132],[93.69079466800015,19.39690303399998],[93.6634732450001,19.4067566630002],[93.660338,19.40660736600021],[93.65974080900016,19.403621418000082],[93.6733184680001,19.391653206999987],[93.6822847150001,19.387198705000063],[93.68497206900003,19.388691679000093]]],[[[93.66810146400015,19.424373757000204],[93.65974081100018,19.42900197600006],[93.65332102100014,19.429449867000077],[93.65003647900014,19.42825548800012],[93.64988718200011,19.425568137],[93.65511258900001,19.418551158000106],[93.6604872970001,19.4188497520001],[93.66705638100008,19.416908886999988],[93.66810146400015,19.424373757000204]]],[[[93.63719690200014,19.401232659000033],[93.64182512100018,19.415266616000054],[93.64092933800005,19.423477971000143],[93.63659971300018,19.428703382000034],[93.63047852000005,19.43213722100017],[93.62211786500012,19.430345653000067],[93.62928414000022,19.427210408000136],[93.63147123900006,19.42346778000026],[93.63615181900009,19.413027154000087],[93.6365997130002,19.40630876900024],[93.63391236000012,19.398246711000077],[93.63719690200014,19.401232659000033]]],[[[93.80652263700019,19.226833667999987],[93.78412787800005,19.228813912000025],[93.76250307999995,19.239416362000103],[93.74413250400016,19.254742672000262],[93.73038081400013,19.26335059999996],[93.72387238100009,19.276997314000116],[93.7234524820001,19.283400774000047],[93.7188335920002,19.285920166000093],[93.72051318800006,19.28917438400006],[93.72240273400007,19.288754484000144],[93.72492212900012,19.285185345000112],[93.72765147100013,19.285815193000182],[93.72513207700024,19.292428599000136],[93.71075053900012,19.302296226000077],[93.6990983440001,19.305235517000153],[93.69437447900016,19.308174811000182],[93.69154016400016,19.30743998800005],[93.69028046500017,19.30124647800024],[93.6745342560002,19.299776831000052],[93.67096511400007,19.29641764100011],[93.65931291900012,19.278466961000074],[93.65689850000008,19.271643604000147],[93.66067759100004,19.256107343000135],[93.66015271800023,19.24487504800025],[93.66414175700017,19.24015118300011],[93.66267211300006,19.238261639000054],[93.65899799500016,19.239836259000146],[93.65721342400019,19.24351037600015],[93.6577382990002,19.252223277000105],[93.65595372900016,19.254637696000124],[93.64881544700017,19.248864086000026],[93.64524630600016,19.242355653000065],[93.64545625700003,19.234587524000045],[93.64755574900005,19.22734426800014],[93.6415721910002,19.209183637000194],[93.63968264400012,19.2091836370002],[93.64094234299996,19.216741818],[93.64440650900008,19.222935327000084],[93.64503635700015,19.229338787000042],[93.64084336700012,19.23651349400012],[93.64184663000009,19.24081647300025],[93.64367168600012,19.247289467000112],[93.65175473900018,19.254847647000116],[93.65206966300015,19.262405828000155],[93.6507348760001,19.266264318000044],[93.6554288560002,19.28392564700001],[93.66067759100004,19.288754484000165],[93.66204226200006,19.28728483700012],[93.66582135200014,19.293793273000066],[93.66613627600005,19.313843445000025],[93.66214723800006,19.31993198100005],[93.65857809600017,19.322346400000253],[93.63401401000006,19.328959806000164],[93.63222943900007,19.333053821000014],[93.62645583000011,19.334628443000106],[93.61942252100022,19.342711496000057],[93.61700810200016,19.341451800000247],[93.6164832300001,19.337882658000044],[93.61270414000006,19.331899099999983],[93.60084199400018,19.32255634900016],[93.5998964070002,19.323927281000064],[93.61175936800004,19.333473720000086],[93.61627327900003,19.343026420000182],[93.6184777490002,19.344706018000036],[93.6211021170001,19.344601043000125],[93.6282404010001,19.336517986999976],[93.631599591,19.336203063000212],[93.63464385800012,19.33945728099996],[93.63532331200021,19.348128865],[93.6360085300002,19.36076715100015],[93.63412893300023,19.36564642700007],[93.62815703700011,19.373409891000144],[93.61840294000011,19.37500239700022],[93.61183385500011,19.38376117900006],[93.6140235500002,19.388936822000247],[93.61083853700018,19.39251995800004],[93.60919914900023,19.403176944000048],[93.60526476800003,19.409042204],[93.60042792700011,19.413067895000157],[93.58419183400014,19.410081946999973],[93.5735543950001,19.417920059],[93.57206142100017,19.416613709000035],[93.57299453100012,19.41437424700007],[93.57112831400015,19.40952208200016],[93.56291695600022,19.406909377000215],[93.55375764300007,19.40877759300009],[93.55084321600003,19.411577581000117],[93.5592811690002,19.41043564600007],[93.56745622000007,19.414144872000183],[93.56983151900006,19.418597237000053],[93.56545213000015,19.422379438000085],[93.55868398000007,19.425166324000088],[93.55468461400011,19.429903385000117],[93.54594393500015,19.43631386300009],[93.53837953300007,19.435119483],[93.52424604700019,19.428351334000183],[93.52006571900019,19.429545713000174],[93.51827415100014,19.432133535000236],[93.51409382300007,19.431934473000126],[93.50772379999997,19.425166324000095],[93.50155284300018,19.4249672590001],[93.48761841800018,19.41481503600003],[93.47885963600004,19.400283422000125],[93.47467931100013,19.396302159000086],[93.47587368800009,19.388737757000033],[93.47308680500016,19.369030501000104],[93.46830928900012,19.36644267999998],[93.4714942980001,19.35549420300014],[93.48244277500015,19.33737945300003],[93.52981981600016,19.27427641999998],[93.53121325800015,19.267707332000214],[93.54853175700003,19.240833801000257],[93.55350833800016,19.227297503000056],[93.55967929600018,19.222719051000155],[93.58953877500012,19.17255512400011],[93.59391816800017,19.161009459000088],[93.59332097600016,19.1566300670001],[93.59909380999994,19.149463794000177],[93.60984322199994,19.149463794000162],[93.61362542299999,19.14607971900006],[93.6186020020001,19.145482528000112],[93.62417577400012,19.147274096],[93.63067021000013,19.143641195000054],[93.63290966900024,19.138913443999986],[93.6383839090002,19.13468335100014],[93.63937922400005,19.126720822000095],[93.64709292300013,19.106814502000287],[93.65306481900006,19.07894565500002],[93.66003203000022,19.071231955000044],[93.66685898200019,19.072785531],[93.67397485600011,19.080692660000086],[93.68603242500025,19.087018463000096],[93.69255521700005,19.09966979900004],[93.70145011000017,19.10639090200009],[93.70065940900002,19.108367646000154],[93.68879925900018,19.116669838000018],[93.69156654600005,19.11963501100012],[93.6974965060001,19.122204885000105],[93.70164761799998,19.11587933100003],[93.70441498300012,19.114100295000135],[93.71074030900013,19.1148910940001],[93.73544843700012,19.12556596900007],[93.73821572400016,19.128531144000153],[93.74256422300016,19.138612664000153],[93.73129713800006,19.142961351000125],[93.72180910100008,19.14474028500009],[93.71904168400015,19.149484455],[93.71271624400009,19.15541462600018],[93.71607635500004,19.168658938000174],[93.7212156130002,19.173403230000158],[93.7352498620001,19.178938360000146],[93.73742417200003,19.18111282000012],[93.74454023300007,19.177159424],[93.74908655600008,19.177950195],[93.753632784,19.18565960200013],[93.76055101200006,19.19099695800011],[93.76470202100008,19.190601669000014],[93.77260877800013,19.1856599050002],[93.77656209899993,19.186648343000105],[93.77764222900015,19.192334802000126],[93.78427086100002,19.202857844000075],[93.78427079500005,19.20681135500005],[93.7907936530001,19.21531150200022],[93.7907936250001,19.217090582000086],[93.78802624700015,19.219462645000213],[93.78802619100009,19.22282312900004],[93.7919795040001,19.224206918000238],[93.79573524800014,19.22045113800015],[93.79889790600015,19.221044215000166],[93.80652263700019,19.226833667999987]]],[[[93.61196564100017,19.432883710000056],[93.61778824000011,19.437213332000034],[93.61554877800006,19.44228944499999],[93.61704175200015,19.450052909000153],[93.61484297500022,19.45194831000004],[93.6106468060002,19.45152106299997],[93.6036125060001,19.447088386000107],[93.60046974100005,19.44228944499999],[93.60136552600018,19.437959820000145],[93.60808390800025,19.43198792400019],[93.61196564100017,19.432883710000056]]],[[[93.53880991300014,19.465579840000103],[93.5485142460001,19.468416491000085],[93.53134504300017,19.47617995500009],[93.5262689330001,19.47662784600012],[93.5264182300001,19.472746116000117],[93.53268872000024,19.461996701000228],[93.53537607400018,19.461399512000078],[93.53880991300014,19.465579840000103]]],[[[93.64645334000005,19.455129022000165],[93.64705053100016,19.46229529500022],[93.64078003800013,19.471253139000126],[93.63003062600012,19.480658877000128],[93.6257010010001,19.489616721000072],[93.62301365000008,19.491408289000102],[93.61226423500017,19.49170688300015],[93.61196564100017,19.48916882900011],[93.60957688200011,19.48737725800011],[93.603455689,19.48633217900004],[93.59942466100006,19.482450445000225],[93.59584152200017,19.473641898],[93.60076833800014,19.468117894],[93.60599374500003,19.46513194599998],[93.61092055900019,19.457965673000114],[93.62017699900008,19.455427616000197],[93.62137137600007,19.449605018000096],[93.62480521900005,19.44587258100012],[93.6295827350001,19.44452890400009],[93.63436025100015,19.447514852000083],[93.64107863500006,19.443185230000115],[93.64630404300004,19.443782419000055],[93.64645334000005,19.455129022000165]]],[[[93.51641530400025,19.521417068000204],[93.5135786530001,19.521864960000094],[93.51116316900006,19.52052865600019],[93.5131538020002,19.51833896100012],[93.51594068500016,19.518936149000123],[93.51713506500018,19.512168],[93.52776190699996,19.49917175600007],[93.51656460100025,19.4994703500001],[93.51074200200014,19.504247866000153],[93.50880113700005,19.502605595000077],[93.5044715120002,19.50215770400002],[93.51044340800013,19.497678782000175],[93.51656460100025,19.496932294000196],[93.51820687200014,19.494095643000122],[93.52193930800024,19.47244751900002],[93.52388017400006,19.47214892400007],[93.5247759590002,19.48140536500005],[93.52895628700021,19.48230114800022],[93.53403239700008,19.4817039590001],[93.53597326300014,19.482749039000225],[93.54134797000012,19.47767292900017],[93.54582689200015,19.476926441000046],[93.54522970300019,19.478718012000066],[93.53821272500012,19.483644825000102],[93.54269164700014,19.483794122000116],[93.55314246500014,19.476478549000117],[93.55851717200012,19.476030658000084],[93.56732571900024,19.478419415000133],[93.57359620899997,19.476627846000106],[93.59061611400018,19.467072814000172],[93.59688660400013,19.461250215000053],[93.59793168400013,19.462444595],[93.59688660400015,19.46796859700002],[93.58942173399993,19.474388387000044],[93.56448906800007,19.482151851000214],[93.5582185780001,19.480360283000103],[93.54761846000004,19.485287095999986],[93.54418462100007,19.491408289000127],[93.517460386,19.518879012000134],[93.51641530400025,19.521417068000204]]],[[[93.8412846110001,19.484249386000112],[93.85397488800021,19.491266364000175],[93.85755802700011,19.491714255999977],[93.85934959600007,19.49962702000008],[93.85860311000017,19.505001727000053],[93.83635779500014,19.512317300000056],[93.8247125970001,19.51769200500009],[93.81127583100016,19.526351254000026],[93.79873485100008,19.529785096000133],[93.76917396300009,19.533965421000076],[93.7684274770001,19.52381319800001],[93.77275710199996,19.51843849300003],[93.77917688900011,19.51395957100017],[93.79439172400022,19.506924103000152],[93.80336307000016,19.500373505000077],[93.81635194500008,19.485294468000053],[93.82053226900007,19.483502900000232],[93.8412846110001,19.484249386000112]]],[[[93.52907885700006,19.533467765000083],[93.52430134100018,19.537648090000044],[93.52012101300016,19.545411556999966],[93.51832944500006,19.54461530400005],[93.5231069610001,19.535259333],[93.52947698400006,19.527296805000034],[93.53286105800011,19.52550523600017],[93.52907885700006,19.533467765000083]]],[[[93.59788007300018,19.552378768000096],[93.58518979600007,19.55506612200019],[93.5995223440001,19.550437903],[93.59788007300018,19.552378768000096]]],[[[93.85569426800015,19.444259864000017],[93.85253617400018,19.455267310000014],[93.85564204000015,19.462800326],[93.862012063,19.471360044000168],[93.86340550700004,19.481910394000028],[93.86002143300016,19.48728510100005],[93.85265609200015,19.486687910000153],[93.83971698500005,19.480716014000027],[93.83115726800015,19.478725384000168],[93.81941253800007,19.479521637000175],[93.80985750600014,19.483901027],[93.79212663000015,19.50095975200022],[93.77243362100012,19.50579797800017],[93.77104018000023,19.488479481000066],[93.76785517000013,19.48569259500006],[93.77024392600003,19.490669176000154],[93.76984580000017,19.509182051999986],[93.74934229100018,19.525704298000154],[93.74197695300006,19.524708983000163],[93.74814791100019,19.53187525900013],[93.74755072300015,19.53884247000011],[93.74376852100018,19.549790947000087],[93.71331185100013,19.55018907300002],[93.70296056500018,19.552179706000143],[93.68686387300014,19.565824866000096],[93.68385049800027,19.566512257000024],[93.675489842,19.563725371000018],[93.66892075500016,19.556559096000104],[93.66573574500023,19.54143029400011],[93.66235167100018,19.533666827000076],[93.65239850899998,19.52391273000024],[93.65140319400014,19.519135214000016],[93.64383879400009,19.513561445000054],[93.64184816099994,19.50818673700013],[93.64403785600001,19.504006409000123],[93.643440668,19.500025146],[93.66255073500017,19.487484163000172],[93.66832356600021,19.481313205000145],[93.66693012500008,19.478924446000242],[93.65399101800024,19.490071985000217],[93.64324160300016,19.492659809000113],[93.63508001200013,19.491266364000186],[93.63468188600027,19.481910394],[93.6448341090001,19.47155910800012],[93.6492134990001,19.45881906300002],[93.65100507000005,19.444287450000164],[93.65657883900019,19.43712117500009],[93.67787860200015,19.42119611700015],[93.68524393900015,19.406465442000187],[93.69639147800012,19.405669189000093],[93.71092309400007,19.40746075700002],[93.72565376900025,19.41383077900004],[93.72963503500013,19.412238273000096],[93.73262098300012,19.40168792300001],[93.73600505700013,19.39910010100017],[93.73481067799997,19.39830384800009],[93.73063035000013,19.401090734000103],[93.72824159000004,19.410645767000116],[93.72485751600017,19.41164108500005],[93.71749217800006,19.407659819000127],[93.70773808100006,19.404872935000142],[93.70594651300019,19.401886988000225],[93.71092309400005,19.396114153000166],[93.71908468500011,19.390540384000012],[93.72724627500021,19.387156310000016],[93.7272462750002,19.383374108000243],[93.72525564200004,19.379591907000222],[93.73262098300012,19.353514629000173],[93.73879194100016,19.35291744000019],[93.74496290100025,19.357694957],[93.74993947900003,19.35809308300002],[93.77402612800019,19.339182078000043],[93.77462331900013,19.35092680800013],[93.77681301400021,19.35092680800012],[93.77760926700006,19.339381142],[93.77183643300009,19.33838582400022],[93.76189133900006,19.344587682],[93.74934229100018,19.355704324],[93.7457591540001,19.355505262000083],[93.740782573,19.351523995999973],[93.73500973900022,19.35032961600012],[93.74137976200014,19.32604390600012],[93.74565962200025,19.32027107500005],[93.75322402400013,19.316289809000125],[93.76934814400016,19.30136006900011],[93.79562448700011,19.309521659999962],[93.80835889400016,19.30804650600012],[93.82209989200022,19.304146955000146],[93.83958146300006,19.295843482000144],[93.84334275600014,19.296659826000024],[93.84993073600009,19.301397680000157],[93.86284078100006,19.30363756700015],[93.86619997200008,19.30542213800006],[93.87228850800007,19.31770418100015],[93.87672898500023,19.3390029650001],[93.88331085500016,19.347726954999985],[93.88394070300023,19.35182097200023],[93.8802665880001,19.354340364000098],[93.87533277500012,19.355285136000155],[93.86158108500008,19.367882104999982],[93.86074128600013,19.37155622000013],[93.8624208810001,19.379009428000078],[93.85787048000009,19.385166102],[93.84350295600007,19.386502462000077],[93.8394908320001,19.387586476000088],[93.83845304700014,19.389513794000035],[93.8418627120001,19.394554573000107],[93.84853390000012,19.398409349000033],[93.85446365700005,19.412790334],[93.86294319000007,19.41973284200014],[93.85760368600006,19.430369697000124],[93.85621984700005,19.440072742000186],[93.85467379700003,19.441963601000168],[93.85569426800015,19.444259864000017]]],[[[93.50240438700013,19.54561061900008],[93.50061281900021,19.552179706000143],[93.48866902699996,19.565716003999988],[93.487076521,19.56372537100006],[93.49105608000026,19.556932594000106],[93.49663155600022,19.551781580000082],[93.4996175040002,19.544814366000033],[93.50180719900011,19.543221862000234],[93.50240438700013,19.54561061900008]]],[[[93.65625535900008,19.568204293000072],[93.65058205700018,19.570891647000177],[93.64804400300011,19.569398673000112],[93.6458488340001,19.564947273000197],[93.63968334800019,19.565666240000095],[93.6332635600001,19.563128183000178],[93.63415934300008,19.56044082900001],[93.63744388500005,19.560142235000022],[93.63714529100021,19.556857693000044],[93.62684377000006,19.54655616899997],[93.62714236500017,19.54192795000012],[93.63729458800003,19.534612377000094],[93.64222140400017,19.536403946000142],[93.64057913300013,19.530879944000105],[93.64864119100014,19.523564371000095],[93.6587934150001,19.534313783000083],[93.66536250200016,19.545212495],[93.66536250200016,19.552528068000033],[93.67014001800004,19.5634267770002],[93.65625535900008,19.568204293000072]]],[[[93.67252877799996,19.566711319],[93.67357385800013,19.5698465640001],[93.66088358000016,19.578655111000064],[93.65550887300016,19.574922678],[93.65565817000017,19.57208602700008],[93.65864411800011,19.569398673000126],[93.66864704400012,19.566263428000138],[93.67252877799996,19.566711319]]],[[[93.7325214500001,19.585771622000138],[93.73291957700013,19.58796131700012],[93.71420763600027,19.595724784000087],[93.70346983300006,19.604368354000094],[93.69987508500014,19.602293868000075],[93.7108235620002,19.59035007600019],[93.71918421700015,19.589155697000187],[93.72535517500023,19.583382863000086],[93.7325214500001,19.585771622000138]]],[[[93.62715694800005,19.620820419000054],[93.61264397200007,19.628577356000132],[93.6061381550001,19.6250742250001],[93.60613815500012,19.618943741000205],[93.59925700200019,19.61056124600004],[93.60050811900021,19.60593210700008],[93.60250991000015,19.605806996000126],[93.60626326600006,19.615815947000065],[93.61335142700005,19.616651679000086],[93.61564665600015,19.619694414000037],[93.62040090600006,19.618693519000118],[93.62678161200007,19.612437924000066],[93.63641522700021,19.606557668000068],[93.6381667940001,19.607933899000177],[93.62715694800005,19.620820419000054]]],[[[93.65793447000017,19.628577356000118],[93.65868514000012,19.631204706000137],[93.65555734200012,19.63208049000024],[93.65130353900014,19.638836529000173],[93.65017753300009,19.638210971000102],[93.65130353900014,19.629703364000026],[93.65468156200018,19.62770157300009],[93.65793447000017,19.628577356000118]]]]},"id":"Kyaukpyu"},{"type":"Feature","properties":{"shapeName":"Thandwe","shapeISO":"","shapeID":"66882298B19990050947650","shapeGroup":"MMR","shapeType":"ADM3"},"geometry":{"type":"MultiPolygon","coordinates":[[[[94.37149991300018,18.34691331400007],[94.3752560380002,18.35254750399997],[94.37216276000004,18.352989401000013],[94.36929042800006,18.351111336000145],[94.3670809420002,18.34647141600011],[94.36895900500008,18.345145726],[94.37149991300018,18.34691331400007]]],[[[94.23661080800017,18.540022369000106],[94.22766239100025,18.539359523000176],[94.2269995440002,18.538033832],[94.22987187700012,18.535934821000144],[94.23583749000012,18.53505102600009],[94.23705270599993,18.531736799000047],[94.23882029300012,18.532731066],[94.23926219100026,18.536045296000143],[94.23661080800017,18.540022369000106]]],[[[94.24038116300011,18.642438862000258],[94.23580245900014,18.64250036400018],[94.23500137400006,18.640802824000044],[94.24120407100015,18.627500974000114],[94.24579696800009,18.60790105900008],[94.24420242400016,18.605001889000047],[94.24120407100014,18.60500188900007],[94.24079971500012,18.602899992000133],[94.2503974920001,18.58420034400016],[94.25000076399994,18.57830282200014],[94.25209884700008,18.570803130000076],[94.25209884700007,18.558302365000227],[94.24710159400009,18.545801603000104],[94.25000076399995,18.545401060000238],[94.25499801700016,18.551302397000136],[94.26670150799994,18.558802092000064],[94.26750259300009,18.55500265200016],[94.26080398600017,18.552099668000114],[94.25710373100014,18.545801603000093],[94.25826376900018,18.542784227000023],[94.26588649600018,18.53946999700009],[94.26750259300009,18.536200011000044],[94.26540451100021,18.535002195000075],[94.26249771200014,18.537901365000117],[94.25750045900008,18.539202175000145],[94.25660665600016,18.53703956300008],[94.25859519200014,18.535161500000036],[94.25693807600021,18.53405675900018],[94.24459915200016,18.530802213000023],[94.24357068799993,18.529416839000138],[94.24420242400016,18.523802245000095],[94.24669723700009,18.523802245000073],[94.25119341499993,18.518590357],[94.25826376900018,18.51947415200003],[94.25550191100014,18.518369408000066],[94.25330429100019,18.51500173800016],[94.255833335,18.510304786000194],[94.2624617920002,18.504891545000188],[94.26500015400023,18.499201261000135],[94.27629928600004,18.488302760000156],[94.2837989810002,18.47500091],[94.29039840600008,18.467501215000066],[94.29620437800014,18.45750289200009],[94.29538313000025,18.451753413000024],[94.29803451300013,18.451090567000044],[94.30040054300014,18.452501825000162],[94.30963431300013,18.44622969799996],[94.31637324500014,18.43805460199997],[94.31870337400011,18.42670302800029],[94.32129736700006,18.424200586],[94.32209845400018,18.420000604000144],[94.32499762500017,18.41880278800012],[94.32669897900026,18.415003351000074],[94.32420416800012,18.410002282999983],[94.32499762500015,18.408300929000077],[94.32790442300012,18.409201196000076],[94.33039923400004,18.40830092900008],[94.33592719200021,18.396184846999986],[94.33630438500006,18.381701044000017],[94.332497317,18.36920028200006],[94.3354041180001,18.36420302600015],[94.33769478300022,18.361937818000104],[94.33968331900002,18.362711136000147],[94.33920355500015,18.367502742000106],[94.34500189600014,18.370001366999965],[94.35119696500021,18.36670165400012],[94.35172501700022,18.36215876700006],[94.35393450300023,18.362269241000106],[94.35749884399998,18.365801386999983],[94.36255149700014,18.361937818000143],[94.3669704679999,18.36138544600007],[94.37127896500019,18.365804417000046],[94.37459319400006,18.366467264000033],[94.38210544400006,18.364036828999986],[94.38332066200009,18.356966475000114],[94.3917014200002,18.356302789000107],[94.39669867300024,18.348303369000106],[94.39420386200008,18.34250121500015],[94.39540167500019,18.33500152],[94.38884437800004,18.334871616000115],[94.38950722200019,18.32459750900014],[94.40170355700009,18.319601587000093],[94.404731961,18.315234813000107],[94.4032981010002,18.312902979999983],[94.39346358400013,18.308716828000197],[94.39379500500014,18.304629280000025],[94.38550943400016,18.30496070400013],[94.38329994900005,18.302640743000083],[94.37810765699993,18.302419795000148],[94.38429421600017,18.29247710800012],[94.38639323000014,18.290819994000014],[94.39059125200015,18.290378097000104],[94.38904461000011,18.287947662000025],[94.38420172500025,18.28669982300024],[94.38250037100016,18.282499841],[94.3804022880002,18.28170257000003],[94.37580176300015,18.28170257000005],[94.37169714900017,18.285402825],[94.36419745400019,18.287901453000046],[94.3641974540002,18.29580169000007],[94.35620184600018,18.30330138500002],[94.35459967300018,18.303301385],[94.34459753900023,18.31580214800022],[94.3433005410002,18.311701350000018],[94.34539862400015,18.307501368000167],[94.34999914900004,18.303301385000015],[94.35080023600017,18.300402215000172],[94.34829779400019,18.29620223300009],[94.33789892900018,18.294203332000183],[94.332497317,18.295401148000092],[94.32790442300013,18.300001673],[94.327103336,18.30830245500011],[94.32460089400007,18.310801080000154],[94.31790228600006,18.300001673],[94.31749793000017,18.28420119500009],[94.31500311600018,18.277903130000098],[94.31710119900016,18.267500451000114],[94.32021913000011,18.26364332000012],[94.32000036900018,18.250402978000025],[94.32209845400018,18.248301079000115],[94.327103336,18.247499994000023],[94.33590647800008,18.24254273100008],[94.33756359400009,18.24342652700006],[94.3357960040002,18.24817692099998],[94.34580298100013,18.251200249000036],[94.35829993100009,18.24830107900013],[94.36830206800016,18.25169997600025],[94.37329932100022,18.25040297800003],[94.37960119999997,18.24500136600006],[94.38250037100018,18.247900536000067],[94.39669867300023,18.251200249000036],[94.41191279000004,18.243316052],[94.41960211700005,18.233301692000122],[94.41960211700008,18.228300622000077],[94.42500372700006,18.218802026],[94.42289801300007,18.21670012900023],[94.42289801300008,18.209200434000078],[94.42749853799997,18.204599907000212],[94.42379828300017,18.20670180600013],[94.41919775800011,18.205000452000057],[94.41629858800019,18.201700739000017],[94.41369696400005,18.202501824000073],[94.41169806300013,18.20080047000001],[94.42040320200017,18.193300775000083],[94.43499823500014,18.17170196000009],[94.4378974030002,18.170801690000193],[94.44170447100005,18.17170196000009],[94.44670172400009,18.179602197000133],[94.44693313700014,18.184101833000117],[94.4504019820002,18.184202722000016],[94.45420141900024,18.195803217000016],[94.45079871000013,18.205801537000198],[94.45169898000002,18.207502894000182],[94.45500250700007,18.207899622000152],[94.45169898,18.205400994000165],[94.45629950200016,18.199202111],[94.45629950200015,18.19420104400019],[94.45169898,18.18080001300016],[94.44629736700013,18.173300318],[94.44500037000017,18.16290145300013],[94.44580145700013,18.15920119500005],[94.45046831500008,18.155820414000193],[94.45300922400008,18.151180494000165],[94.45120306700011,18.15080123300011],[94.44249793000006,18.16169982300017],[94.44170447100004,18.160402825000116],[94.44460364100014,18.148302605000172],[94.43830176200015,18.142500453],[94.43329687800014,18.142099908000027],[94.4325034220002,18.140001825000084],[94.43370123700011,18.13750319700008],[94.43540259200006,18.13920073800012],[94.43620367700022,18.138300470999987],[94.43579932000007,18.13500075800006],[94.43710394600016,18.13330321800011],[94.44370337200013,18.136702113000073],[94.44789954000011,18.14080291000017],[94.449204341,18.139601208000066],[94.45584460700013,18.139309800000092],[94.45787814100002,18.138257967000037],[94.45829890000002,18.136294492000026],[94.45374104300002,18.134821812000034],[94.45135697600003,18.131525933],[94.45205821100005,18.130193579000075],[94.45535390400006,18.130474126000017],[94.45970135400006,18.134401154000045],[94.46236596500009,18.134260947],[94.45963134000004,18.127879591000106],[94.46019234700002,18.125775867000037],[94.46529115,18.120767472000065],[94.47335962200003,18.117239277000085],[94.4785172510001,18.120454836000043],[94.48360249000004,18.12999133700004],[94.48687179299992,18.133187523000053],[94.4963322410001,18.131929634000098],[94.50108540200009,18.129270422000076],[94.50874469600011,18.120317727000067],[94.51730939000008,18.1145375620001],[94.52584175200003,18.11191395100009],[94.53298368100006,18.106569103],[94.53636382400005,18.09982903200009],[94.53699698600012,18.085386134000036],[94.53893092300008,18.08134225700011],[94.54696801500009,18.080521604000065],[94.55219485900002,18.077412894000066],[94.56348628000009,18.08113961500004],[94.57104226400008,18.081213154000086],[94.57627990900002,18.07720301500011],[94.57734516100005,18.065923354000034],[94.57979412100009,18.057820380000077],[94.5964938450001,18.04172697100006],[94.61131012799996,18.024712918000148],[94.61475849500007,18.011197912000053],[94.61953485800004,18.00582630100005],[94.63038833100002,18.005929998000013],[94.64066830400007,18.01596566700001],[94.64631375800009,18.017824350000055],[94.65106106400003,18.00926540000003],[94.66488001600007,18.002648603000026],[94.67491646900004,17.990548967000052],[94.67728538200002,17.98966786500007],[94.687658905,17.993439305000013],[94.69590166100006,17.991790754000036],[94.69950223900008,17.9862643220001],[94.70513354900008,17.98750452200004],[94.709007854,17.98002423200009],[94.71106833400006,17.971348719000012],[94.71535456900006,17.965743644000053],[94.71898138200002,17.954203783000033],[94.71964080100004,17.945631317000043],[94.72537359400009,17.947663603000063],[94.73130430200008,17.947073798000112],[94.72685321300013,17.95078304100006],[94.7505923530001,17.95820152100005],[94.7584726160001,17.956428462000073],[94.76867483000002,17.958893863000046],[94.78125540899994,17.95177217],[94.79561028600006,17.9550676740001],[94.80124783700005,17.957826087000072],[94.80773704900005,17.970075657000017],[94.81990527600016,17.981020217000168],[94.82036682800002,17.98192794200004],[94.81861182300011,17.981866810000046],[94.81939246600005,17.98537969900009],[94.81724570000006,17.990258707000105],[94.81724570000006,17.99435707500001],[94.82271019000011,18.002163493000033],[94.82271019000011,18.004700576000076],[94.82912234100006,18.004586938000088],[94.8328606630001,18.008683916000056],[94.83513440000011,18.008976127000075],[94.83481013499994,18.01367795500023],[94.83676173900002,18.01641020000002],[94.83617625700008,18.02694886100007],[94.83974571900009,18.02950307500002],[94.85280821100007,18.02950307500002],[94.855747271,18.03146244899998],[94.85666809900005,18.044122975000064],[94.85237457000007,18.048806825],[94.8593920150001,18.04910468000005],[94.86407636000008,18.053209272000025],[94.8706837720001,18.053266320000038],[94.87162188000013,18.05417796500012],[94.87810694499994,18.067781242000088],[94.88121273600007,18.08038880300009],[94.8791522020001,18.082724073000044],[94.87798124100003,18.089164368000098],[94.87534657400008,18.09223814200005],[94.87271191000005,18.094287327000046],[94.86861354200005,18.09384821500004],[94.865539765,18.103508657000077],[94.86905265100006,18.109802580000267],[94.86788169000008,18.116974724000045],[94.8564648060001,18.130733530000075],[94.85690391800001,18.134539159],[94.85207369800004,18.142150412000046],[94.85734303000002,18.15020077800009],[94.86149854600004,18.149533692000052],[94.87112522200003,18.154913303000097],[94.8762216960001,18.15434702800005],[94.87933620800005,18.15972664],[94.87731222600002,18.164132765000225],[94.8791522020001,18.168789807000095],[94.88281146100009,18.172741805000058],[94.89319892500006,18.173250945000085],[94.89554567600008,18.185622390000077],[94.89920493200006,18.19030623900002],[94.89876582200006,18.192209052000074],[94.9018395990001,18.193672755000033],[94.9018395990001,18.1964537920001],[94.88969086300006,18.204650528000087],[94.88456790400002,18.214310967000035],[94.88398242200007,18.218702077],[94.87973768399998,18.221922223000153],[94.87329739200008,18.223239554],[94.87080909700008,18.227923403000034],[94.87241917000007,18.23055807100007],[94.876603726,18.23080986900003],[94.87516602400007,18.232602958000065],[94.87513126600003,18.236665825000053],[94.87889293100005,18.23850447800004],[94.87935046400007,18.24031626000002],[94.88123902300002,18.240331611000048],[94.88631596500007,18.253923384000114],[94.88559249500007,18.256172871000075],[94.87695664699999,18.261734942000114],[94.87768849900006,18.265833310000023],[94.87329739200008,18.269638938000043],[94.87388287100003,18.273151824],[94.87759586400003,18.276430242000096],[94.877557761,18.28049644499998],[94.87896127700012,18.28231590500009],[94.87637116800003,18.284861448000033],[94.87890824900008,18.287733060000043],[94.87842367000005,18.289083509000047],[94.88359620699994,18.292291304000056],[94.88427516400004,18.2946682570001],[94.88061590600006,18.298912997000038],[94.88003042400003,18.303743216000044],[94.87388287100003,18.30886617500005],[94.87359013100006,18.312525434000037],[94.8705163550001,18.313989137000085],[94.8564648060001,18.311793582000057],[94.85251281100005,18.313989137000085],[94.84929266199998,18.326723352000055],[94.85090273500006,18.329211646999987],[94.84548703600005,18.33184631100002],[94.84460881499996,18.340482159000103],[94.84153503800009,18.341067641000052],[94.83022985400004,18.35518852900002],[94.82434628700013,18.356813205000066],[94.82337250600003,18.35951275200005],[94.82143940000003,18.364011782000066],[94.81765528000003,18.363980904000087],[94.81479831000007,18.365758998000036],[94.80629514900004,18.364782170000037],[94.79819274800003,18.37103087600005],[94.79004251000008,18.3850464930001],[94.78848122600004,18.392852908000034],[94.777747407,18.414320552],[94.77384419800009,18.425639853000074],[94.76935551000012,18.430909185000054],[94.76534090900005,18.439378735000055],[94.76008783800008,18.44429951300006],[94.76146122500003,18.44882763],[94.757593205,18.45692223400006],[94.74006910000008,18.46397707600007],[94.73388703300009,18.467933600000052],[94.73388703300009,18.472137405000066],[94.73635986000005,18.47733034200003],[94.73388703300009,18.484501541000075],[94.73561801100004,18.490436324000093],[94.74575660200011,18.495134696000036],[94.75020769000007,18.504778722000047],[94.75375552300008,18.50882113900012],[94.75184037900007,18.511060499000042],[94.75132152800003,18.515569745000015],[94.75416421400006,18.52332492500006],[94.74822942800002,18.541129279000014],[94.74921856100012,18.543602106000034],[94.75441149800008,18.542860257000026],[94.76084084800003,18.54434395400004],[94.76207726200002,18.55200971800006],[94.7669977640001,18.55717624800006],[94.76550109900006,18.5644740230001],[94.74986431000008,18.565683418000066],[94.74386080000002,18.56995783500006],[94.73956095200005,18.569308802],[94.73237167199993,18.57410165199997],[94.72847169,18.573613946000055],[94.72749139800008,18.576765009],[94.72067674000004,18.583801334000082],[94.71450197600002,18.596513515000023],[94.70876890700005,18.600973155000066],[94.70721232100004,18.61405381600003],[94.70007499100005,18.617147442000025],[94.69003221600008,18.6260826930001],[94.67255163700014,18.621850479],[94.66158468500011,18.628518134000227],[94.65397781000019,18.631151203000073],[94.6515789890002,18.633836861000017],[94.64447538000015,18.63376776100017],[94.64254973800018,18.636457478000096],[94.63778882699995,18.638669410000116],[94.6316316440001,18.63860835500014],[94.6316081560001,18.64086641900025],[94.62972776900001,18.63949309300013],[94.62545934600007,18.639901560999984],[94.62115644000022,18.64347179000013],[94.61690313200017,18.64252586200018],[94.61253949400009,18.65151331600007],[94.60539014000005,18.655504128000043],[94.59875278100026,18.65588915200005],[94.59826010700017,18.65768992500011],[94.5954222750002,18.65720938800007],[94.59540283700018,18.659016844000025],[94.59014628800021,18.66302655800015],[94.5896425740001,18.665731045000065],[94.58343684100011,18.669732385],[94.58151752400016,18.67196871400018],[94.58146498499997,18.676484796000093],[94.58381015100004,18.678766164000205],[94.58331061300011,18.681020047000057],[94.58235728900007,18.681462325000112],[94.58190350700022,18.67965071900013],[94.57574590200011,18.67958646700017],[94.57000892400004,18.684044926000187],[94.56384873300011,18.683980538000203],[94.55207660100001,18.67753733800001],[94.5482836610001,18.677949369999965],[94.53448217800008,18.68322468700026],[94.53394483200003,18.68863515300006],[94.53109835700015,18.68905800000017],[94.52821853800015,18.69218943100004],[94.52012751500014,18.69526437500008],[94.51823614700017,18.694791858000166],[94.5182207180002,18.696146156999983],[94.51066035800012,18.694261112000106],[94.50212257200013,18.695073564000147],[94.4968512640001,18.699983466000013],[94.4935245720002,18.700852464000107],[94.49300911800016,18.704457974000025],[94.49064446700015,18.703981129000073],[94.4877711920002,18.706659194000054],[94.48532207300013,18.713406891],[94.4805728550001,18.714257988000167],[94.48006594700013,18.716962314000078],[94.47237160500009,18.72636158800009],[94.47186029600017,18.72951648200003],[94.46568844800005,18.730352128000078],[94.4589671060001,18.737504256000083],[94.45139083100021,18.73697011000013],[94.44810636100004,18.73422401500007],[94.44054580600022,18.732335455000136],[94.43814288500003,18.735017507000098],[94.43483847200015,18.73407873200017],[94.43332821700011,18.741285265000226],[94.42813673900015,18.73942305400004],[94.42572241500018,18.74300873400012],[94.42239974000019,18.74342161100003],[94.40928088300012,18.731084769000034],[94.41035211800006,18.7211629490001],[94.4004412420002,18.717893002000178],[94.39808800900005,18.716512079000047],[94.3971729440001,18.71379237999997],[94.40293682900017,18.70753611200012],[94.40354360800019,18.69670630200006],[94.40640403900018,18.695382969000093],[94.4168330620002,18.695047387000066],[94.42402758499993,18.687902590000135],[94.42308981300016,18.68699031100005],[94.4250236700002,18.683850898000138],[94.42459996800011,18.679781251000062],[94.42083143600009,18.677934444000126],[94.41718038100004,18.666605179000076],[94.41431575800011,18.66838170500011],[94.41283945900007,18.67287965100015],[94.40527118700005,18.67189186400022],[94.40107928000003,18.66597529000024],[94.39871053400013,18.66594865700006],[94.3939459500001,18.66815331700012],[94.39058089700012,18.67217826200011],[94.38251231900006,18.673443807000144],[94.37970883400021,18.670251133000107],[94.3740520230001,18.667928523000107],[94.3736129300001,18.665215677000017],[94.36940123000016,18.661103735000168],[94.36806314100022,18.65431436300007],[94.36332833400027,18.65426082],[94.35903697300017,18.656469519000062],[94.35854093200004,18.65827],[94.34946642900019,18.664037177000186],[94.34943914000013,18.666295107000202],[94.34233297600014,18.66621198500004],[94.3357668410002,18.661169262000175],[94.33479494000011,18.662965351000135],[94.32626915800012,18.66286639400005],[94.3215802040001,18.65920033000011],[94.3068630010002,18.661737405000018],[94.30216016400017,18.65897486600011],[94.29985607800013,18.653981441000226],[94.29464558200011,18.65392038699997],[94.29314976400019,18.65977215400017],[94.2860117190001,18.66239679300006],[94.27930964800011,18.6677342070002],[94.27975978300009,18.669545950000106],[94.27596434100013,18.669953587000183],[94.27546799700009,18.671753962],[94.2721457690002,18.672165983000237],[94.27116912100001,18.674409952000016],[94.26593981900011,18.675702838000078],[94.26501650000019,18.673886664000076],[94.267426983,18.670754849],[94.26507691500008,18.669370885000102],[94.26467313100008,18.66394956199997],[94.26280338700009,18.66212199600012],[94.25801973500006,18.6656771290002],[94.2556742440001,18.663842571000085],[94.25092532500017,18.664689192000044],[94.25530786500003,18.65571026200004],[94.25250787400012,18.65251704300006],[94.24636262800021,18.651540475999976],[94.24449299500014,18.649712860000122],[94.24269302500005,18.64246582200022],[94.24038116300011,18.642438862000258]]]]},"id":"Thandwe"},{"type":"Feature","properties":{"shapeName":"Munaung","shapeISO":"","shapeID":"66882298B12562394642113","shapeGroup":"MMR","shapeType":"ADM3"},"geometry":{"type":"MultiPolygon","coordinates":[[[[93.790966577,18.60262018500001],[93.79612965700017,18.60571803400008],[93.7992275060001,18.60984849700017],[93.79974381300009,18.614366191],[93.79742042800014,18.61668957600013],[93.80077642700009,18.632049735000102],[93.7930318090002,18.649733282000174],[93.79574242600002,18.667674979000097],[93.790966577,18.66702959400011],[93.78670703900019,18.661995592000096],[93.78567442200011,18.656961590000165],[93.7892885780002,18.651927588000046],[93.78993396300002,18.645990048000098],[93.78812688500007,18.63837450700014],[93.780898574,18.635276659000173],[93.77663903600018,18.631017121000145],[93.7730248800001,18.62172357800007],[93.77586457200005,18.61397895900014],[93.78360919100004,18.602103878],[93.790966577,18.60262018500001]]],[[[93.81430437200022,18.71428250200007],[93.81776195500022,18.715162453000104],[93.82088278900012,18.718621456000072],[93.81948312500015,18.727159404000197],[93.81444433900016,18.732478122000085],[93.80660622600004,18.71722179300015],[93.81122511300005,18.712882838999974],[93.81430437200022,18.71428250200007]]],[[[93.62552413500005,18.90025156400023],[93.62215511400005,18.91336527700015],[93.61767619200003,18.919586002000145],[93.6141925850002,18.919586002000166],[93.61319727000019,18.91585356600028],[93.59677455600007,18.90191914400018],[93.5801030130001,18.89345895900015],[93.5713939990002,18.890970667000136],[93.56940336900016,18.893458959000167],[93.56368030200014,18.89146832600002],[93.54999470700011,18.881017508000046],[93.54103686300023,18.880519849000034],[93.52660478200005,18.883008141000158],[93.52013522700007,18.882759312000115],[93.5096844090001,18.877782730999957],[93.49774061800015,18.875045612000115],[93.48928043299992,18.879026878000165],[93.48032258900021,18.875543271000154],[93.47833195900017,18.870069034000093],[93.48480151100006,18.866585427000263],[93.49077340700019,18.859120558000157],[93.49102223600012,18.852402176000126],[93.50379333100013,18.828767917000125],[93.5139145020001,18.821049722000026],[93.52334747000005,18.80188578100002],[93.5232101410001,18.795278725000156],[93.52497634400017,18.791643319000254],[93.54001006700014,18.775007424000027],[93.54489287900005,18.766782935000133],[93.55097732300004,18.76265924700017],[93.5565124470001,18.76130884600026],[93.59601363700011,18.730951484999988],[93.62933501700024,18.69913690900002],[93.63434773300021,18.682203145000088],[93.6398219720001,18.677973053000013],[93.64280792000005,18.682949633000018],[93.64877981600017,18.685437923000233],[93.65375639400014,18.6824519750001],[93.66391902900017,18.669866737000078],[93.68212290000014,18.669512868000034],[93.68958777000013,18.66826872300008],[93.69207605900004,18.665282775000048],[93.70327336500014,18.66652692000002],[93.70426868000017,18.670010527000063],[93.71223120900004,18.670259353000063],[93.72641446000019,18.67623124900019],[93.72964923800015,18.69041450300005],[93.73412816000018,18.695639911000082],[93.73586996000006,18.704597755000133],[93.7450766340001,18.718781006000103],[93.74930672600017,18.70932550600004],[93.75254150400015,18.712560284000016],[93.75751808400014,18.725250561000095],[93.75876222900013,18.732715431000084],[93.7542833070001,18.748889315000035],[93.75602511100017,18.754114723000015],[93.76100168900017,18.75212409300014],[93.7614993480002,18.756105356000173],[93.75502979300025,18.7590913040001],[93.7527903330002,18.764565540999943],[93.7542833070001,18.76655617400017],[93.74905789700013,18.787955465000096],[93.75353681900015,18.79044375700011],[93.753039163,18.795420335000145],[93.7505508710002,18.80039691600001],[93.75279033300018,18.80636881200013],[93.75726925500004,18.800645745999983],[93.76000637399994,18.805124668000065],[93.75602511100017,18.817814945000126],[93.74930672600016,18.828763422000204],[93.7605040320001,18.831749370000153],[93.75876222900013,18.83573063300018],[93.75204384500006,18.840707214000027],[93.74524766200005,18.85118162],[93.75229267400017,18.850411543000135],[93.75527862200012,18.854641636000117],[93.74856024100013,18.888233549000116],[93.74084654100018,18.886989404000165],[93.7289027490001,18.879524534000154],[93.72293085300016,18.878280390000224],[93.71944724900003,18.881515167000106],[93.70650814000015,18.874050297000057],[93.69232488800009,18.873801468],[93.68062992600005,18.87703624500007],[93.672169741,18.876787416000152],[93.6699302790002,18.883505797000133],[93.63658719500023,18.889228867000103],[93.62552413500005,18.90025156400023]]]]},"id":"Munaung"},{"type":"Feature","properties":{"shapeName":"Gwa","shapeISO":"","shapeID":"66882298B67553323255828","shapeGroup":"MMR","shapeType":"ADM3"},"geometry":{"type":"Polygon","coordinates":[[[94.73216598000006,17.3623867420001],[94.73648787900007,17.3695402320001],[94.73712768500008,17.375938294000036],[94.73872719900008,17.378017664000044],[94.74576506700002,17.381056743000055],[94.7563342180001,17.379789127000066],[94.75894814600011,17.382565522000014],[94.76224007800008,17.393532964000013],[94.75920099900007,17.405689284000058],[94.76556776000008,17.406842152000056],[94.76351969000008,17.418005551000014],[94.767678431,17.423763810000036],[94.77944804200003,17.430477993000103],[94.77967479800006,17.437359691],[94.79007165000009,17.44583712300003],[94.791031359,17.449675962000043],[94.78979196000004,17.452256658000053],[94.78669538800007,17.453218354000043],[94.78846132400008,17.465879378000103],[94.79933049300003,17.469398046],[94.80096493900008,17.47139570100009],[94.80096493900008,17.474846201000037],[94.80641309400002,17.479204724000063],[94.80387062200008,17.486105721000044],[94.80423383200011,17.48955621800008],[94.80986359100007,17.496275609000044],[94.80405222600008,17.503176606000025],[94.80399495000006,17.51614564500008],[94.79590402100003,17.525560387000038],[94.79401588700003,17.525995332000054],[94.793027888,17.53095783800005],[94.79066261200005,17.532289569000014],[94.78952974500002,17.55260629600006],[94.78386856400003,17.553911086000017],[94.77816972800005,17.558828414000093],[94.77390058500005,17.56656032200008],[94.77916448200001,17.57306200800006],[94.77952645700003,17.578996457000095],[94.78690891700006,17.581037228000106],[94.79016669000005,17.585130377000024],[94.7863061790001,17.59503329900005],[94.7867258200001,17.600454316000057],[94.78456013100006,17.603868728000037],[94.785744525,17.61067899400006],[94.79177673800004,17.614049580000056],[94.78650451800009,17.623937615],[94.78646634100004,17.628003829],[94.792112337,17.62850366500006],[94.79490078300006,17.632592964000015],[94.79202826700006,17.637536733000058],[94.79196354300004,17.644308193000068],[94.78762620100008,17.654660905000096],[94.78903399000004,17.65512277100003],[94.78993415700009,17.65964700100009],[94.79647220000005,17.66602869100009],[94.8020149810001,17.67781650300002],[94.80942814300009,17.67607609000008],[94.82070557400007,17.681256386000065],[94.832760605,17.682851906000096],[94.8377244420001,17.68622022300008],[94.84038364000013,17.69082950000007],[94.83985179800008,17.696857015000077],[94.84180187900004,17.699693493000023],[94.84375195800001,17.709089326000015],[94.85757978600007,17.716357800000026],[94.86244746300004,17.7162685100001],[94.87136266200005,17.720407465000076],[94.86997220000002,17.726047729000104],[94.87056439600009,17.731377501000022],[94.8738214800001,17.74618242400001],[94.87648636600007,17.750327805000076],[94.87204489000001,17.756249772000054],[94.87885515400004,17.768389809000084],[94.87263708600007,17.779049355],[94.87234098800009,17.79118939300004],[94.87352538200012,17.79563086800009],[94.87056439600009,17.812508482000066],[94.87145269200005,17.816357761000056],[94.87619026800007,17.821095337],[94.88359273000007,17.82316802700008],[94.88536931900008,17.830570488999985],[94.88388882700006,17.835011964000035],[94.88717437300004,17.849260168000058],[94.88620944900005,17.851510792000024],[94.88099841100009,17.854177296000028],[94.87256024400003,17.869224527],[94.87496385200004,17.874687265000077],[94.87627490800007,17.884957217],[94.88130062800005,17.891075485000062],[94.88072749200006,17.899966717000048],[94.87693043700004,17.901126928000032],[94.86394278300013,17.9141025530001],[94.85354990900007,17.915985580000026],[94.85158332300006,17.91991875200003],[94.84699462200008,17.92341490500011],[94.85027226700004,17.929314666000028],[94.85016696900003,17.932052393000063],[94.84218741200006,17.935214426000034],[94.83825423800006,17.946139904000024],[94.83432106600006,17.949636057000106],[94.83148044000004,17.958813463000055],[94.832135969,17.96427620200005],[94.82798428700004,17.969301922000035],[94.82606660700009,17.978364847000016],[94.82036682800002,17.98192794200004],[94.81990527600016,17.981020217000168],[94.80773704900005,17.970075657000017],[94.80124783700005,17.957826087000072],[94.79561028600006,17.9550676740001],[94.78125540899994,17.95177217],[94.76867483000002,17.958893863000046],[94.7584726160001,17.956428462000073],[94.7505923530001,17.95820152100005],[94.72685321300013,17.95078304100006],[94.73130430200008,17.947073798000112],[94.72537359400009,17.947663603000063],[94.71964080100004,17.945631317000043],[94.71898138200002,17.954203783000033],[94.71535456900006,17.965743644000053],[94.71106833400006,17.971348719000012],[94.709007854,17.98002423200009],[94.70513354900008,17.98750452200004],[94.69950223900008,17.9862643220001],[94.69590166100006,17.991790754000036],[94.687658905,17.993439305000013],[94.67728538200002,17.98966786500007],[94.67491646900004,17.990548967000052],[94.66488001600007,18.002648603000026],[94.65106106400003,18.00926540000003],[94.64631375800009,18.017824350000055],[94.64066830400007,18.01596566700001],[94.63038833100002,18.005929998000013],[94.61953485800004,18.00582630100005],[94.61475849500007,18.011197912000053],[94.61131012799996,18.024712918000148],[94.5964938450001,18.04172697100006],[94.57979412100009,18.057820380000077],[94.57734516100005,18.065923354000034],[94.57627990900002,18.07720301500011],[94.57104226400008,18.081213154000086],[94.56348628000009,18.08113961500004],[94.55219485900002,18.077412894000066],[94.54696801500009,18.080521604000065],[94.53893092300008,18.08134225700011],[94.53699698600012,18.085386134000036],[94.53636382400005,18.09982903200009],[94.53298368100006,18.106569103],[94.52584175200003,18.11191395100009],[94.51730939000008,18.1145375620001],[94.50874469600011,18.120317727000067],[94.50108540200009,18.129270422000076],[94.4963322410001,18.131929634000098],[94.48687179299992,18.133187523000053],[94.48360249000004,18.12999133700004],[94.4785172510001,18.120454836000043],[94.47335962200003,18.117239277000085],[94.46529115,18.120767472000065],[94.46019234700002,18.125775867000037],[94.45963134000004,18.127879591000106],[94.46236596500009,18.134260947],[94.45970135400006,18.134401154000045],[94.45535390400006,18.130474126000017],[94.45205821100005,18.130193579000075],[94.45135697600003,18.131525933],[94.45233864400008,18.133419305000075],[94.45374104300002,18.134821812000034],[94.45829890000002,18.136294492000026],[94.45787814100002,18.138257967000037],[94.449204341,18.139601208000066],[94.44788742700011,18.133303093000052],[94.44470123300009,18.134278189000085],[94.44708160500005,18.127503287000057],[94.4692984010001,18.09253014200005],[94.47466949700006,18.08087242900005],[94.479308169,18.06512535800009],[94.48132232900011,18.05090416500008],[94.480101625,18.03088463500002],[94.48168853800004,18.025879752999984],[94.47790435800002,18.022522820000052],[94.47349402100005,18.012570726000042],[94.47423051600006,18.010066641000066],[94.48115357200001,18.00770985700011],[94.48851852300001,17.997988119000063],[94.4898442160001,17.99297995200002],[94.4879293270001,17.987235287000058],[94.48616173900005,17.989592074000015],[94.4871928330001,17.99253805400005],[94.48527794600002,17.998135417000082],[94.48071167400003,18.003732783000025],[94.46922234800012,18.008593652000048],[94.46171009600009,18.004174678],[94.4589031720001,17.999720559000053],[94.44971836000008,17.995545644000032],[94.44971836000008,17.994014843000027],[94.4537559490001,17.99342184900008],[94.45672516100011,17.991272818],[94.45550445800009,17.988282096000074],[94.45428375400007,17.990906608000067],[94.4490423780001,17.99150696],[94.44683289300008,17.994158344],[94.44742215800007,17.998398503],[94.44329742500011,18.00372399],[94.43808743800007,18.00225088499998],[94.43249420300002,18.00372399],[94.42932037400006,18.000916374000052],[94.43890289500004,17.98089684300008],[94.43926910500005,17.97509850200003],[94.4562979140001,17.94830407000003],[94.4805287830001,17.901673209000023],[94.48132224000001,17.89587486900006],[94.47668356800008,17.889283072000083],[94.47930808000008,17.882874382000068],[94.47827048100002,17.88171471300004],[94.48370261200006,17.873291861000084],[94.48626819100006,17.859257885000023],[94.48483604900005,17.855549940000092],[94.47827048100002,17.848694694000077],[94.47967429200008,17.845093618000107],[94.48510642000004,17.839295280000055],[94.49013881300004,17.823586048000028],[94.48837122500008,17.817694085000046],[94.48589987700005,17.817505729000093],[94.48277386100004,17.81460080400008],[94.47968058000008,17.80090199300004],[94.47526160900011,17.798103311000023],[94.48233196400007,17.798103311000023],[94.48305195900005,17.79654139600011],[94.48033053300011,17.79567548700005],[94.48033053300011,17.793448866000027],[94.48292825700011,17.79184075000002],[94.48365765400007,17.78705588300007],[94.48100627300008,17.790738360000024],[94.4779129930001,17.790885658000043],[94.4779129930001,17.78528829500001],[94.48012247800004,17.780722023000028],[94.48586714000001,17.779838230000088],[94.4871928330001,17.776008455000024],[94.49146450600004,17.775566557000055],[94.49468893900011,17.77752770000005],[94.49740129600009,17.768584932000064],[94.50469966300008,17.766110907],[94.51125582600005,17.761905067000082],[94.515074681,17.763916862],[94.51751608900013,17.762085806000115],[94.53131003400004,17.750122916000088],[94.537108372,17.738282095000034],[94.54247946800005,17.734681022000064],[94.54052634300011,17.73248375500007],[94.5396718490001,17.72509850100008],[94.53790183100003,17.723328484],[94.53588767100008,17.723694693000013],[94.53332419400007,17.71972740800003],[94.53552145900007,17.713318718000014],[94.53332419400007,17.711731803000074],[94.53088278700004,17.712098015],[94.52752585400002,17.706726921000037],[94.537108372,17.699280630000057],[94.537108372,17.69427574900002],[94.53387351100005,17.689270864999983],[94.537108372,17.682495963000044],[94.53588767100008,17.679688347],[94.54168600900005,17.678711783000022],[94.54467673300005,17.67511071000005],[94.54748435,17.675476919000065],[94.550475071,17.67248619800006],[94.55568689000003,17.646532590000085],[94.55436119900013,17.64181902300008],[94.55468649800012,17.632508258000023],[94.55969138200007,17.638306598000074],[94.56426901900002,17.650513628000052],[94.56989017700006,17.645749673000054],[94.56927390100006,17.642090779000096],[94.57050868500008,17.639688317],[94.57409601600007,17.642286040000087],[94.57629294200004,17.655884722000014],[94.57940203600006,17.65095156200005],[94.57672018900004,17.647522907000045],[94.57629294200004,17.643311482000023],[94.57330222100003,17.637879351000073],[94.57751364500005,17.63391206600009],[94.58172507300007,17.62512300400003],[94.58428855000008,17.62292573900004],[94.57891745400012,17.604310017000046],[94.57391257200008,17.59747407800003],[94.56750388000006,17.59253023100007],[94.57391257200008,17.589295368000023],[94.58251852900008,17.57830903900006],[94.58788962300005,17.580079059000052],[94.59252829500008,17.577515582000046],[94.592894507,17.573304157000024],[94.58831687000006,17.564270953000104],[94.588927222,17.562500933000024],[94.59747214400004,17.555481891000046],[94.60089011200004,17.554322223000018],[94.60009665300002,17.551697711000024],[94.60327048200008,17.545105914000047],[94.60467429000006,17.545105914000047],[94.60589499300008,17.548279743000016],[94.60668845,17.544312457000032],[94.60632224100009,17.518311482000048],[94.6101064210001,17.512085894000084],[94.60467429000006,17.50250337600001],[94.60748190900001,17.51129243800007],[94.60290427200007,17.519288043000113],[94.60223338900008,17.54253946500006],[94.59387106800007,17.555909136000047],[94.58929343100003,17.557496051000076],[94.5867299540001,17.55627534800006],[94.58251852900008,17.558289508],[94.58007712200006,17.565918904000032],[94.56829733700008,17.577088335000045],[94.56927390100006,17.582093219000082],[94.5646962640001,17.591675740000067],[94.55670065800007,17.59747407800003],[94.54327292500007,17.577088335000045],[94.54431052100004,17.57629487800003],[94.54052634300011,17.561707476],[94.5366811280001,17.55468843500003],[94.55291647800004,17.52929780800001],[94.55712790300007,17.519288043000113],[94.55670065800007,17.51330659800001],[94.55969138200007,17.508301716000062],[94.56216804800009,17.496729460000026],[94.5582875710001,17.490479450000084],[94.55712790300007,17.485108357000033],[94.56091231100002,17.477112977],[94.55932213700008,17.475523203],[94.56485985800006,17.471909228000037],[94.56565961400005,17.45943300500008],[94.57061811400008,17.449516009000043],[94.57253753200008,17.45175533200005],[94.57541666100009,17.45143542900005],[94.57660664300006,17.4495553510001],[94.58149482000003,17.447436638000035],[94.58165477000003,17.444397559000024],[94.59173171900007,17.44087862400001],[94.59541060400008,17.43624003],[94.60420793900002,17.435920127],[94.61048681700005,17.42859010600004],[94.61812372400007,17.41192739200008],[94.62036304800009,17.409848022000073],[94.62292227100009,17.394012819000103],[94.62495942200007,17.39350072400001],[94.62612130300002,17.39817156000003],[94.63383440200005,17.400834720000024],[94.63715796200006,17.41128758700008],[94.64737259100012,17.40996844900009],[94.65267632800001,17.40052373200005],[94.66347900700006,17.398826806000066],[94.66360523300003,17.386182443000052],[94.67221487400006,17.371809349000088],[94.67880365700006,17.37141789100003],[94.68541467800011,17.368768257000088],[94.6966931520001,17.36977362700005],[94.69811732900007,17.36843157400003],[94.69955472500007,17.36573472300009],[94.69681989200011,17.362022509000074],[94.6969798420001,17.35850357400006],[94.70545322900007,17.343267864000044],[94.70354151500007,17.3427371820001],[94.7035547030001,17.34138239],[94.70591028600005,17.340951888000088],[94.7073429310001,17.338706543000026],[94.71064769500006,17.337381206000057],[94.71281504700008,17.339149436000078],[94.7185733030001,17.337869820999984],[94.72031029400002,17.33613283300006],[94.72897015500004,17.33978924200008],[94.72929005800005,17.354664736000046],[94.73216598000006,17.3623867420001]]]},"id":"Gwa"},{"type":"Feature","properties":{"shapeName":"Buthidaung","shapeISO":"","shapeID":"66882298B96066491873241","shapeGroup":"MMR","shapeType":"ADM3"},"geometry":{"type":"Polygon","coordinates":[[[92.67918120500008,21.286158355000072],[92.65549219900008,21.276476180000014],[92.636396802,21.272238125000097],[92.63028232800009,21.26869005000007],[92.62772170600005,21.259918711000058],[92.62186106000009,21.255895175000038],[92.61777688100003,21.24902246500009],[92.61344566900003,21.24641911099998],[92.60708146800006,21.245715719000046],[92.59842915500003,21.24691240600003],[92.59258863300005,21.255696066000084],[92.5918388730001,21.264473346000056],[92.584727141,21.276104677],[92.58576035800004,21.286302840000037],[92.58285238400005,21.299907326],[92.57651495400006,21.31818428900003],[92.57193774500006,21.322222261],[92.57271035400004,21.328151976000086],[92.57094097600002,21.337167649000065],[92.56688030200011,21.346896724],[92.56638466700005,21.356858576000025],[92.5630833060001,21.363977249000076],[92.56461926700008,21.36990466800006],[92.56233697300007,21.37773371],[92.55801250500012,21.382482],[92.552153375,21.382488527000042],[92.54883548900003,21.377274212],[92.538589137,21.375150170000023],[92.53400759700008,21.379186660000048],[92.50853021000007,21.37612509000004],[92.51030105600005,21.363079615000057],[92.50673025100009,21.357153397000083],[92.50214501400005,21.355734105000067],[92.49858329200005,21.360005830000016],[92.49170768200004,21.360248068000075],[92.4766788850001,21.353854788],[92.47260486700007,21.354094402000023],[92.46955329700009,21.360262269],[92.4603904290001,21.367618983000035],[92.43946647500009,21.364574546000025],[92.4377202040001,21.358734525000077],[92.44115457400005,21.34156267700009],[92.44126905200001,21.33560976800004],[92.4396663460001,21.331488524000108],[92.4416124900001,21.326222489000045],[92.4416124900001,21.318781352000048],[92.43690670700003,21.309284872000077],[92.41978118700005,21.308277486000037],[92.41604969500004,21.313982052000057],[92.41481878900007,21.311827966000084],[92.41687011800006,21.30889892500003],[92.41558810400004,21.303519344000076],[92.41204924800007,21.299057308000013],[92.41204924800007,21.294595272000038],[92.40912584400003,21.293979818],[92.40820266400003,21.290133235000063],[92.40112495100009,21.283517111000027],[92.39743223000008,21.283055519000115],[92.39512428000008,21.27782416800008],[92.38912361100007,21.27505462699999],[92.39068603500003,21.268676759000037],[92.38857676000003,21.267113334000086],[92.38922388500002,21.26596737900004],[92.38502645500009,21.26277733200006],[92.38166851,21.26445630500001],[92.37881425600008,21.263448922000027],[92.37480226300003,21.264860052000078],[92.36867150099994,21.270990814000243],[92.364816658,21.268950016000087],[92.36322937000004,21.25783899800011],[92.36465857100008,21.25225212400006],[92.34849026600008,21.240832340000026],[92.35007755400005,21.230628347000046],[92.34826351000005,21.230174835000092],[92.34508893300003,21.209766846000043],[92.3534788840001,21.205458491000083],[92.35551968500003,21.201603649000077],[92.355973195,21.196615031000135],[92.353252131,21.195027742],[92.35908316100009,21.192963662000096],[92.36516028599993,21.18184380600013],[92.36935176700008,21.17280570700004],[92.36867150100002,21.166456556000067],[92.37496353900006,21.15330618600011],[92.38497327100005,21.138135184000117],[92.38929276500004,21.12289554100004],[92.389196127,21.118063590000133],[92.38669369300001,21.112120311000048],[92.3893525270001,21.09663650600002],[92.39341898000002,21.08678317700001],[92.39248056899993,21.083655135000242],[92.381532426,21.08256032100011],[92.38387845700005,21.064730488000038],[92.3893525270001,21.060038426000038],[92.39451379700002,21.059412818000055],[92.39529580600006,21.05597197300002],[92.39341898000002,21.05143631400008],[92.39639062000005,21.04815186900002],[92.39107295200007,21.04004503],[92.39107295200007,21.03608284400009],[92.39430480200005,21.030193817000086],[92.39602055400007,21.02121896200002],[92.39469752700003,21.017690450000014],[92.38627662100006,21.01147558700005],[92.38377418700013,21.006053651000055],[92.38481686800007,20.99333294900003],[92.38990984200002,20.9814044890001],[92.39314756100003,20.968408478000033],[92.39764889500007,20.96175556000006],[92.400784635,20.952364100000075],[92.4031807920001,20.934842586000023],[92.40420248599999,20.932611727000094],[92.40764388200007,20.929540250000066],[92.41107177700002,20.928283693000083],[92.41607666100005,20.92028808500006],[92.41931152200002,20.907287598000067],[92.42291259799998,20.902526856000122],[92.42309570300003,20.895690917000053],[92.44026687000004,20.873852616000054],[92.4465342330001,20.85647492800009],[92.44254591200006,20.854480767000027],[92.4436854310001,20.845364602000082],[92.4550413970001,20.844117650000026],[92.45593527800007,20.834824035000054],[92.46307373200007,20.812316893000048],[92.46793546500008,20.810159672000083],[92.47236806100001,20.805756961000043],[92.46903976500006,20.795795453000053],[92.46932464500009,20.79038273200011],[92.47285981800012,20.787285854000025],[92.47847555500007,20.7743430830001],[92.489318847,20.764282227000063],[92.49496386000007,20.751069271000077],[92.49924174300008,20.750062710000105],[92.50372314500007,20.743286132000026],[92.50906854299996,20.74124637099999],[92.51490546999999,20.72115685400011],[92.52376556300007,20.710681764000082],[92.52384498800006,20.707642132000025],[92.51917867200007,20.705488446000118],[92.52128714000008,20.695543235],[92.52667236400006,20.689270021000027],[92.53157614300008,20.68676512100007],[92.538164053,20.672940698000104],[92.54459915800007,20.66497233100002],[92.54765852300007,20.657830481000094],[92.557046202,20.64677254200007],[92.55990381399994,20.628804804000083],[92.56638125900012,20.619034847],[92.56666858900002,20.607867320000196],[92.56437083000004,20.604108877000037],[92.56645792600007,20.597394540000046],[92.5763189420001,20.594615480000055],[92.57715277800008,20.598507218000094],[92.57923752200008,20.599619174000082],[92.58382401900006,20.598646313000057],[92.58924449000001,20.593503758000086],[92.59013915800006,20.588914731000084],[92.59408502900004,20.58669439500005],[92.59500638500008,20.585870223000068],[92.59645238300008,20.585450907000013],[92.59786159300006,20.587110355000092],[92.60036332300011,20.586693419000056],[92.60508885300004,20.582940759000067],[92.60731259500008,20.583218772000066],[92.60953631399997,20.584886692],[92.61078711400006,20.588083486000052],[92.61050908900006,20.591280258000054],[92.6088412300001,20.594060036000016],[92.60175292300006,20.600453477000013],[92.6068952250001,20.606847107000114],[92.60425446400009,20.61032182400002],[92.60328147800006,20.615742426000082],[92.60550521100002,20.616576401000074],[92.61162056900011,20.613657704000076],[92.61717979600009,20.621580234000113],[92.61948529199998,20.622624903000087],[92.62885434700006,20.618127391000062],[92.63297783000009,20.618127391000062],[92.63447394800006,20.615503079000085],[92.63822340100006,20.617376279000155],[92.63822340100006,20.621873791000098],[92.64272091200004,20.624498103000043],[92.64346897200002,20.627870476000098],[92.63709825999996,20.634992300000135],[92.6385974300001,20.63836467100002],[92.64084771200004,20.635366329000092],[92.64384605300005,20.634241188],[92.6535891360001,20.634241188],[92.65762409800007,20.627696437000086],[92.66248849200012,20.63061530700001],[92.66520847400002,20.62974367700001],[92.66943786300003,20.621998018000042],[92.67207858500002,20.620747149000106],[92.67499721800002,20.622693057000085],[92.67979721400006,20.622146604],[92.6703812900001,20.640336055000063],[92.65472575900007,20.66029746400002],[92.64331923000007,20.67887724400006],[92.63703052800012,20.69883356000004],[92.62927396300006,20.697282053],[92.61642033600005,20.68863841600008],[92.61088001000012,20.683097667000027],[92.60578281900008,20.68331921100006],[92.597582914,20.687751614999982],[92.59115590200007,20.694621935],[92.57852328700005,20.72010878900008],[92.57868254200008,20.72384872300008],[92.58317021300005,20.727838070000114],[92.59364157500004,20.729832873000053],[92.59513742100008,20.73369750899998],[92.58242217300007,20.732450660000023],[92.57868233400006,20.73556722600005],[92.57943019800004,20.740678498],[92.58840549500006,20.75127515700006],[92.58379302700007,20.755015033000056],[92.57593946900005,20.755513570000094],[92.57307227100006,20.757134166000068],[92.57020497900004,20.764115357000023],[92.56683881600006,20.785308329],[92.5614783560001,20.791042832000105],[92.56484398600011,20.801016077],[92.56023146800004,20.807498489000075],[92.5495106590001,20.813482230000012],[92.54776537000004,20.816598827000043],[92.54813920500006,20.824577386],[92.55511965400004,20.851255786],[92.55661555500008,20.852003798000073],[92.5556184580001,20.842030593000093],[92.5495072790001,20.81481662500002],[92.55723955400002,20.811986379000057],[92.56297397100012,20.807373959000074],[92.56658927200002,20.797525489000023],[92.5634729060001,20.790668871999983],[92.56796070500008,20.787552320000046],[92.572947013,20.79166633900009],[92.57519080400002,20.79615431000008],[92.57830726400003,20.79765033900005],[92.59189517900005,20.79590524400008],[92.5973801580001,20.798149299000034],[92.60361297900005,20.806377284000032],[92.60224158300008,20.814355818],[92.60735247400001,20.82258378100008],[92.60361285400003,20.81348318400009],[92.60523356000002,20.806003316000087],[92.60037196600011,20.79889734100002],[92.59251849400002,20.794533945000037],[92.57973967000007,20.79542387300004],[92.57643742500004,20.79428435900008],[92.56958132300005,20.78468505300004],[92.57319657100004,20.777703878000086],[92.57880657200005,20.758879569000065],[92.58690948200008,20.756511065000026],[92.5908986520001,20.752771178000028],[92.59027543100005,20.748532562000065],[92.58429185400004,20.743670540000036],[92.58042753100005,20.73668924200007],[92.5819234830001,20.734569962000048],[92.59049028100007,20.738725598000073],[92.59337130000006,20.738725642000077],[92.59580911000006,20.737395924000012],[92.59713886800003,20.73429317200006],[92.59713893400004,20.730525521000075],[92.59536603900008,20.728309227000107],[92.59115535700003,20.726092897000047],[92.58162585600007,20.724541360000014],[92.580739414,20.723211588000034],[92.59359360900007,20.699497755000017],[92.604896313,20.685757088000067],[92.60866380500006,20.68553551900003],[92.61065833300007,20.686865310000012],[92.6221822030001,20.69883332600002],[92.63570075600006,20.703266067000058],[92.63984404100003,20.729158767000055],[92.64178802500004,20.728561284],[92.64235713299996,20.73240217400013],[92.65596931700003,20.731973217000075],[92.65887642900005,20.73068419800006],[92.66271251199993,20.733421753000073],[92.66917539000006,20.727167295000037],[92.66813306200007,20.72424848400003],[92.6645889650001,20.724144187000014],[92.66365085100001,20.722476287000035],[92.66521446500008,20.72018297300009],[92.6644849040001,20.714241132000065],[92.66594429000007,20.71132236000006],[92.66750789800003,20.709341774000055],[92.67045021100003,20.708848835000037],[92.67240707300003,20.71038427600007],[92.67720203900011,20.709654654000097],[92.67167769000007,20.694435136],[92.68168453300008,20.69537347700001],[92.68575003300002,20.68348987500006],[92.68981754000004,20.681775530000056],[92.69794605400007,20.674629443000047],[92.70007858400002,20.673883527000058],[92.703157951,20.675254981000023],[92.70565963999996,20.676922904000037],[92.70701467600007,20.680154445000042],[92.70446202100007,20.69021399700006],[92.69775908300005,20.690065376],[92.69075324900001,20.695582105000028],[92.69044038800006,20.703817271000013],[92.69419289900013,20.707361582],[92.69096111000006,20.71038472100002],[92.68429022500003,20.710175979000066],[92.68397745200008,20.7134074960001],[92.68877236000007,20.716117882],[92.68449856600003,20.717681454000058],[92.68460275800004,20.720287523000035],[92.67866120000004,20.719453487000038],[92.68168404100004,20.72299778700002],[92.67636788900009,20.72341467300005],[92.67522123900008,20.725082537000027],[92.67709737200006,20.73373470800004],[92.67918213000007,20.73404747000007],[92.681266969,20.72977355300003],[92.6874169960001,20.731128803000075],[92.68793816600005,20.732275484000095],[92.68376856000003,20.736757853000064],[92.68522787400008,20.737800300000075],[92.689397415,20.737070670000012],[92.69127366500008,20.739051308000022],[92.69414672900004,20.738683612000063],[92.69523475100009,20.73707076100002],[92.69524506500005,20.741610348],[92.70013727800008,20.743278307],[92.70358399200008,20.74961630600003],[92.703250417,20.751617753000072],[92.71125579100007,20.758178217000033],[92.71025489900003,20.769630997000043],[92.71359044600005,20.77374516100001],[92.7171484120001,20.775413099000083],[92.71648124300006,20.777859316000068],[92.71014348200005,20.782418096000054],[92.70636300800007,20.788311221000043],[92.7070300460001,20.79298130100009],[92.70469500800007,20.79876325900003],[92.70869753500004,20.81088327],[92.70546479200009,20.822801761000086],[92.70195972400006,20.828588097000033],[92.70457644100013,20.83901737800009],[92.7102535120001,20.846020026000044],[92.70836327300002,20.84902218400002],[92.71058685600005,20.85813997500001],[92.71458958100004,20.859251961],[92.726486268,20.87915554900006],[92.72081570500005,20.879600227],[92.72081562200003,20.88427029600004],[92.71570094700006,20.887494788000026],[92.71180945600004,20.883825385],[92.70758425600003,20.888273004000023],[92.70039561800006,20.890775844000075],[92.69910943700005,20.90382540000004],[92.70235215400002,20.908406812000035],[92.70266160400006,20.93411428100007],[92.69819797000012,20.939877919],[92.69972206600002,20.945790651000017],[92.69085025500004,20.951636035000053],[92.69012236400003,20.955476766000046],[92.69134336800008,20.964071253000082],[92.69503544700002,20.970014729000063],[92.69485241200007,20.977227658000096],[92.69713741100013,20.98178652200009],[92.69574555700007,21.004377861000044],[92.70502407600013,21.005173163000034],[92.71483279500009,21.008619468000077],[92.71714559900005,21.007032238000022],[92.71953366900001,21.007535880000038],[92.72156693600003,21.003072551000045],[92.72649721600003,21.004377861000044],[92.72808781800009,21.00835436700008],[92.73257216400005,21.00467063400002],[92.73471533000009,21.00835436700008],[92.73471533000009,21.01577718100007],[92.75065050900007,21.011381187000055],[92.75029143300011,21.02580416600006],[92.74558445100004,21.029032208000075],[92.7477052550001,21.038045624000045],[92.73736633500006,21.060314066000018],[92.73813828000007,21.069723201000045],[92.73259452600003,21.076750299000068],[92.73073882300005,21.08496841200005],[92.73285962700002,21.090270423000067],[92.73073882300005,21.09451203000001],[92.73206432700003,21.102465046000084],[92.73073882300005,21.11333416700003],[92.72570191400003,21.128179796000012],[92.72225560900007,21.14488112700006],[92.72543681300003,21.147532132000023],[92.72729168400012,21.154950784000025],[92.71562809400008,21.16953547300009],[92.71748379700006,21.17245157600005],[92.71562809400008,21.183055597000088],[92.7201348020001,21.183055597000088],[92.72305090800006,21.184646202000067],[92.72305090800006,21.188357608000018],[92.72596701400003,21.191538815000065],[92.72278580800007,21.208505246000108],[92.73285962700002,21.21142135200007],[92.72690384700009,21.228643419000036],[92.7206650040001,21.23103878899999],[92.71880930100012,21.2374012],[92.714037492,21.242968311],[92.71086184500007,21.25308393300005],[92.70926568300007,21.25489783300003],[92.70369857200005,21.25569313600002],[92.70027732100004,21.25419795200003],[92.69468515600009,21.256488435],[92.68620193900001,21.277431376],[92.68637952500006,21.28222617000006],[92.68123010900005,21.283975666000043],[92.67918120500008,21.286158355000072]]]},"id":"Buthidaung"},{"type":"Feature","properties":{"shapeName":"Myebon","shapeISO":"","shapeID":"66882298B80264177521474","shapeGroup":"MMR","shapeType":"ADM3"},"geometry":{"type":"MultiPolygon","coordinates":[[[[93.69189121100021,19.654212828000105],[93.69598324000012,19.657786627000135],[93.69459757400026,19.660683929000022],[93.68815780700004,19.66005871000006],[93.69075550000014,19.65362962600011],[93.69189121100021,19.654212828000105]]],[[[93.54245621100007,19.65184816300008],[93.53707640000016,19.656227080000118],[93.53444905200021,19.656352191000053],[93.53494950000005,19.653599730000153],[93.53864824500012,19.649751807000037],[93.54541551600022,19.64708533400014],[93.54245621100007,19.65184816300008]]],[[[93.57661175300008,19.648094807000053],[93.5888727150001,19.661857114],[93.58724626200008,19.662232450000182],[93.58774670900017,19.667111812000083],[93.58411846500019,19.67023960900021],[93.57561085800013,19.668488042000096],[93.5652824610001,19.664529945000087],[93.56197366300024,19.661857114],[93.56059743200012,19.657603311],[93.56309967100016,19.651597940999984],[93.56973060000013,19.64684369100008],[93.57661175300008,19.648094807000053]]],[[[93.50375139500017,19.71791663400014],[93.48173785600018,19.73676784700003],[93.4604297400002,19.746346724000222],[93.4592568160001,19.74497831300021],[93.48818893800015,19.71995593900005],[93.494640017,19.71663265500008],[93.49991817500012,19.716241681000046],[93.50375139500017,19.71791663400014]]],[[[93.80436779300004,19.712987491000092],[93.80199576900026,19.71904950099998],[93.79382546800026,19.723266447],[93.79277110300013,19.731437014000075],[93.78934480900013,19.735390466000187],[93.7830194580002,19.73618106700013],[93.78302187400023,19.740338413000014],[93.78591850899994,19.739607487000132],[93.78589877400002,19.744091206999986],[93.78120803000023,19.745216954],[93.78091080600015,19.747777990000163],[93.77682994400017,19.749532540000047],[93.7765797270002,19.752034365000014],[93.7726395250001,19.751659029],[93.77194981200017,19.753576328000136],[93.76594732000018,19.757037859000103],[93.75796412400007,19.75415026700007],[93.73157334000018,19.75071396499999],[93.72442583500003,19.74823982900005],[93.71233005999994,19.738068382000062],[93.71178025100022,19.728034386000118],[93.71617871400008,19.71593860899998],[93.70855921500016,19.701925004000053],[93.70811132400014,19.69655029900019],[93.71124656900008,19.68893612900015],[93.72737068900018,19.672812010000147],[93.73364117900013,19.672065524000026],[93.74842162400012,19.678933203000067],[93.74976530100021,19.672812010000154],[93.7627541760001,19.67669374300021],[93.77783321200025,19.689831915000116],[93.80157150200007,19.705508143000127],[93.80436779300004,19.712987491000092]]],[[[93.44533812100019,19.74630762900008],[93.44330505400006,19.748809865],[93.44049003700013,19.74771513700002],[93.43876974799998,19.741615934000095],[93.43298332300022,19.739270084000164],[93.42985552800015,19.741459542],[93.42766606900011,19.746933187000135],[93.42485105199997,19.746776798000106],[93.42328715200006,19.744274559000118],[93.42563300000018,19.742241492000176],[93.42610216899999,19.739426475000084],[93.4140601520001,19.744430951000094],[93.40874289799996,19.742085103000168],[93.41030679600004,19.734891170000097],[93.41546766300013,19.72410027200002],[93.43220137500019,19.711119915000094],[93.43532917000005,19.710494354000122],[93.43845696700015,19.713622151],[93.440646426,19.712214643000102],[93.43986447600015,19.709556015000043],[93.44127198400007,19.70814850600017],[93.44236671500016,19.71111991500011],[93.44518173200008,19.711276304000155],[93.44596367900004,19.707522948000097],[93.44877869900013,19.705177101000057],[93.4503425960001,19.698608728000064],[93.45691096900009,19.69422981100009],[93.45487790199996,19.689694505],[93.45612901900023,19.687505048999984],[93.46050793600008,19.69250952200008],[93.46526218600013,19.688255719000118],[93.46601285800007,19.691383516000023],[93.47627203100014,19.691008180000047],[93.48127650700009,19.687254824],[93.48515497400014,19.68200012700014],[93.48928366600015,19.679748113000183],[93.49416303000011,19.679998335000125],[93.49816660800026,19.675994757000144],[93.50204507800015,19.674493412000196],[93.50129473100014,19.6810056230001],[93.50279574700018,19.695136872000035],[93.49896776500016,19.707166816000104],[93.49416303000012,19.71327809300015],[93.47777337300016,19.71878301600008],[93.46551241100013,19.732295097000126],[93.45913170499995,19.73554800600023],[93.45712991600016,19.734547111000115],[93.45096815400012,19.736298677999986],[93.44533812100019,19.74630762900008]]],[[[93.57831181200015,19.727605988000196],[93.58351673900013,19.738991764000048],[93.58790839400012,19.74435934400009],[93.58611920000011,19.75346796400005],[93.58221550700011,19.75802227100003],[93.5784744670002,19.76924539200004],[93.55472699200006,19.75346796400006],[93.54691087800013,19.750639105000023],[93.53943752600014,19.738829109000015],[93.54073875500006,19.733136221999978],[93.53341932900021,19.723051678000104],[93.52642521100023,19.71947329200012],[93.53097952100012,19.712153866000108],[93.53179279000017,19.70825017099998],[93.52203355600021,19.716708176],[93.51146105200014,19.7186600230001],[93.50999716500024,19.716382868999965],[93.5142261680001,19.7092260960002],[93.51211166600012,19.702557284000143],[93.51715393900015,19.688894354000134],[93.51812986000016,19.68206289100005],[93.52154559400014,19.678159195000013],[93.5303289060002,19.675719387000086],[93.53244340800018,19.678647158000135],[93.53732302500003,19.679135120000186],[93.54122671700009,19.682388198000016],[93.54724491400005,19.684177392000098],[93.55196187700017,19.680273697000143],[93.55277514600004,19.683364123000054],[93.5467569520002,19.688569047000094],[93.54220264200012,19.697515012000167],[93.54773287400008,19.701581362000173],[93.55114860700017,19.706786287000025],[93.56351030500021,19.713943061000055],[93.57017911600015,19.70727424900003],[93.57619731000018,19.713455098000114],[93.57831181200015,19.727605988000196]]],[[[93.70868757900016,19.752638292000167],[93.70557200000019,19.763084645000156],[93.69879103500018,19.773897536000174],[93.69420930000008,19.7903917790001],[93.6890777590001,19.793690626999982],[93.68302987200019,19.792224472000104],[93.6830298720002,19.780495232000035],[93.67954775300012,19.777379655000086],[93.67808159700013,19.766566762000085],[93.6724002470001,19.764367532],[93.67056755500016,19.759602528000094],[93.66781851599995,19.757953104000013],[93.66873486200012,19.751905214000054],[93.66488620500007,19.74274174800004],[93.66140408800021,19.739259631000134],[93.65059119700021,19.739076359000045],[93.63341149000007,19.735646974000108],[93.63208099300005,19.72148250400013],[93.63867868900007,19.713601921000087],[93.66561928300018,19.717267310000242],[93.67478274900003,19.7132353840001],[93.68193025400018,19.70718749400004],[93.69310968500014,19.70480499200012],[93.69842449500004,19.709936536000153],[93.70172334499996,19.716534232000175],[93.70502219400016,19.751905214000065],[93.70703815500009,19.751538676999974],[93.70740469500022,19.744207903000245],[93.70868757900016,19.752638292000167]]],[[[93.57538404100013,19.778679319000144],[93.57587200300014,19.788113247000044],[93.57896242900006,19.79657125200003],[93.56448623000017,19.80437864000011],[93.55895599500013,19.805191910000097],[93.5561908790001,19.800149637000228],[93.55228718400014,19.799336368000027],[93.54919676100019,19.79217959700005],[93.54203998700008,19.786486707000066],[93.54025079600008,19.778841974000027],[93.54610633500012,19.77152254800012],[93.5508233,19.761275352000172],[93.55537761000005,19.760787389],[93.56204642100022,19.770871931000052],[93.56969115400005,19.775914203000124],[93.57278158000015,19.774938279000022],[93.57538404100013,19.778679319000144]]],[[[93.4032646390001,19.79590430200006],[93.40509188000006,19.79829611700019],[93.40333711900007,19.80708136700004],[93.39996874000019,19.80641379500003],[93.39923631900008,19.795793675000112],[93.40208208200005,19.793752812999973],[93.4032646390001,19.79590430200006]]],[[[93.74861738900007,19.824525695000112],[93.74999190699992,19.827687089000186],[93.74847993800017,19.830985939000072],[93.74119498100004,19.83524695100007],[93.73336021500018,19.83703382700007],[93.73184824300012,19.83483459400016],[93.73652161200016,19.83057358200001],[93.73679651500011,19.82699983100016],[93.73418492700017,19.820951941],[93.73067990100009,19.818065450000127],[93.7222495120002,19.82026468000006],[93.72481528200025,19.815133140000164],[93.72316585800019,19.81091794500001],[93.70007392100007,19.807802366000093],[93.69805795700012,19.80432024900017],[93.69952411300007,19.78745946800002],[93.71521655100014,19.779716336999982],[93.72552545000022,19.788375815000222],[93.72786213400008,19.788513266000162],[93.73473473600012,19.78356499400018],[93.7377586780002,19.788925624000175],[93.74504363499996,19.791537211000175],[93.74559344400006,19.79689784100016],[93.74270695100007,19.803770440000097],[93.74545599300018,19.808993615000134],[93.74614325300018,19.815453860000073],[93.74023281500018,19.816003669],[93.7383084870001,19.81985232600005],[93.74009536300021,19.823151174000156],[93.74600580100021,19.82246391300004],[93.74861738900007,19.824525695000112]]],[[[93.56432357499995,19.83853596400013],[93.56237172800019,19.83739738700018],[93.56025722700014,19.82763815000012],[93.5449677580001,19.81934280200014],[93.5430159120001,19.814300530000185],[93.54561837500023,19.801450869000103],[93.54757022200018,19.80047494500014],[93.5600945720001,19.807794373000206],[93.57245627000009,19.80226413900024],[93.57619731000017,19.802426794000137],[93.59148678000008,19.81527645100004],[93.5936012810002,19.81950545400008],[93.59360128100022,19.83300572900004],[93.58611920000011,19.83739738700018],[93.56936584700009,19.836584117000022],[93.56432357499995,19.83853596400013]]],[[[93.73110436800012,19.83280409800002],[93.72994682300015,19.83419315000014],[93.73122970900012,19.838408348000048],[93.73819394300007,19.842073733000188],[93.73892702099994,19.84885470100011],[93.73287913400003,19.849037970000087],[93.7147354690001,19.853802973000104],[93.7031894980002,19.83767526999997],[93.69769142000024,19.833643344000155],[93.68852795000022,19.831627380000167],[93.67441621200015,19.821914104000083],[93.67496602100012,19.817882179],[93.68687852600017,19.81275063800007],[93.68907775900011,19.803770440000044],[93.67991429300008,19.795523319999965],[93.67313332500017,19.786359853000036],[93.65114100400012,19.77463061299998],[93.64087792200024,19.763634454000147],[93.63281407000005,19.749339444000043],[93.63164390200025,19.736825368000236],[93.63574637800019,19.739259631000127],[93.66213716600011,19.74145886100002],[93.66653562899997,19.752821561000072],[93.66580255100008,19.757036758000083],[93.67276678799993,19.76748310800004],[93.67606563600003,19.76729984000015],[93.67771506000008,19.771515034000075],[93.6771652510002,19.776829846000176],[93.68211352299994,19.78287773400015],[93.68064737000009,19.791674663],[93.6899941060002,19.795523319999976],[93.69420930000007,19.7922244720001],[93.69677507100016,19.806702751000113],[93.70117353700012,19.810368136000083],[93.72151643400015,19.814216793000142],[93.72041681900016,19.820447952000123],[93.7229825890002,19.822830454000048],[93.73141297800005,19.82044795200011],[93.73122970900012,19.822280645000173],[93.72664797500005,19.82374680000006],[93.72646470600012,19.82814526300024],[93.72224951200019,19.830161227000083],[93.72243278000008,19.831810652],[93.72573162800019,19.8307110340002],[93.7326958650001,19.82447987800011],[93.73544490400008,19.827595454000118],[93.73110436800012,19.83280409800002]]],[[[93.77132921600015,19.858776657000032],[93.76978499900021,19.865211487000103],[93.76662360200015,19.86617365300011],[93.75878883600012,19.861225381000132],[93.75548998800019,19.853253163999966],[93.74889229200015,19.849404507000095],[93.744081472,19.85050412200008],[93.7405077200001,19.84871724700007],[93.73995791099998,19.843081714],[93.73720887200017,19.8377210870001],[93.7427069530001,19.836758924],[93.75150388300017,19.82961141900007],[93.75095407400006,19.823563529000065],[93.74765522600012,19.820814489000185],[93.74146988400015,19.82136429800007],[93.7406451720001,19.818340353000053],[93.74806758000017,19.817240738000127],[93.74889229200018,19.813804439000094],[93.74669306200013,19.812155015000055],[93.74696796500001,19.807206739999973],[93.74421892300013,19.80157120700013],[93.74765522600012,19.797035292000047],[93.74634703300018,19.790475988000022],[93.73856048300019,19.78690965900023],[93.73709432800015,19.782694465000212],[93.73232932500015,19.782144656000256],[93.72646470600012,19.786176582000063],[93.72298258900021,19.784527158],[93.71895066400009,19.7792123480001],[93.71326931400007,19.77701311500012],[93.70373930700015,19.782694465000187],[93.7008069960001,19.78251119600005],[93.71672852100015,19.75579968900015],[93.73459728200011,19.76033560600004],[93.7461432530002,19.75978579700009],[93.75727686400008,19.762397385],[93.77019735300019,19.76129777000004],[93.7754205310002,19.76239738499996],[93.77735289000009,19.767103338000098],[93.78146841800009,19.813804439000073],[93.7938390990002,19.829611419000045],[93.79109005900011,19.84198209900023],[93.78655414200006,19.842394456],[93.7839425540002,19.844456235000173],[93.78284293900002,19.84830489200017],[93.78462981500007,19.858613791000042],[93.78229313000016,19.859438503000057],[93.7807811580001,19.85751417600013],[93.77157187400013,19.855864752000073],[93.77132921600015,19.858776657000032]]],[[[93.70855817300026,19.872821442000074],[93.70469390900007,19.87513309600004],[93.69802509800013,19.875783710000096],[93.68761524900009,19.8744824810001],[93.68468747800023,19.870416133000138],[93.68387420800009,19.860819551000162],[93.67720539700017,19.856915856000196],[93.66760881500011,19.854638702000074],[93.66159062100007,19.855289317000164],[93.65687365599996,19.857729125000052],[93.65215669300007,19.86537386099997],[93.64499992000005,19.86586182300006],[93.63963234000023,19.8632593600001],[93.63524068500021,19.836746769000204],[93.62922249100018,19.818692185000035],[93.61344506000007,19.80047494500015],[93.58872166400009,19.778679319000158],[93.58823370100015,19.77266112500015],[93.59164943500014,19.77266112500012],[93.59473985800014,19.769245392000016],[93.59815559100026,19.756558387000045],[93.59490251300019,19.740455648000047],[93.59181208700011,19.735250724000146],[93.59701701400007,19.723864947],[93.59636639700017,19.710527327000104],[93.5867698170002,19.696701742000027],[93.58953493300015,19.695400513000113],[93.60384847800009,19.700280131000095],[93.61328240500004,19.70564771],[93.61864998400017,19.735088069000106],[93.62492142800018,19.751440195000068],[93.641061191,19.775180422000115],[93.65187408100014,19.784160620000108],[93.65920485500004,19.786359853000057],[93.66818505300017,19.79130812500003],[93.67295005600023,19.7962563980001],[93.68229679400014,19.801937747000053],[93.68467929600007,19.80578640400005],[93.68156371700013,19.810001599000028],[93.67551582700015,19.812384100000113],[93.66983447700005,19.81696583200013],[93.66928467100026,19.820631221000095],[93.67148390100012,19.826862377000193],[93.68394621800019,19.837125461000024],[93.6945758400002,19.839324694000048],[93.7053887310002,19.84793835200005],[93.70575526800026,19.852886624000188],[93.7094206570002,19.85526912600018],[93.71858412300027,19.85691855],[93.72956827600018,19.85284571600002],[93.73874375200018,19.853619701000056],[93.75138933800021,19.86150028400004],[93.76366838400008,19.86699836500009],[93.76366838400008,19.869747404000126],[93.74277567800016,19.873046253000105],[93.74033657200016,19.86926805500015],[93.73067990100009,19.867364903000095],[93.72621640200016,19.86769715400013],[93.7209666250002,19.870847022000156],[93.70924821900013,19.867163052000144],[93.70855817300026,19.872821442000074]]],[[[93.7119348830002,19.884809856000086],[93.69918974500014,19.895025397000214],[93.68681486700014,19.895811225000244],[93.674687979,19.89396491000012],[93.67115938300009,19.890016701000015],[93.66409456400004,19.88907446999996],[93.6547905180001,19.88059821100006],[93.65171205700024,19.873888159000163],[93.6540580940001,19.86956610700014],[93.66041719600008,19.866647863000086],[93.66272890300014,19.85916342700005],[93.67458494700021,19.858751440000166],[93.68000944700015,19.863496925000117],[93.68345412000014,19.87291922600004],[93.68846281500004,19.877393866999963],[93.69915922600019,19.878309393000045],[93.70583248600025,19.877410252000196],[93.70941087400018,19.874970441000205],[93.71054945099996,19.87025347800023],[93.71770622400015,19.87155471000005],[93.71982072600014,19.873343902000173],[93.72667661200025,19.86883105800011],[93.7287383900001,19.869140325000068],[93.7289445690002,19.874500954000162],[93.73100634999997,19.876872002000038],[93.73626388900004,19.87553184500028],[93.73451137400008,19.872026818000247],[93.73574844400014,19.870480482000204],[93.73853184699993,19.870583573000093],[93.74183069500003,19.87594420000016],[93.73512991000013,19.883366608000042],[93.72811985699998,19.883985144000242],[93.71981962800004,19.88180365800002],[93.7119348830002,19.884809856000086]]],[[[93.72859736400018,19.88716859700016],[93.7242888670001,19.892471364000176],[93.71434617999995,19.893576108000104],[93.70760724900009,19.89677986],[93.71158432500017,19.888604764000032],[93.72042226800016,19.885732432000058],[93.72638787800014,19.8854010090001],[93.72859736400018,19.88716859700016]]],[[[93.60173397600012,19.848295198000237],[93.61084259600005,19.859843627000046],[93.62239102500014,19.871229403000093],[93.64955423000009,19.88472967800008],[93.65801223500011,19.894326257000127],[93.66321716000012,19.90359753200011],[93.66045204400015,19.90522407100015],[93.61344506000007,19.900995069000157],[93.60645094100022,19.887006831000058],[93.59961947500024,19.879524751000048],[93.5905108580002,19.873343902000162],[93.5508233,19.868789592000105],[93.54724491400006,19.863259360000104],[93.54498064300005,19.854643011000164],[93.54073875500008,19.846668659000084],[93.54155202500021,19.839023926000014],[93.53992548600017,19.832355115000247],[93.54415448799996,19.82617426500007],[93.5579800730002,19.826824880000178],[93.55944395700017,19.837560039000117],[93.56123315199996,19.84048781000012],[93.57587200300014,19.838535964000123],[93.58286612200004,19.83983719500007],[93.5883963560002,19.839023925999978],[93.59539047500004,19.834469616000092],[93.60173397600012,19.848295198000237]]],[[[93.5887216640001,19.88066333000002],[93.6017339790002,19.895952799000064],[93.60531236400006,19.904410802000086],[93.60010743700009,19.905224071000124],[93.59571578200007,19.908639805000124],[93.59230004900013,19.908314497000056],[93.58790839400012,19.90018180200012],[93.56367296000003,19.880825982000154],[93.57554669600017,19.878060867000055],[93.5825408150002,19.87806086700006],[93.5887216640001,19.88066333000002]]],[[[93.71423873600014,19.9194280120002],[93.72814933000002,19.92080597100015],[93.72867306000018,19.9236864880001],[93.71429977100013,19.928228519000125],[93.7112327550002,19.926279208000064],[93.70965346800018,19.922182223999986],[93.7102485630001,19.91915716700011],[93.71423873600014,19.9194280120002]]],[[[93.50252306300018,19.91747870600008],[93.50934654800014,19.920513540000126],[93.51032247200006,19.926043775000046],[93.50772000900008,19.932061969000085],[93.50414162299997,19.934176470000146],[93.49796077400009,19.930923392000146],[93.49665954200005,19.927832969000146],[93.48929750700012,19.921896123000053],[93.48982807900012,19.91856169400013],[93.49997865900013,19.916692878000084],[93.50252306300018,19.91747870600008]]],[[[93.46300029200023,19.939609291000135],[93.47384560800016,19.94384807600012],[93.48917854000014,19.955192847999964],[93.480327554,19.96354527200009],[93.47110268500013,19.966537088],[93.4677368780001,19.966287705000063],[93.46624121000013,19.95232518900017],[93.45813854500022,19.940731202000016],[93.46013312500001,19.93923525000002],[93.46300029200023,19.939609291000135]]],[[[93.48996887500006,19.93086448400005],[93.49419937299994,19.931635053000104],[93.49896011500006,19.935014877000143],[93.50363928500013,19.94260190000007],[93.50613220600009,19.958060415000055],[93.49890174600012,19.969155495000017],[93.49441402200006,19.96778411000016],[93.4899265410001,19.953322881000247],[93.48581283599998,19.949707527000097],[93.47147712900022,19.940856076],[93.46113043100014,19.93773928500017],[93.46063181500011,19.936492627],[93.46162912100021,19.93474732900006],[93.46848545200005,19.932004807000123],[93.48996887500006,19.93086448400005]]],[[[93.44022510600014,19.938700189000095],[93.43037002000014,19.957560782000016],[93.39791620500006,19.966736208000114],[93.39344885100013,19.95545100100015],[93.39576666700003,19.947033662000084],[93.40198818000012,19.940690158000184],[93.40454998000013,19.933126751000092],[93.40040230600016,19.929345046999988],[93.39698657300005,19.92958902800005],[93.3958886590002,19.92775917100006],[93.39918240100002,19.922513581000164],[93.40296410400006,19.923977468000032],[93.40650182700011,19.920927708],[93.40772173200021,19.914828185000047],[93.41028353000007,19.913608279000183],[93.41272333900008,19.908972643000133],[93.41101547299995,19.906410842000177],[93.42162864300008,19.88811227600014],[93.42980200200014,19.8677398720001],[93.42650826100005,19.86054243799998],[93.42919205000017,19.85249106900021],[93.42699622300012,19.847123489],[93.43199782900024,19.83053278799998],[93.43065593400013,19.82284738900012],[93.43443763800019,19.81089232700005],[93.4416350750002,19.79600949200009],[93.44053716100014,19.790397931000065],[93.45407810200012,19.776369031000126],[93.46237344900017,19.772587327000057],[93.46383733600022,19.767707710000135],[93.49116319600022,19.757460511000012],[93.49372499400006,19.762462120000063],[93.49714671800002,19.75892984300014],[93.50904078699996,19.73344255300003],[93.51379841200027,19.73191331700014],[93.51515773500017,19.74176840300003],[93.5211047690002,19.75298280900013],[93.52042510900009,19.757400607000076],[93.51549756500003,19.765726454000163],[93.50989036300007,19.765726454000212],[93.50836112400016,19.773372641],[93.51209925900008,19.77626119999995],[93.50683188800008,19.78339764100009],[93.50734163400016,19.78679594599998],[93.49986536000013,19.80089891100005],[93.50071493700013,19.814662049],[93.49799629399996,19.82230823600003],[93.48933061400012,19.82723577800005],[93.48525264900013,19.83301289600005],[93.48185434400023,19.83301289600003],[93.47692680200021,19.82723577800005],[93.48151451400015,19.83539171100013],[93.48712171800014,19.83505188100009],[93.49068993700001,19.828934931000063],[93.4962971410002,19.82485696500016],[93.50156451300006,19.824856965000176],[93.50581239500019,19.828085354],[93.50870095400018,19.842358235999974],[93.50751154700009,19.848305270000175],[93.5110797690001,19.851533662000207],[93.5139683280001,19.859519679000023],[93.51294883500003,19.864447219999978],[93.5039433290001,19.87447222000009],[93.5043042750001,19.87773555900014],[93.51520208900013,19.865861823000067],[93.52187090100017,19.864723244000057],[93.52626255600016,19.868138977],[93.53081686600008,19.87448248100011],[93.53211809800007,19.879199443000136],[93.5355338310002,19.880988637000026],[93.53797363900024,19.886030910000066],[93.53716036999998,19.892862373000145],[93.53325667400014,19.896603413999966],[93.53228075300014,19.916121885000106],[93.5293529820001,19.919049656],[93.5148767820001,19.91563392300008],[93.50381631600018,19.91026634399998],[93.49828608100006,19.903922840000178],[93.47403824300018,19.90573662800001],[93.45993527500019,19.914232392000034],[93.45025010499997,19.924597221000074],[93.44022510600014,19.938700189000095]]],[[[93.46187796099997,19.961924329000016],[93.46536816500016,19.976385541000163],[93.4615035340002,19.986732687000057],[93.45352512100004,19.99770309000014],[93.44342769900021,19.997079602999985],[93.44168250400014,19.99471094000002],[93.44155793200015,19.989724334000098],[93.44641991000003,19.97501393100016],[93.45541165400012,19.96422128100016],[93.46025740800015,19.96067765400011],[93.46187796099997,19.961924329000016]]],[[[93.46374720300014,19.998326577000118],[93.45763887300006,19.998700476000106],[93.45576900300013,19.997204464000063],[93.46761197000008,19.980374860999987],[93.46948206200007,19.96915503100016],[93.4820727710001,19.964667285000093],[93.48456602500016,19.961176703000113],[93.48793186800023,19.95943144400002],[93.49142222800015,19.965664755000045],[93.49603436800022,19.981372628000038],[93.4845655470001,19.988727690000033],[93.47721048699992,19.996581474000205],[93.46823498200008,19.996581335000144],[93.46374720300014,19.998326577000118]]],[[[93.37941902200004,20.088827442000014],[93.37734350200009,20.091347760000193],[93.37763990300016,20.09683325300013],[93.37541611400015,20.099205321000106],[93.37126509900014,20.100094793000146],[93.37022725500003,20.10528375200007],[93.37215453699999,20.10350470500023],[93.37393352300013,20.104246014],[93.37141317000004,20.11002797500009],[93.36933769400008,20.108693636000115],[93.36741033900024,20.114623863000094],[93.3642970310002,20.118033711000148],[93.36118358700016,20.12900463600005],[93.35658771600009,20.13582436000015],[93.35540159000004,20.14294064800008],[93.34902677200017,20.146795216],[93.34443093400024,20.15183586100006],[93.33301583500014,20.14353331899997],[93.32041464200012,20.14041973600003],[93.3102550100001,20.141852937000056],[93.31556037600012,20.116476925000118],[93.34189752300011,20.088686185],[93.35490940799997,20.067705349999986],[93.35760806800016,20.056466950000193],[93.35972764800006,20.035647913000073],[93.36458951200014,20.027918754000165],[93.36458963500009,20.020937507000127],[93.36907738000019,20.02056358900007],[93.37281722000023,20.01769635000006],[93.37381464200013,20.009593133000248],[93.37580923900003,20.007099862000068],[93.37718039400012,20.012834480000116],[93.37431311000017,20.019192354000058],[93.37992272500026,20.023057060000074],[93.3824158450001,20.027295715000015],[93.37605779900018,20.050109325999955],[93.3760576850002,20.056591911000186],[93.37381372500016,20.061453814],[93.37294082700005,20.07828357800003],[93.37443665000008,20.083519535000043],[93.37941902200004,20.088827442000014]]],[[[93.3008448630002,20.182079493000064],[93.29447039200005,20.16903281400019],[93.28779924000014,20.16369547799996],[93.28483438400013,20.155689584000132],[93.28261065400022,20.15450349700011],[93.27371564900007,20.15509638200025],[93.27297437599991,20.156282421000085],[93.27238128500017,20.161471386000148],[93.27668046900011,20.165177865000175],[93.27416011800017,20.17081156900014],[93.27608727800009,20.175852318000068],[93.26941590900016,20.182672005000036],[93.27045358300016,20.186971459000187],[93.26986053400003,20.189788320999988],[93.26822977200011,20.19052957800011],[93.26704381300016,20.18815745700006],[93.26304109999997,20.18623006000021],[93.26482015200007,20.183264959999974],[93.26467199800011,20.177779469000118],[93.26126220500015,20.180299775999977],[93.25325674500016,20.178224058000023],[93.24717846700014,20.179854784000096],[93.24791979600008,20.17540710300007],[93.24451010900015,20.171848894999982],[93.24599271900009,20.165622148000033],[93.2422865260001,20.16250870700009],[93.23932152500022,20.162656914000053],[93.23680142500024,20.154206259000034],[93.22953716200006,20.155095684],[93.22466987700011,20.154122108000124],[93.222307211,20.14299079900009],[93.23325094500008,20.12695949300021],[93.23613505900016,20.118074560000203],[93.23830943600026,20.115808629000032],[93.22604767000013,20.10608999400016],[93.20909405700009,20.100604461999982],[93.19949540900011,20.092376418000068],[93.19700231900009,20.08664178400009],[93.19687779199997,20.07903721399999],[93.20069384000006,20.039489612000093],[93.20268847600006,20.034835480000083],[93.20833980700024,20.029516526000037],[93.22346522500013,20.026691020000012],[93.24257968800003,20.027522421000146],[93.24806468600022,20.029018489000094],[93.25271859000014,20.03234296300019],[93.25820361300005,20.03234304900003],[93.26535080400016,20.030182300000053],[93.26690341200015,20.033954012],[93.27296447100008,20.04038380700007],[93.28844839800026,20.05162549900007],[93.29373701700018,20.073316705000064],[93.29408186800005,20.06873657700012],[93.29029196600017,20.048985986000094],[93.28617829200016,20.043625323000022],[93.28592903700024,20.040010031],[93.28867159900012,20.037142778000234],[93.292162078,20.03664418199998],[93.3092403740002,20.041007728000253],[93.3153486400002,20.044249116000085],[93.31497460500005,20.04936036300007],[93.3210829630001,20.04736581900006],[93.32457338900025,20.049859176000044],[93.33068169400019,20.050856593000045],[93.33841052800017,20.054596666],[93.34165169100005,20.053848726000123],[93.34962972100003,20.06457005200011],[93.33442084900021,20.086760195000142],[93.31102431900008,20.11480019],[93.30126012500006,20.156696780000185],[93.30400232300008,20.17290329400009],[93.3008448630002,20.182079493000064]]],[[[93.69473599100019,20.249826497000186],[93.68604113500004,20.25465170100008],[93.66547102800008,20.255223489000098],[93.65874310000008,20.256918007000046],[93.65740782100006,20.25148180300015],[93.65261504600007,20.250603726000094],[93.64902701900009,20.252144989],[93.6443787730001,20.249488846],[93.64061590700015,20.243733877000206],[93.63561003000014,20.240747548000158],[93.62355192800021,20.246416235000083],[93.62317406700011,20.24099539600001],[93.61985201500006,20.238828047000048],[93.61801643100024,20.234735473000132],[93.61612075400012,20.23380119000017],[93.61402990800013,20.237511620000106],[93.61048838500012,20.239725072000233],[93.59521557700016,20.230649923000183],[93.58370563500013,20.230207233000115],[93.57750797200009,20.238175656000156],[93.5737451060001,20.237290276000067],[93.56776879000019,20.242381212000115],[93.56179247400009,20.23839699900004],[93.56214552500006,20.22605576200004],[93.55941491200014,20.22459598400008],[93.55129781,20.224008525999984],[93.54846725800013,20.22125342600011],[93.54180723700017,20.220239402000026],[93.54032298700015,20.222921318000097],[93.53417793900007,20.219209016999958],[93.52846251400014,20.21820966300022],[93.527386735,20.224507978000286],[93.5175234620001,20.225780334000042],[93.49937316700019,20.23219934],[93.49760240700016,20.24215986600007],[93.49437143800009,20.248200372],[93.48896995100017,20.249685598],[93.4767199260001,20.248910181000028],[93.47295115500016,20.249747331000044],[93.46993427400021,20.252563084000034],[93.46613217,20.24946425500005],[93.46285123400014,20.24946425500006],[93.46019509100002,20.242381212000122],[93.46545971900026,20.23867980299999],[93.46417930400008,20.23064992300017],[93.46639275400008,20.223566881000146],[93.46727813400014,20.212720975000135],[93.47170503599995,20.201875066000063],[93.47214772600019,20.19434933400019],[93.46022894900018,20.187261354000096],[93.4587498580001,20.189492557000083],[93.44204479600006,20.185052842000143],[93.43872462300011,20.182618045000066],[93.43605610400017,20.176915709000014],[93.42984580900016,20.1768083820001],[93.42790007600017,20.17857864100011],[93.41798494500023,20.172539864000036],[93.4150904500001,20.173841341000205],[93.41409088500006,20.17608028000004],[93.41092450900011,20.17602370700013],[93.41423899500008,20.157213566000134],[93.4141920850001,20.143685420999983],[93.41884626600019,20.13121898700001],[93.420674873,20.116425425000134],[93.41984383300019,20.114929432000054],[93.41435878200014,20.116425325000087],[93.40970483999997,20.115427931000195],[93.41253071000023,20.101299264999962],[93.40904040300018,20.09215710400019],[93.40904054800006,20.084012318000095],[93.4068798480002,20.080189221000026],[93.4037218380002,20.078194529000044],[93.39856925200019,20.077529567000056],[93.38959368600008,20.08151870800014],[93.38510584300009,20.08683767900018],[93.38194781600022,20.08584031],[93.37845762900017,20.069883121000117],[93.37928882099999,20.06273566900009],[93.38253123200013,20.054685948000117],[93.39574432700016,20.038966449000046],[93.39823761800011,20.033315004000055],[93.40588388000005,20.00688612200004],[93.40704762400019,19.99308986600003],[93.41968020000026,19.970650346000127],[93.43198003200007,19.966162597],[93.4467732510001,19.95070435400007],[93.45086002900018,19.947525719000065],[93.45412546700015,19.947458621000028],[93.46056882599994,19.956688493000026],[93.45890662800008,19.960677752000166],[93.44693912000021,19.970816993],[93.44078895100017,19.987272690999973],[93.44062258200017,19.996082355000055],[93.44477784500015,19.999406824000072],[93.45973700000025,19.999739501],[93.47037465900014,19.997911248000097],[93.47572809900005,20.001009341000064],[93.48666369100016,19.988436955],[93.49081907600015,19.984946397999984],[93.49630413300002,19.983118065000095],[93.51319605500005,19.997492191],[93.53168649100013,19.995709799000135],[93.54664576300013,19.989476781000068],[93.54128539800007,19.989476695000064],[93.52744810900016,19.993091765000024],[93.52283571400018,19.992343700000042],[93.5174753930001,19.98985031300012],[93.50438630800006,19.979627566000055],[93.50363843999997,19.974516283000174],[93.50924833600017,19.962548522000215],[93.5117998750002,19.959944125999982],[93.51809920000011,19.96117734500001],[93.53480366400005,19.957437656000085],[93.53405574900007,19.954944344000026],[93.52283634500009,19.95668947500011],[93.5138608700001,19.955442681000132],[93.50987184000007,19.950954674000197],[93.51012126100017,19.945344748000142],[93.5190971530002,19.922905169000227],[93.52607811100013,19.92203262400007],[93.53181240900012,19.924775347000097],[93.54452746200008,19.938613373000017],[93.54627269800007,19.938613400000076],[93.54851663100023,19.935247479000072],[93.53767139200016,19.926520748000176],[93.53829477400006,19.92178348300011],[93.5425332450002,19.91953957600003],[93.54764429500017,19.919414993000082],[93.56796380700007,19.920287971000043],[93.57344881600012,19.92128537700014],[93.57444606600023,19.92290604200002],[93.57756257700005,19.921784103],[93.57382285100012,19.918168755000043],[93.5607336020002,19.91704656100008],[93.55295283000014,19.914892553000215],[93.53941697400018,19.907073013000197],[93.53879376400016,19.901961733000032],[93.54340634600005,19.892237927000018],[93.54714619700013,19.888747362000124],[93.55637109600019,19.88413489700008],[93.5609834880001,19.885132291000037],[93.58491787900006,19.900341819000126],[93.59077671999995,19.909567132],[93.59489046100009,19.911312508000037],[93.60424001600018,19.906824712000105],[93.61655146200009,19.910368322000078],[93.6315813680002,19.91837537000016],[93.63544912700019,19.91609240400009],[93.66294495000017,19.9145212140001],[93.68127549800016,19.92080597100014],[93.69855858800021,19.910069509000092],[93.70615267200009,19.91242629200013],[93.70641453700019,19.924472083000026],[93.70824759100016,19.932066167000077],[93.7051052130002,19.939922116],[93.70536707800012,19.946992470999984],[93.70929505100011,19.955895878999957],[93.70537668800017,19.967466709000064],[93.70913407800005,19.96754300300018],[93.71243743199996,19.951967906000192],[93.70850945600023,19.943588227000014],[93.71243743199993,19.931542437000086],[93.72212643500006,19.931804302],[93.73334214500007,19.924177525],[93.7374925380002,19.919161197999983],[93.74495790000009,19.918245672000086],[93.74502656299997,19.915045141000018],[93.74339005800022,19.91334378700018],[93.73931337100015,19.912688157000087],[93.72097464000007,19.916333809999976],[93.7112529020002,19.911804365000147],[93.71788135900017,19.89733223200004],[93.72937068500012,19.894018002999978],[93.74196475500014,19.88319152300005],[93.74561040500014,19.883191523000047],[93.75179696400015,19.87921445000007],[93.75914094300003,19.878370642000057],[93.76450150800008,19.873469786000115],[93.76969380100007,19.871370774000148],[93.7839449810001,19.872475519000012],[93.79543430700022,19.869934609999987],[93.7957657300002,19.872696466999976],[93.78696563800021,19.88588152100002],[93.78509287100003,19.8906612250001],[93.78378445300012,19.911401654000088],[93.77984399200018,19.91856192500009],[93.77410302200013,19.919377930000177],[93.77117283300008,19.923394771000087],[93.76467316000009,19.94044296800016],[93.76050644800013,19.944481135],[93.75902383800019,19.950559628000196],[93.75324189100007,19.961382259000064],[93.75368658600019,19.96449565400021],[93.7562068090001,19.966126516000152],[93.75591023500006,19.970277692000032],[93.7510178720002,19.97635612900002],[93.7414760640001,20.011838928],[93.73604394700016,20.013271763000166],[93.7295208550001,20.01831237800003],[93.72284959100024,20.019350066000094],[93.71825365399997,20.02987620200012],[93.71484386999992,20.031655227000122],[93.7129165480002,20.035658121000054],[93.7049110600002,20.034916709000154],[93.70375185000023,20.039227994000132],[93.69991473000017,20.04006775200008],[93.69696986000021,20.044534578000192],[93.69641278900004,20.049039487000037],[93.70194576200015,20.050928366999987],[93.70268695700017,20.053893508999977],[93.69616471,20.063024341000194],[93.69631194800013,20.0678295180001],[93.69175491900013,20.069272672000135],[93.6891957310001,20.07924515800003],[93.689492174,20.082358549000148],[93.69379135200013,20.08636154300001],[93.69305001800006,20.091105736000117],[93.68688391700016,20.10123588900023],[93.67472627300015,20.113225523],[93.67407352400005,20.11793985800007],[93.67837276100005,20.11868120900005],[93.68504393800004,20.122684238999977],[93.69171517000015,20.12372214400013],[93.69794156400013,20.12965250100008],[93.6951246260001,20.140030408000168],[93.70075809900005,20.141513064999987],[93.7019440000002,20.146998573],[93.70416771900007,20.148777686000017],[93.714693383,20.153522062000043],[93.71365554500011,20.158414509000067],[93.70668764200013,20.166865014],[93.69734755000019,20.185100413000065],[93.69423387800013,20.208376625000017],[93.70031207600017,20.211341850000167],[93.70298044800018,20.21830994800008],[93.71083760900018,20.223350794000066],[93.7136542350002,20.230022379999976],[93.71291292099995,20.233580524000217],[93.70312820700019,20.245292623000033],[93.69957015200009,20.24840595000014],[93.69473599100019,20.249826497000186]]]]},"id":"Myebon"},{"type":"Feature","properties":{"shapeName":"Ann","shapeISO":"","shapeID":"66882298B95740508814243","shapeGroup":"MMR","shapeType":"ADM3"},"geometry":{"type":"MultiPolygon","coordinates":[[[[93.8130674020002,19.707747603000126],[93.81456037600005,19.714018096000196],[93.81413802800013,19.723650120000098],[93.80873777500013,19.733277460000117],[93.8050053410002,19.729246429999982],[93.80694620600013,19.717750529],[93.80709550400026,19.70476165499997],[93.8130674020002,19.707747603000126]]],[[[94.07216788900018,19.38184465800016],[94.07619154700024,19.371949913000098],[94.0773063270001,19.369905487000064],[94.08305906700019,19.366823],[94.08839596700017,19.359670605000012],[94.0974177980001,19.360692903000224],[94.10029782200019,19.358926408000162],[94.11171873000013,19.35862507500003],[94.11935971500027,19.356466383000104],[94.12661561800009,19.347985879000273],[94.13756722800014,19.347223433000078],[94.1462155880002,19.341016630000162],[94.14832288400011,19.348578528000196],[94.15717884900019,19.33935318700009],[94.1687067860002,19.331373330000016],[94.16932669900007,19.325472032000217],[94.16021503500002,19.321114279],[94.15902655700012,19.318143085000045],[94.16131766600007,19.315931144000057],[94.1665535849999,19.32012388200001],[94.16984354200008,19.31829649600006],[94.16972286000004,19.315171890000116],[94.16199775100013,19.31002182100001],[94.16140351200006,19.307248704000024],[94.16625035600015,19.303354115999976],[94.16100735400016,19.297542801000173],[94.15922463700016,19.292590809000046],[94.16264860200008,19.28931248300002],[94.17309338200006,19.290349821000067],[94.17454337400012,19.288564149000084],[94.17327253600013,19.27771176300012],[94.17471512500005,19.276376465000144],[94.18616346800019,19.278923315],[94.18755002700011,19.280309873000135],[94.18358843500005,19.288034979000027],[94.18576731000013,19.28922345700013],[94.19406663900016,19.28655395300006],[94.19794601200006,19.281183405000156],[94.20700226800012,19.279493106000135],[94.2127061440001,19.280507951000015],[94.21785621300012,19.284865704000108],[94.21567733800003,19.289619615000042],[94.2234024440001,19.298533201000172],[94.22236407800018,19.303159710000124],[94.21653568300013,19.30761185000007],[94.21574336300012,19.310252914000035],[94.21996906299995,19.31553503599999],[94.2284204610001,19.32213769200005],[94.23660775499997,19.33613532000004],[94.2371359670002,19.373638401],[94.23343848000025,19.377071781999984],[94.23271837100005,19.389675671000187],[94.21877476399999,19.39024509000014],[94.2139797870002,19.392892691999975],[94.20827272200006,19.39282033200004],[94.20435467900018,19.400896193000058],[94.20000976700022,19.40535558199997],[94.19934982800005,19.418439774999975],[94.20356136700009,19.423459718000114],[94.20181034800004,19.446458989000163],[94.1970075950001,19.449559890000195],[94.1940627630002,19.455842665000162],[94.19167522400011,19.45626257300005],[94.19212106400022,19.458524828000087],[94.19683279400017,19.461747565000017],[94.19626809600015,19.468057751000075],[94.18902030500006,19.475641055000114],[94.18759339700011,19.47562215100016],[94.18805094900019,19.476983656000257],[94.19041639600022,19.477914897000122],[94.1922583430001,19.48245404500003],[94.19463552400003,19.482484522000114],[94.19514603800019,19.48023384500016],[94.19706131600003,19.479356244000098],[94.19846914700007,19.48072626700021],[94.20085675500013,19.480306351000106],[94.20184085000012,19.478059927000075],[94.20992441500006,19.478616255000095],[94.21329302399994,19.47594986800002],[94.21946870000008,19.476930316000132],[94.22135322300012,19.47830761100012],[94.22127703100018,19.483724372000044],[94.22410752700013,19.48556664400004],[94.22795279000019,19.48290444700013],[94.22799086500005,19.48019606500021],[94.22467940400026,19.47879993800023],[94.22376417800018,19.47608000800013],[94.22758299400016,19.475225434000112],[94.23323231000023,19.479810688000082],[94.24038469400011,19.47899796300003],[94.24135397400023,19.477655298000048],[94.25183253700011,19.477334736],[94.25285143200011,19.472379851000102],[94.25767313299997,19.46792750000021],[94.25819204800021,19.464772953000065],[94.26011029000013,19.463892155],[94.26258660800019,19.45670107600019],[94.26499739100005,19.454473345],[94.26616055400014,19.439138266999972],[94.26902160699997,19.43872237900008],[94.2710241690001,19.431523981000073],[94.27813517600009,19.433416266000222],[94.27805083600022,19.439736893000152],[94.27947036500012,19.440206029000098],[94.28130115400019,19.445645808000158],[94.28024459300008,19.453306101000035],[94.28873201600007,19.459279684000222],[94.28774084900024,19.461976612000047],[94.29202460900007,19.462026733000016],[94.29686497000007,19.45621689200012],[94.2953739890001,19.460714209000137],[94.29916523400016,19.462114292000084],[94.30067632500005,19.455812374000022],[94.30450963600005,19.45405363500009],[94.30639854100008,19.45498037500002],[94.3078894460001,19.450483030000136],[94.31411141700022,19.44784753500012],[94.32040154200008,19.440248594000167],[94.32567742600015,19.437154229],[94.32570054500019,19.435346581000143],[94.33188769100019,19.435422422000094],[94.33381429700007,19.433637629000135],[94.35046917500001,19.43383593199998],[94.35279285400013,19.437928628000204],[94.35989570700015,19.440721069000062],[94.36081866400025,19.442987464000076],[94.36460691700007,19.44438727400005],[94.36407996300018,19.4484457550001],[94.37312831000013,19.448099018999976],[94.3711338510001,19.45484733300007],[94.37103023500005,19.4629726420001],[94.37284289800017,19.46976651700022],[94.37990735900019,19.475717660000125],[94.38266195000013,19.48342673400009],[94.37919750000015,19.4937687260001],[94.37340712400018,19.499570700000053],[94.37139674500014,19.50767321300017],[94.36604102800015,19.516641165000134],[94.36498814200007,19.524301616000056],[94.36045505400017,19.52803831400005],[94.36373260500007,19.53833996],[94.35489422300002,19.550083038000054],[94.34973059500008,19.552863453000068],[94.34397116400005,19.563190711000033],[94.34834038700006,19.571333355999986],[94.34754598199999,19.57709279],[94.351716605,19.584242430000053],[94.34655297700006,19.59298087900001],[94.34565927100002,19.598376209000023],[94.35042569800002,19.618236319999987],[94.33771522700006,19.629357983],[94.33771296700004,19.641359173000094],[94.33612641800005,19.648688490000076],[94.33347840400006,19.652130909000064],[94.33930403599999,19.668548602],[94.333213603,19.67569824200004],[94.33294880000004,19.682847882000075],[94.32791757300004,19.689997522000024],[94.32648249500005,19.696752469000046],[94.31944392400005,19.709592830000066],[94.321562337,19.72203850100007],[94.31706071100004,19.726275324000063],[94.31388309300011,19.73713218600006],[94.31070547500009,19.740309804000077],[94.31097027800007,19.745341031000073],[94.30726305700001,19.750107458000098],[94.30898091000005,19.756582222000073],[94.30738329700002,19.75869319600003],[94.30408543900009,19.759375511],[94.304491146,19.770974883000058],[94.29984861600003,19.77288038700011],[94.298616225,19.782186592000105],[94.29216937200003,19.789033276000033],[94.28846215000007,19.800949343000095],[94.28846215000007,19.809952593000023],[94.28104771000007,19.82292786500006],[94.280782909,19.830077505000098],[94.2897861590001,19.837227145000046],[94.30304151499996,19.84183303000009],[94.304879843,19.847024802000067],[94.30726305700001,19.848613611000076],[94.31392098200006,19.848737732000043],[94.31308868800002,19.855763251000024],[94.30382063800003,19.867679318000086],[94.30726305700001,19.88012498600009],[94.30196702600006,19.89151144900003],[94.30302623400011,19.89866108900007],[94.29746540300009,19.916667591000103],[94.29713623900003,19.923921615000072],[94.282266367,19.929155193000025],[94.269131643,19.93123167200006],[94.25986359199995,19.950826983000187],[94.25986359199993,19.958241424000015],[94.24720191000007,19.977918597],[94.23814986900001,19.978101535000036],[94.2373554640001,19.990812006000013],[94.22861701500005,20.014114536000015],[94.22649860500002,20.01596814900011],[94.22702820600004,20.027089808000053],[94.21564174300002,20.046949920000067],[94.20796249900003,20.05515876800008],[94.20504968500008,20.062043605000056],[94.21299372899995,20.07607808400012],[94.2124041550001,20.10567638300007],[94.20082634199997,20.113199066000043],[94.19201217700005,20.113325361000033],[94.17176616500008,20.125946881000022],[94.16851977000006,20.133029920000055],[94.16763439000007,20.15516442800005],[94.16556850300003,20.158115695000077],[94.16527337500013,20.16431335800004],[94.16999540500002,20.16962563700002],[94.163099296,20.175447299000048],[94.16012986100007,20.183669472000098],[94.153468305,20.183791722],[94.15051703800006,20.192645525000085],[94.13664608300009,20.200909072000094],[94.14048273100009,20.20740186200005],[94.13458019600003,20.21714104400003],[94.12926791300005,20.219797184000065],[94.13310456100007,20.227470479],[94.13487532100002,20.243702452000022],[94.12454588600006,20.266132084],[94.12806853200003,20.278795306000074],[94.12565415200001,20.28011872500006],[94.12414353700008,20.28506268000003],[94.10477239400011,20.293578870999983],[94.10477239400011,20.301842418],[94.093557579,20.313057234999974],[94.0876550440001,20.33165022],[94.08461149700008,20.33552722200007],[94.08116225400006,20.33607712],[94.0832281410001,20.353784725],[94.07850611399995,20.358211627000053],[94.07732560700005,20.36352390700007],[94.07907436000005,20.373433515000027],[94.07683366900002,20.37378493700006],[94.07209179200008,20.371011545],[94.05587578300003,20.367173994],[94.04364426600007,20.37226157200005],[94.04807116900008,20.378016545000065],[94.04762847900004,20.382664791],[94.04143081600007,20.392182627000043],[94.0390833540001,20.399885262000094],[94.02682204400007,20.40435660500004],[94.020624382,20.40856216200011],[94.01929631200008,20.41586654800007],[94.00867175000003,20.428261873000086],[94.00800771300007,20.436230295000012],[94.01044251000009,20.44065719500001],[94.00911444000008,20.445526788000045],[94.00048198100009,20.448625617000026],[93.99848987400011,20.46832532800009],[93.99696046900004,20.47119296500004],[93.99490669400011,20.470925184000087],[93.99143037900006,20.473769466000057],[93.98985016300006,20.47882604200002],[93.98510969300006,20.484830675000087],[93.98925975500006,20.490346784000057],[93.98817978600006,20.498003004000086],[93.98032955200004,20.509172463000013],[93.97152005200007,20.51833042800004],[93.96953382500004,20.5248126270001],[93.95416826500012,20.526845666],[93.9416558300001,20.53027136000003],[93.93769614800003,20.53788547900004],[93.93976759,20.557321566000052],[93.928613301,20.56528248800007],[93.9218806920001,20.56653403300006],[93.911401643,20.562768698000088],[93.89622304600002,20.553514314000076],[93.891454765,20.55208774300008],[93.86838341400004,20.556253181000027],[93.84732194200011,20.556252886],[93.84068539800018,20.557832972000153],[93.83404881300004,20.56288945800004],[93.82932862899992,20.57009652800002],[93.81066291600021,20.57079000400017],[93.80276234800016,20.569209685000104],[93.79833807500012,20.56604924],[93.78630196800016,20.564462371000054],[93.79130696300012,20.55235484800004],[93.78443341600014,20.545822604000094],[93.78151856100004,20.53685922600011],[93.77868433200013,20.534558840000017],[93.7796834580002,20.53231626100002],[93.78888500200019,20.52659413400008],[93.78902959000011,20.51847277299998],[93.78629078100005,20.51075919000009],[93.77831019400011,20.501607889000244],[93.77547609200008,20.49930750300022],[93.76478541300025,20.498267872000067],[93.74947585900003,20.50284085500012],[93.74221619200006,20.510965458000094],[93.7303365370001,20.50581187700012],[93.72995506800004,20.50039106900012],[93.70192484800003,20.487756897000207],[93.69477608100016,20.485837782999965],[93.69391763400013,20.480409338000168],[93.70185602100008,20.46519293000005],[93.70858156400016,20.463948937999973],[93.71294586100022,20.460859260000127],[93.7130107740002,20.457250487000074],[93.71738579900023,20.45371044600003],[93.71888535000022,20.450124571000018],[93.71910620700011,20.437944173000133],[93.71495992100023,20.428853510000216],[93.71605483200011,20.42119783400019],[93.71474224699996,20.41440770400006],[93.71866766500005,20.40905559800009],[93.71858728100018,20.38694187400019],[93.71717590600015,20.385564923000015],[93.70522098000009,20.384923727000057],[93.69335730800009,20.37931649500015],[93.69128549099999,20.361684756000106],[93.68760455900009,20.353502346],[93.68723106400017,20.34763121100004],[93.68349604800005,20.342607229000013],[93.69368560900018,20.334649533999983],[93.69995300000012,20.33204073000015],[93.7087155600002,20.323606526000063],[93.71019937400007,20.32092435700011],[93.70511790899997,20.310914728000125],[93.7051750300002,20.307756279000024],[93.7135480730001,20.294351505000016],[93.71507038700014,20.28941153400015],[93.71017259100007,20.28698664300011],[93.70985668900006,20.280349849000224],[93.7063806270002,20.269288476000114],[93.69626799600024,20.262019446000103],[93.69473599100019,20.249826497000186],[93.69957015200009,20.24840595000014],[93.70312820700019,20.245292623000033],[93.71291292099995,20.233580524000217],[93.7136542350002,20.230022379999976],[93.71083760900018,20.223350794000066],[93.70298044800018,20.21830994800008],[93.70031207600017,20.211341850000167],[93.69423387800013,20.208376625000017],[93.69734755000019,20.185100413000065],[93.70668764200013,20.166865014],[93.71365554500011,20.158414509000067],[93.714693383,20.153522062000043],[93.70416771900007,20.148777686000017],[93.7019440000002,20.146998573],[93.70075809900005,20.141513064999987],[93.6951246260001,20.140030408000168],[93.69794156400013,20.12965250100008],[93.69171517000015,20.12372214400013],[93.68504393800004,20.122684238999977],[93.67837276100005,20.11868120900005],[93.67407352400005,20.11793985800007],[93.67472627300015,20.113225523],[93.68688391700016,20.10123588900023],[93.69305001800006,20.091105736000117],[93.69379135200013,20.08636154300001],[93.689492174,20.082358549000148],[93.6891957310001,20.07924515800003],[93.69175491900013,20.069272672000135],[93.69631194800013,20.0678295180001],[93.69616471,20.063024341000194],[93.70268695700017,20.053893508999977],[93.70194576200015,20.050928366999987],[93.69641278900004,20.049039487000037],[93.69696986000021,20.044534578000192],[93.69991473000017,20.04006775200008],[93.70375185000023,20.039227994000132],[93.7049110600002,20.034916709000154],[93.7129165480002,20.035658121000054],[93.71484386999992,20.031655227000122],[93.71825365399997,20.02987620200012],[93.72284959100024,20.019350066000094],[93.7295208550001,20.01831237800003],[93.73604394700016,20.013271763000166],[93.7414760640001,20.011838928],[93.7510178720002,19.97635612900002],[93.75591023500006,19.970277692000032],[93.7562068090001,19.966126516000152],[93.75368658600019,19.96449565400021],[93.75324189100007,19.961382259000064],[93.75902383800019,19.950559628000196],[93.76050644800013,19.944481135],[93.76467316000009,19.94044296800016],[93.77117283300008,19.923394771000087],[93.77410302200013,19.919377930000177],[93.77984399200018,19.91856192500009],[93.78378445300012,19.911401654000088],[93.78509287100003,19.8906612250001],[93.78696563800021,19.88588152100002],[93.78756807700002,19.888708467000203],[93.79548739100018,19.893621797000087],[93.78918932300026,19.900923127999974],[93.78909014100003,19.905855532000043],[93.7927942130001,19.91582715000019],[93.80288344200005,19.897842595999983],[93.80266351900008,19.892894321000085],[93.80079417200022,19.89003532200026],[93.79287693500015,19.889485513000132],[93.79144743400015,19.886736474000152],[93.80079417200024,19.869692424000178],[93.79892482500021,19.867823077],[93.79232712600009,19.86658600800003],[93.78462981500007,19.867960529000126],[93.7810560640001,19.86727326800003],[93.7847672660002,19.863974420000105],[93.78641669000008,19.858613791000053],[93.78655414200006,19.846792919000077],[93.79356419600009,19.843356620000026],[93.79919972800009,19.832772815000165],[93.79837501600011,19.827961994000102],[93.7879286630002,19.81751564100006],[93.7851796240002,19.8106430420001],[93.78476726600019,19.80157121000002],[93.79067770200021,19.773943356000114],[93.78847847200011,19.76322210000008],[93.78366765100026,19.75868618200015],[93.77913173400003,19.757036758000094],[93.76594732000018,19.757037859000103],[93.77194981200017,19.753576328000136],[93.7726395250001,19.751659029],[93.7765797270002,19.752034365000014],[93.77682994400017,19.749532540000047],[93.78091080600015,19.747777990000163],[93.78120803000023,19.745216954],[93.78589877400002,19.744091206999986],[93.78591850899994,19.739607487000132],[93.78302187400023,19.740338413000014],[93.7830194580002,19.73618106700013],[93.78934480900013,19.735390466000187],[93.79277110300013,19.731437014000075],[93.79382546800026,19.723266447],[93.80199576900026,19.71904950099998],[93.80436779300004,19.712987491000092],[93.80401705400004,19.730184908000037],[93.80828988300024,19.73491973100004],[93.81112653400015,19.733725352000114],[93.81635194500008,19.72640977900024],[93.81799421599995,19.712226527000155],[93.81470967300004,19.706105332000213],[93.81082794000014,19.703119384000097],[93.80634901800009,19.70252219499998],[93.79843625400015,19.687293858000057],[93.80784199200019,19.68087407100025],[93.8245633000001,19.681023368000275],[93.82934081900004,19.676096555000168],[93.83635779800007,19.663107680000113],[93.85009315800016,19.662510489000166],[93.84919737500024,19.66027103000021],[93.83770147400018,19.660271030000224],[93.83023660200018,19.66758660199999],[93.82277173200023,19.67818671700011],[93.8118730230002,19.676096555000182],[93.78753754500019,19.686248778000053],[93.78022197200018,19.67639514900022],[93.78022197200016,19.67176693],[93.7900756010002,19.665496437000105],[93.80067571600017,19.652656860000096],[93.8079912890002,19.649521615000147],[93.81948719000019,19.640713068000093],[93.82605627700008,19.64325112400014],[93.82799714200019,19.641459556000033],[93.82605627700008,19.63862290500005],[93.81784491800005,19.63787641700008],[93.77753461800025,19.66325697700015],[93.77186131700023,19.664600654],[93.76603871800013,19.662659786000194],[93.76454574400005,19.660868218000232],[93.75678227700007,19.658927352999967],[93.75349773500011,19.654896322000145],[93.73722431800019,19.644744098000018],[93.7254298230002,19.63459187500013],[93.72453403800023,19.6301129530001],[93.71960722400007,19.62205089200014],[93.72005511600021,19.618318455000157],[93.73797080400016,19.6099578030001],[93.76320206700012,19.592490006000126],[93.76842747700012,19.593833683000177],[93.77201061400024,19.598014008000135],[93.78768684200021,19.606374664],[93.7954503060002,19.606225366000103],[93.8061997210001,19.602343632999954],[93.81530686200017,19.602492933000057],[93.81948719000019,19.606523961],[93.82411540900007,19.60353801300005],[93.82277173200022,19.60174644400007],[93.82008437800006,19.601298553000035],[93.8227717320002,19.586070216000117],[93.82799714200019,19.586518110000036],[93.82919151899995,19.584129351000026],[93.82202524600008,19.58487583700015],[93.81874070099998,19.588757570000215],[93.81769562100006,19.59652103400004],[93.79201646700022,19.602045039000142],[93.78559667900016,19.602492933000082],[93.77171201900012,19.58845897600019],[93.78977700400009,19.56516858100002],[93.8146905750001,19.549475069000106],[93.82366751700016,19.541430294000126],[93.83650709200013,19.536204884000163],[93.84665931500018,19.526500551000076],[93.86472430300012,19.516945519000096],[93.87181566600022,19.511122103000055],[93.88343142100018,19.497614258000187],[93.89712183900014,19.490519879000153],[93.91458963600014,19.485145171000067],[93.93295321800021,19.496342478000088],[93.93220672900016,19.49947772300004],[93.9381786250001,19.51694551900012],[93.9419110620001,19.52067795300022],[93.94310544100006,19.527844228000095],[93.94101527600026,19.537100669000115],[93.93578986800009,19.545312025000026],[93.93086305200013,19.54979094700008],[93.93116164700001,19.557255817000122],[93.93410967300024,19.564127320000154],[93.93740938799994,19.565824861000014],[93.93355040600005,19.551582518000096],[93.94250825000012,19.542773971000223],[93.94564349500014,19.5420274830001],[93.94907733700019,19.53053158200005],[93.94713646899999,19.519334276000123],[93.94041808800023,19.49977631700005],[93.92668272500015,19.4842493860001],[93.92474185900016,19.477531004000106],[93.90309373500008,19.467378781000058],[93.90697546900009,19.46245196500003],[93.91727698899997,19.45483779800021],[93.92459256200016,19.453195527000133],[93.93489408300015,19.454389906000078],[93.95594501600011,19.445282765000183],[93.96176761500016,19.44692503600013],[93.96683206000006,19.457949037000155],[93.97012827000015,19.4605110990002],[93.97654806000021,19.46215337000015],[93.99088060900011,19.459615314000246],[93.99658669800017,19.453142606000075],[93.99088753900014,19.44766470000003],[93.99009026900008,19.435114348000024],[93.9845589580001,19.431421719000127],[93.97614373400013,19.419336758000235],[93.96695794400019,19.431208009000052],[93.94510354400012,19.44518124500017],[93.93048562300005,19.444883699000016],[93.91559313200021,19.448828096000017],[93.90250490599993,19.460775728000183],[93.88459108700006,19.471990937000047],[93.87627504700015,19.473410005000236],[93.8713006820002,19.472441072000112],[93.86182879100018,19.464605683000052],[93.85807131300011,19.440843934],[93.85569426800015,19.444259864000017],[93.85467379700003,19.441963601000168],[93.85621984700005,19.440072742000186],[93.85760368600006,19.430369697000124],[93.86294319000007,19.41973284200014],[93.85446365700005,19.412790334],[93.84853390000012,19.398409349000033],[93.8418627120001,19.394554573000107],[93.83845304700014,19.389513794000035],[93.8394908320001,19.387586476000088],[93.84350295600007,19.386502462000077],[93.85787048000009,19.385166102],[93.85667513300007,19.387243624000128],[93.8608877340002,19.386345995000017],[93.86708124300026,19.381412182000258],[93.8675011420001,19.378262939000017],[93.86897078600016,19.37794801600021],[93.86855089000005,19.366505769000117],[93.88125283200016,19.359577436],[93.88744634100021,19.353069003000066],[93.88713141700009,19.344671026000196],[93.88009810900007,19.330604413000255],[93.87925831000014,19.32199648499998],[93.88062298400007,19.320841761],[93.89678909300017,19.327140246000244],[93.90434727300004,19.3282949670001],[93.90980595900017,19.331444209000093],[93.91295520100016,19.33606309800008],[93.91075073100018,19.367555517000135],[93.91201042700017,19.378262939000045],[93.91400494900013,19.38015248600013],[93.91578951700016,19.378997763000104],[93.9141099220002,19.374903749000094],[93.91379499800007,19.360522211000124],[93.91746911200019,19.34236158000004],[93.9141099220002,19.331024309000178],[93.90371742300016,19.322836281000033],[93.88828613800014,19.31842734300006],[93.8810428810001,19.314543277000038],[93.87852348899997,19.310764186000096],[93.87904836200018,19.306880121000194],[93.88230257999993,19.30488560099996],[93.88849608900017,19.291763759],[93.8920652280002,19.29102893900013],[93.90445224600012,19.296382649000098],[93.91442484600017,19.305725400000124],[93.92040840600016,19.312338809000117],[93.93426507200019,19.33742777000003],[93.94045858100009,19.34372625200013],[93.94807137700009,19.349878750000155],[93.96676339400011,19.359640562000113],[93.96827352600015,19.363724999000127],[93.96724481800015,19.37887181200008],[93.96911454300023,19.38859573000024],[93.9755655270002,19.397852229000094],[93.98182961800019,19.401405286],[93.98678487600023,19.399722382],[94.0016527750002,19.390758692000205],[94.01069726299994,19.38092657099997],[94.00933796300014,19.380897131],[94.01633933700015,19.375402609000158],[94.02540763600001,19.373269883999978],[94.02821461300023,19.37646699800019],[94.0293478660001,19.395894289000072],[94.03309795800006,19.399556402],[94.03926198000005,19.40099441600011],[94.04498123800005,19.400167427000174],[94.04995456600017,19.385789630999973],[94.05332389000023,19.383127024999983],[94.06044543800004,19.38412615400014],[94.06512659700023,19.389154070000085],[94.07223617700015,19.39105411400011],[94.07369443400012,19.38881799600016],[94.07377459900006,19.383401483000114],[94.07216788900018,19.38184465800016]]]]},"id":"Ann"},{"type":"Feature","properties":{"shapeName":"Pauktaw","shapeISO":"","shapeID":"66882298B72213195308331","shapeGroup":"MMR","shapeType":"ADM3"},"geometry":{"type":"MultiPolygon","coordinates":[[[[93.13487318300008,20.060598533000018],[93.13038536800008,20.064421525000107],[93.13055167600021,20.05910248700002],[93.12107756700011,20.057772577000147],[93.11808582000009,20.052952147999967],[93.12822504400005,20.039156037000073],[93.1395279760002,20.012893438000052],[93.14185512600018,20.003252709000073],[93.14254694300014,19.990787084000033],[93.1561826420001,19.97995498600018],[93.15860393300017,19.973838035000213],[93.15694725900005,19.967593649000115],[93.16013317000011,19.96606441300003],[93.1700732130002,19.940449688000133],[93.17988582000004,19.92770604300008],[93.17950351200022,19.923628077000018],[93.1769547830001,19.919804982000127],[93.18434609700006,19.90910032300003],[93.18829662400016,19.907698522000143],[93.20537310800017,19.874310171000058],[93.20320668999994,19.871888880000025],[93.20511823700014,19.865134748000028],[93.21168665500022,19.859686090000217],[93.21159128900013,19.855089379000145],[93.22155753700014,19.832765890000015],[93.22232215600009,19.825119703000045],[93.22079292000024,19.81900275500018],[93.22665499500005,19.81492478700008],[93.23850658500011,19.817346081000213],[93.24678995400006,19.816326588000162],[93.24908380900025,19.817983262000087],[93.24666251800016,19.82511970300006],[93.23748709200004,19.832001271000085],[93.23162501700024,19.841559005000097],[93.232517072,19.844490042000018],[93.22329096400011,19.85170192699997],[93.22512575800005,19.859145234999986],[93.22079292000024,19.86577192900025],[93.2104705660002,19.894700003000175],[93.20027565200007,19.90655159400006],[93.19008073600014,19.92732373399997],[93.18804175400004,19.929617590000117],[93.18689482300013,19.92821578900017],[93.18409122400023,19.93344068200005],[93.18472840500004,19.940322250000087],[93.16777935700013,19.97422034400016],[93.16739704800024,19.98390551600016],[93.15720213200007,19.997031470000152],[93.15834905999992,20.000599689000087],[93.1522321120001,20.014872570000033],[93.15332344800017,20.02403040200014],[93.13487318300008,20.060598533000018]]],[[[93.11692225900003,20.056442755000027],[93.11852410900002,20.058714060000145],[93.12573146800014,20.06109705100006],[93.1280582830002,20.070072976000127],[93.12589744700013,20.073896004000076],[93.12240697100016,20.074394611000024],[93.11326547500018,20.062260400000152],[93.11359800500014,20.056276481],[93.11692225900003,20.056442755000027]]],[[[93.17160660800016,20.03799318000007],[93.17675907100006,20.04630426200012],[93.17941829400009,20.056609950000116],[93.16263059700009,20.067580216000064],[93.14767133600022,20.073563905000032],[93.13852950100012,20.080877446000052],[93.13354308699996,20.08253956900017],[93.12822429100012,20.08170838500016],[93.12972033900024,20.074062283999986],[93.13237981800012,20.06990682300012],[93.15448657500019,20.04430927600018],[93.16529052600016,20.03766063899996],[93.16961207700007,20.036663386000015],[93.17160660800016,20.03799318000007]]],[[[92.93701188800014,20.104922237999972],[92.93139261800007,20.10217597600012],[92.92792208800019,20.102248496000108],[92.92150581800026,20.096901193000246],[92.91393382300015,20.067768136],[92.91495331600002,20.06483709900006],[92.9120222790001,20.063052986000123],[92.91367895299999,20.058847586000038],[92.92336412300007,20.050309343999963],[92.92565797800023,20.04979959800013],[92.92642259500013,20.047123431000138],[92.92230880099993,20.042359745000116],[92.92247206500014,20.039859555000024],[92.92616772200013,20.038075445],[92.93585289400018,20.017685612999983],[92.94579293500004,20.005451714000174],[92.95340495800008,19.986200475999976],[92.99129253000018,19.92328085800014],[93.00211984600018,19.914207219],[93.01346168700007,19.897767917000134],[93.01409887200015,19.893180205000135],[93.00849166700011,19.8843870900001],[93.01205988600003,19.86807522600015],[93.02238224000018,19.84182331900024],[93.02378404100011,19.822835288000075],[93.02544071600012,19.821433487000053],[93.02696995200019,19.825511452],[93.02747969800009,19.84309768200007],[93.03359664599992,19.873300119000145],[93.031812537,19.882730416000207],[93.02100902299998,19.910528325000055],[93.01499092600004,19.93574397900004],[93.0072173010002,19.94568402199998],[92.99867906000007,19.965691543000098],[92.9912238670001,19.978510045000068],[92.98254161600016,19.98838629500011],[92.98098163000004,19.995488984000097],[92.9760464900001,20.004930145000102],[92.9736402360001,20.011614113000128],[92.97625024800011,20.023165380000155],[92.97283783400019,20.03166611400002],[92.96856015300018,20.037280613000203],[92.96337276200008,20.050737522000063],[92.9621432650002,20.066957491],[92.95920229199992,20.074978250000257],[92.94690418100015,20.08192942000004],[92.94743868100016,20.09315855400016],[92.93701188800014,20.104922237999972]]],[[[92.99467178700009,20.12289816000017],[92.98137465500014,20.12904809300016],[92.97007214800016,20.132372320000183],[92.96973976800018,20.12971279400002],[92.97241928500011,20.125359970000094],[92.97417596700011,20.116777567999975],[92.97981059900025,20.111087088999987],[92.97955572900008,20.10433295600008],[92.98427087600004,20.095794714000267],[92.98355849000012,20.090127846],[92.97551046700005,20.08059306000015],[92.9760452810001,20.073909064000095],[92.98108496500015,20.066994078000132],[92.98955194200005,20.059576691000206],[93.00400841700025,20.05275644700005],[93.0083563650001,20.043418336000098],[93.01217945700007,20.041889097000112],[93.01829640800018,20.035772149000024],[93.0286187590001,20.029272889],[93.04257054200008,20.00976145099998],[93.0432739510001,20.006971513000057],[93.0403429110001,20.005569712000153],[93.04327395100013,20.003020983000074],[93.04493062300024,19.998178398],[93.04786166300012,19.983268332000208],[93.04658729700019,19.972945981000144],[93.04951833700005,19.967975961000104],[93.0473519170002,19.96198644499997],[93.04900859100012,19.957016425000177],[93.05589015900021,19.94975254600022],[93.0590760690002,19.948987930000158],[93.06990816700012,19.93522479200007],[93.07373126200014,19.925794495000012],[93.07997564800007,19.91916780100009],[93.08418104800025,19.907698522000143],[93.0974344400001,19.88654407000009],[93.09972829600014,19.885524580000098],[93.10176727800014,19.87634915400009],[93.10508062700006,19.874947353000042],[93.10660986300014,19.868957840000142],[93.11056039299996,19.86373294700017],[93.11247194100002,19.865134748],[93.11769683400009,19.859654981],[93.12050043600004,19.85366546900009],[93.11948094300016,19.8514990480001],[93.12368634699993,19.847421082999986],[93.12763687700016,19.840412077000014],[93.1305679140001,19.841304132],[93.13082278700018,19.843980299000012],[93.13477331700018,19.843725426],[93.13719461100017,19.839392584000137],[93.13668486500006,19.83633411200004],[93.13222458800006,19.83671642000004],[93.13235202600009,19.83008972600009],[93.13515562900017,19.824737395000174],[93.14178232300009,19.819512501000112],[93.1450956720001,19.82244353900012],[93.14879132800016,19.821678919000096],[93.15363391299998,19.81785582700012],[93.16344651800017,19.803328073],[93.17083783200013,19.788672880000032],[93.17249450600009,19.789310061999984],[93.15847649800021,19.816963772000136],[93.15567289600023,19.818365573000015],[93.15159492800012,19.827286124000143],[93.13945154000011,19.842794565000155],[93.13617511900014,19.849205192000223],[93.13286177300013,19.85990985500018],[93.13719461100017,19.862458584000112],[93.11909863500019,19.893553075000053],[93.11463835800015,19.90642415600002],[93.11718708799998,19.911394179000123],[93.11604016000014,19.917511127000136],[93.10522226200015,19.93667426700011],[93.10635499000011,19.941596616000027],[93.10610011700004,19.95739873300002],[93.10482575400006,19.96134926299999],[93.11043295800015,19.97536727199998],[93.11948094300016,19.984670133000144],[93.13044047900014,19.988493227999967],[93.13732204600012,19.99295350200011],[93.13897872100011,19.99907045200015],[93.12080077300011,20.044336450000195],[93.10041164500014,20.0645041710001],[93.09464945500015,20.072704271000156],[93.08426105100018,20.09115152500021],[93.07628244300015,20.113591110000108],[93.06896893300018,20.121902000000148],[93.0629852080001,20.125558748],[93.05716773500025,20.126888417],[93.04835844100018,20.127719378000105],[93.03921676400005,20.12622325400015],[93.01893874900016,20.129214901000147],[93.00846741500006,20.124893015999984],[92.99467178700009,20.12289816000017]]],[[[93.11309921100009,20.06525235800008],[93.12190828400021,20.077054122999982],[93.12601768800023,20.080299901000114],[93.10844423800013,20.123595531999964],[93.10736377700017,20.142680095000095],[93.10088134500006,20.150159897000083],[93.09439901600014,20.151821995000137],[93.08076971900016,20.14301211900006],[93.06780540500002,20.12672234800005],[93.0775287310002,20.118109791],[93.08417747600011,20.104812289000062],[93.08866550500012,20.088689012000152],[93.09880476600011,20.072732043000162],[93.1042899110002,20.065917104],[93.10761419900011,20.06408873700016],[93.11041452900015,20.062933594000018],[93.11309921100009,20.06525235800008]]],[[[93.06664188600016,20.128384532000037],[93.0771130540002,20.14201473900011],[93.09290307600016,20.15365039],[93.08714061400013,20.16275229300017],[93.08608804800008,20.1699398550002],[93.08409344500018,20.17276556400008],[93.08160024100013,20.173430404000023],[93.07960570500012,20.17226683200007],[93.07412086200004,20.162127324000057],[93.05766620100009,20.138856258],[93.05633661800012,20.132041213000033],[93.05799879700004,20.129215499],[93.06418376600016,20.127191687000067],[93.06664188600016,20.128384532000037]]],[[[93.17883449100022,20.189555271000263],[93.17501151000018,20.194375591000114],[93.15839032400015,20.189056286000113],[93.15091076400017,20.188058850000175],[93.11567366100007,20.18722719400013],[93.09373354800012,20.18839039000023],[93.08808233600008,20.187060541000044],[93.08442578600024,20.179580581000046],[93.08957868000006,20.162626215000053],[93.09473142900015,20.153982853000066],[93.10287588100012,20.151157247000203],[93.10944118500011,20.14187975900013],[93.11160212600011,20.13190658900008],[93.11043873500024,20.12625508800009],[93.12789182200022,20.084201681000046],[93.13709588200004,20.083246056000068],[93.14295494100016,20.08000485600012],[93.1491880290002,20.074021032000086],[93.16445893600014,20.06824512300012],[93.18074797300007,20.05810595100002],[93.1834073770002,20.058105993000048],[93.18573434000008,20.05910334900015],[93.19114373900011,20.066695258999967],[93.19139285500012,20.078164449],[93.19513237700005,20.093373646],[93.19799948300016,20.097113644000178],[93.20435702900024,20.102599006000155],[93.23082498300012,20.113767773000145],[93.23340249100022,20.116811275000206],[93.23078449800022,20.124665134],[93.22239910400009,20.13254226700008],[93.21944018600023,20.138876783000164],[93.21894137900006,20.148351321000025],[93.22293030300006,20.15869858300016],[93.22031233000007,20.1656797860002],[93.21707114200012,20.16779904100014],[93.20228130600015,20.16405868700008],[93.19595482100011,20.16645095000002],[93.17883449100022,20.189555271000263]]],[[[92.97100464900014,20.175236164000108],[92.97431289600019,20.186064300000186],[92.97551573800007,20.198997864000056],[92.97386112700018,20.220804398000045],[92.97807159000014,20.236445028000105],[92.97701887600009,20.238249690000046],[92.96619143800025,20.22832377800011],[92.95220611100008,20.209073635],[92.94483744000014,20.20215557700011],[92.94438633200012,20.19974933100013],[92.94882990100018,20.19129510100002],[92.949950819,20.18410884300012],[92.95295983600022,20.180416797000113],[92.96844814100014,20.17493534000007],[92.97100464900014,20.175236164000108]]],[[[93.22273078600018,20.392292351000098],[93.20618846800011,20.388100147000014],[93.19490965800021,20.39065659900012],[93.19791744500009,20.384039484000063],[93.19671442000015,20.381783614000113],[93.1943082960002,20.381031627000077],[93.18739058300027,20.38509204800004],[93.1830294440001,20.38599431900019],[93.17791640400016,20.386144628000128],[93.17235224800005,20.38418946800017],[93.1652843510001,20.377121023000033],[93.16182566100008,20.369751858000058],[93.15566002200025,20.365089670000113],[93.14994540900018,20.36734542900012],[93.14347877900015,20.375165607000255],[93.12588386399995,20.377872349000025],[93.12192518900008,20.382666823],[93.12116070600014,20.381237725000144],[93.11102176200023,20.379242922],[93.09323699600026,20.379076420000086],[93.08841686200006,20.377081703000194],[93.08609002099996,20.36926932500018],[93.0816023950001,20.36262045400011],[93.07013391100014,20.351317311000205],[93.03506340800014,20.33170279600024],[93.0360609250002,20.315579468000088],[93.03190600300013,20.292973479000114],[93.01960658000023,20.274689082000013],[93.01528515100019,20.271530833000142],[93.01428799800016,20.264383355000085],[93.01029900100009,20.25823315300012],[92.99667032100007,20.214018412000073],[92.995747666,20.19291524900008],[92.99234348400005,20.17542379500004],[92.99350720000007,20.16245865000016],[92.9915127870002,20.154480056000086],[92.99201163800018,20.142345998000074],[93.0025319900002,20.137252899000075],[93.01636920600004,20.13737777900013],[93.03382129800026,20.15171453100012],[93.06149547800011,20.166300774000053],[93.07047083300013,20.174528807000073],[93.07695293400006,20.185873425000104],[93.08418305800018,20.193478107000093],[93.12220374200012,20.221528340000102],[93.12918462200028,20.22489440600009],[93.13304908400005,20.2250191280001],[93.14114306800008,20.220906124000127],[93.1461381690001,20.234867873000116],[93.14987785800015,20.240602524],[93.160099774,20.25032655800006],[93.16259283600004,20.257557170999966],[93.17206689800025,20.262045259000235],[93.18054361800012,20.269525296],[93.18868333300009,20.269514681999958],[93.1899681350002,20.270851081000174],[93.18777370600026,20.279623274000098],[93.18739954300008,20.289970467000103],[93.1979955460001,20.293461257000107],[93.2097135470002,20.293586107000117],[93.21170808000012,20.29483279000016],[93.21491346700004,20.304636287000125],[93.21692662100016,20.306647990000037],[93.2166460520001,20.31132292700004],[93.21458903800011,20.31861579800014],[93.20608092600008,20.32385159500018],[93.20839574600014,20.324872927999976],[93.20716682800027,20.329951392999988],[93.20983493,20.351522739000135],[93.2211756760001,20.37231587700019],[93.2229545420002,20.37987697900013],[93.22273078600018,20.392292351000098]]]]},"id":"Pauktaw"},{"type":"Feature","properties":{"shapeName":"Rathedaung","shapeISO":"","shapeID":"66882298B77467059166323","shapeGroup":"MMR","shapeType":"ADM3"},"geometry":{"type":"MultiPolygon","coordinates":[[[[92.7484132960002,20.3420441290001],[92.75124856200011,20.35125188300009],[92.75683390500012,20.390319454000064],[92.75668339800018,20.397387782000123],[92.75307398300009,20.409569314000123],[92.74961526200013,20.40385444000009],[92.73999133600023,20.368963813999983],[92.73908943999999,20.346706075000043],[92.74179643999997,20.341141688],[92.74690957500019,20.335577337000075],[92.7484132960002,20.3420441290001]]],[[[92.83424924300016,20.44527143600004],[92.82511341000014,20.447414352000067],[92.82432382600018,20.451474867],[92.8181203170002,20.462302848000036],[92.80526235000008,20.47267955600006],[92.80029958799997,20.478770272000247],[92.79254033000012,20.469791328000042],[92.78126160900013,20.467836082000247],[92.77750211500012,20.462572374000104],[92.77855489000012,20.457459131000064],[92.79163838700003,20.449639058000116],[92.79208960900007,20.44557853700013],[92.78502164300022,20.44242023500027],[92.77284060300008,20.441367315000036],[92.75870451100019,20.44422450200011],[92.76727792000014,20.40384511600007],[92.76848889900009,20.391048506000118],[92.76498528500008,20.362516685000116],[92.76418420000016,20.33334950900013],[92.76469429100018,20.32596150100011],[92.7711234580002,20.310283443],[92.76943176400022,20.30340307400013],[92.7708981830001,20.29313897700007],[92.77495865100019,20.286597076000135],[92.78589904900014,20.286484453000128],[92.78894440600016,20.2812960440001],[92.7926664260001,20.279604216999985],[92.80292996300011,20.2872742670001],[92.81274244300022,20.289530268000192],[92.83035012400018,20.28860311],[92.8594361820002,20.308141762],[92.86570092300008,20.320417686000155],[92.86642873300008,20.324609572999975],[92.86236819800013,20.33498642000012],[92.8385694330002,20.36803425400018],[92.83081933200009,20.38165120600013],[92.83075791100009,20.392491468],[92.8383353710002,20.404503283999986],[92.84634323000006,20.407887185999982],[92.86177008400017,20.407348005000244],[92.85962705700007,20.410870126000248],[92.84022752500005,20.414591973000086],[92.83819729100014,20.417862924000133],[92.83673086900012,20.428239811000083],[92.84011430900011,20.4388423580001],[92.83932474200009,20.441887742000176],[92.83424924300016,20.44527143600004]]],[[[92.79509669900017,20.477310875000057],[92.80547295200012,20.488439899000355],[92.80577367800015,20.490695752000022],[92.80517202200008,20.497613682000065],[92.80216426200008,20.50287728400002],[92.7949457700002,20.507689650000145],[92.78787788400018,20.500170039000125],[92.77193733900015,20.49460536099997],[92.77028315300004,20.49280065400012],[92.7717871500002,20.483626890000096],[92.7710353010001,20.47971674000007],[92.76697502000013,20.475806536000164],[92.76411776100008,20.474302593000175],[92.75389163300002,20.477310230000057],[92.75223742800023,20.476558254],[92.75954553100013,20.45757131300013],[92.75915560200013,20.447081922000052],[92.76938172700005,20.444074282000088],[92.78366815499993,20.44407450700004],[92.7893826930001,20.445879275000152],[92.7896834080002,20.44873669200001],[92.78096109400025,20.45294747200029],[92.77675027200019,20.45745910900007],[92.77629898100002,20.465429772000107],[92.7808103980002,20.470242322000217],[92.79118681200003,20.472648723000134],[92.79509669900017,20.477310875000057]]],[[[92.72287787000016,20.570855387000165],[92.71272069000014,20.601715455000203],[92.7038981180001,20.6094687530001],[92.69694702500004,20.61160752400008],[92.69809842600017,20.603880230000016],[92.69587789300004,20.597170069000015],[92.69604512100017,20.589550314000235],[92.71409138500013,20.57210536400015],[92.71839457200014,20.570432343],[92.72287787000016,20.570855387000165]]],[[[92.59408502900004,20.58669439500005],[92.59361348800024,20.58450509800025],[92.59596575800015,20.581184246000078],[92.59790292299994,20.577033181000104],[92.60648126300009,20.567640499999982],[92.60796158800008,20.565870452000127],[92.6099335670001,20.563661478000142],[92.61589212800004,20.555230544000096],[92.61904705500007,20.544027294000045],[92.61970713000005,20.53682877300014],[92.62085048800014,20.53366079700021],[92.62134738300017,20.528749329000107],[92.62821712700014,20.522138714],[92.63358135400011,20.513745213000163],[92.63369225105703,20.5136946490137],[92.63493540980289,20.510608714835143],[92.63770081600012,20.506570620000105],[92.64532843198248,20.49429760399005],[92.64732863200021,20.485238366999965],[92.64800062910791,20.479692392119716],[92.64855930096087,20.478772379990687],[92.6543862260001,20.470869084000014],[92.65546588600006,20.46593292199998],[92.65168546700016,20.464047883999967],[92.6478366270004,20.464864253000314],[92.64047820000002,20.452977663000183],[92.63713233300024,20.452901359000123],[92.63689652300008,20.451347532000398],[92.6290832970002,20.449567434000016],[92.62757494300013,20.448076669999978],[92.65023110100009,20.41168830700002],[92.66942915600004,20.37066204900009],[92.67231844100007,20.360992275000115],[92.69939265000016,20.310735060000127],[92.70991532500011,20.301889595000034],[92.71382542800006,20.29406937400006],[92.72059276800007,20.28910661000009],[92.72600676600007,20.278128223000067],[92.73518030100013,20.269706527000153],[92.74031136100012,20.26793907000001],[92.74465445800018,20.269405894999977],[92.74570711600006,20.270759421000207],[92.74480460000018,20.28324178000014],[92.73262326800022,20.298731759000077],[92.73072670500005,20.30690128700013],[92.73337401300006,20.367911159000016],[92.7311181290001,20.377235290000158],[92.73262181000007,20.38595793200011],[92.73886940700021,20.3969025400001],[92.74675750000011,20.406561579000027],[92.74681025600006,20.426951879000114],[92.74400290700004,20.437824472999978],[92.73098442800017,20.46625373700016],[92.72127722400006,20.49878218599997],[92.72448495500015,20.524181430000056],[92.72448462700015,20.542896624000093],[92.73224249200013,20.55612190100004],[92.73224249200013,20.558543192000116],[92.72341490200017,20.561611798],[92.71138409100013,20.569365048000066],[92.69384083400013,20.586641937000195],[92.69248232000018,20.59218641600006],[92.69454058799994,20.60759724600007],[92.68571792400024,20.61722206200011],[92.67979721400006,20.622146604],[92.67499721800002,20.622693057000085],[92.67207858500002,20.620747149000106],[92.66943786300003,20.621998018000042],[92.66520847400002,20.62974367700001],[92.66248849200012,20.63061530700001],[92.65762409800007,20.627696437000086],[92.6535891360001,20.634241188],[92.64384605300005,20.634241188],[92.64084771200004,20.635366329000092],[92.6385974300001,20.63836467100002],[92.63709825999996,20.634992300000135],[92.64346897200002,20.627870476000098],[92.64272091200004,20.624498103000043],[92.63822340100006,20.621873791000098],[92.63822340100006,20.617376279000155],[92.63447394800006,20.615503079000085],[92.63297783000009,20.618127391000062],[92.62885434700006,20.618127391000062],[92.61948529199998,20.622624903000087],[92.61717979600009,20.621580234000113],[92.61162056900011,20.613657704000076],[92.60550521100002,20.616576401000074],[92.60328147800006,20.615742426000082],[92.60425446400009,20.61032182400002],[92.6068952250001,20.606847107000114],[92.60175292300006,20.600453477000013],[92.6088412300001,20.594060036000016],[92.61050908900006,20.591280258000054],[92.61078711400006,20.588083486000052],[92.60953631399997,20.584886692],[92.60731259500008,20.583218772000066],[92.60508885300004,20.582940759000067],[92.60036332300011,20.586693419000056],[92.59786159300006,20.587110355000092],[92.59645238300008,20.585450907000013],[92.59500638500008,20.585870223000068],[92.59408502900004,20.58669439500005]]],[[[92.64235713299996,20.73240217400013],[92.64076295000018,20.712490301000116],[92.63760505400018,20.704345477000174],[92.65904698500015,20.6765870910001],[92.67757872400023,20.647589222000192],[92.6854756780001,20.627053974000034],[92.68865857200018,20.62283670300002],[92.7073731210001,20.6132120420001],[92.717532458,20.600646287000018],[92.72714899000005,20.582482664999986],[92.73196127800014,20.581279619999975],[92.74241761400003,20.581937743000026],[92.74578153400023,20.58323528300025],[92.74935394800019,20.588536206000015],[92.74757729200013,20.60274802500021],[92.73150500500014,20.60604695100011],[92.72659867800019,20.61078415200012],[92.7262197660001,20.616659657000014],[92.72998233800018,20.608500162000155],[92.74444736999993,20.606047159000127],[92.74986124000009,20.602325093000047],[92.75079200900007,20.58879000100012],[92.74791603200009,20.58278375800012],[92.73666554700009,20.57872305100011],[92.72710679200014,20.579230468000105],[92.74072631000007,20.555882641000153],[92.74487132299993,20.551991366000152],[92.73903257800009,20.528942063999978],[92.73531316300011,20.519845356000133],[92.7490175320001,20.48177810699997],[92.75269376500006,20.479078788000038],[92.75945521699992,20.47791210000014],[92.76742553200012,20.4788145630003],[92.76983159699995,20.482724739],[92.76817719200011,20.49385356800002],[92.77028251900015,20.496109449000073],[92.785621542,20.500922171000013],[92.79249775500006,20.509371036000175],[92.79678784800024,20.510469931000216],[92.80571244900011,20.501780224000015],[92.8080811480001,20.493546403000096],[92.80819399300009,20.49027542400006],[92.8031186780002,20.483282209000095],[92.80706643100007,20.472566986000174],[92.81969880400015,20.463318201000106],[92.82793256600019,20.44865530500033],[92.83706840200006,20.446174013000018],[92.84157999200016,20.44132400600006],[92.8424823410001,20.438617],[92.83819666000016,20.424630665000052],[92.83853509099998,20.42079572400013],[92.84135485600018,20.416509656000073],[92.84507687900003,20.41470503300002],[92.85816025100002,20.413915691000113],[92.86481482600004,20.407825],[92.86671614300008,20.40842840800019],[92.86711711400011,20.411436212000012],[92.86591447500007,20.41685003700009],[92.85348260400005,20.426474803000104],[92.86029978100002,20.438105069000056],[92.84586264000008,20.456753200000065],[92.85027381100011,20.461164710000034],[92.84165148500009,20.47981293600005],[92.84365659100013,20.480815563000135],[92.84786733700004,20.480214068000024],[92.85508569100008,20.48322198300012],[92.85769227700001,20.48663086400012],[92.85789262600007,20.495654266],[92.85628842700002,20.501870360000062],[92.84906982900006,20.512698323000066],[92.84851967300001,20.517453689000064],[92.84994568200005,20.52162985200001],[92.84888527900007,20.52613656000004],[92.84172756499999,20.537270782000064],[92.84172756499999,20.54151239000015],[92.83934166100002,20.547344599000027],[92.83165374600011,20.55609291700009],[92.8062041000001,20.59877409800006],[92.8062041000001,20.60540161000006],[92.79478614800004,20.641225516000116],[92.79041080900004,20.6438380930001],[92.78481932500006,20.641322727000077],[92.77951731500012,20.65228021400005],[92.78093118400004,20.657935693000095],[92.78285368700004,20.659074953000033],[92.78388498400001,20.67115687500005],[92.77881038000007,20.675255590000074],[92.77598264200005,20.685506143000087],[92.776445751,20.70451797000008],[92.77335913100005,20.71426585700007],[92.7725203130001,20.74216751600002],[92.76951816600004,20.747059924000077],[92.76962930000009,20.750062115000055],[92.7690733410001,20.75117402700004],[92.76362515900006,20.751285135000085],[92.7579545670001,20.753286501000034],[92.7495044290001,20.747615565000043],[92.74060944700007,20.747393040000105],[92.7331599610001,20.743501199000058],[92.72982433400006,20.743945913000083],[92.72504316200006,20.749950218000034],[92.7222634540001,20.75128448100003],[92.71859428800009,20.750394884000055],[92.71870550400006,20.74883819500004],[92.72304183400011,20.747392768000083],[92.72370900700007,20.744724165],[92.71381331300002,20.745835929000055],[92.71336846900007,20.751173145000056],[92.70747556900001,20.74950517000007],[92.70358399200008,20.74961630600003],[92.70013727800008,20.743278307],[92.69524506500005,20.741610348],[92.69523475100009,20.73707076100002],[92.69414672900004,20.738683612000063],[92.69127366500008,20.739051308000022],[92.689397415,20.737070670000012],[92.68522787400008,20.737800300000075],[92.68376856000003,20.736757853000064],[92.68793816600005,20.732275484000095],[92.6874169960001,20.731128803000075],[92.681266969,20.72977355300003],[92.67918213000007,20.73404747000007],[92.67709737200006,20.73373470800004],[92.67522123900008,20.725082537000027],[92.67636788900009,20.72341467300005],[92.68168404100004,20.72299778700002],[92.67866120000004,20.719453487000038],[92.68460275800004,20.720287523000035],[92.68449856600003,20.717681454000058],[92.68877236000007,20.716117882],[92.68397745200008,20.7134074960001],[92.68429022500003,20.710175979000066],[92.69096111000006,20.71038472100002],[92.69419289900013,20.707361582],[92.69044038800006,20.703817271000013],[92.69075324900001,20.695582105000028],[92.69775908300005,20.690065376],[92.70446202100007,20.69021399700006],[92.70701467600007,20.680154445000042],[92.70565963999996,20.676922904000037],[92.703157951,20.675254981000023],[92.70007858400002,20.673883527000058],[92.69794605400007,20.674629443000047],[92.68981754000004,20.681775530000056],[92.68575003300002,20.68348987500006],[92.68168453300008,20.69537347700001],[92.67167769000007,20.694435136],[92.67720203900011,20.709654654000097],[92.67240707300003,20.71038427600007],[92.67045021100003,20.708848835000037],[92.66750789800003,20.709341774000055],[92.66594429000007,20.71132236000006],[92.6644849040001,20.714241132000065],[92.66521446500008,20.72018297300009],[92.66365085100001,20.722476287000035],[92.6645889650001,20.724144187000014],[92.66813306200007,20.72424848400003],[92.66917539000006,20.727167295000037],[92.66271251199993,20.733421753000073],[92.65887642900005,20.73068419800006],[92.65596931700003,20.731973217000075],[92.64235713299996,20.73240217400013]]]]},"id":"Rathedaung"},{"type":"Feature","properties":{"shapeName":"Sittwe","shapeISO":"","shapeID":"66882298B64895356281796","shapeGroup":"MMR","shapeType":"ADM3"},"geometry":{"type":"Polygon","coordinates":[[[92.91961409200007,20.246728440000016],[92.9194640300001,20.253306395],[92.92382506300007,20.258419724000042],[92.926290125,20.259297470000014],[92.9278853480001,20.261878759000073],[92.92713337400005,20.265036939],[92.92262185400007,20.265939210000038],[92.91780959600007,20.26473601500005],[92.91705760100002,20.269247705000048],[92.91074141000011,20.274060088000056],[92.90968862400005,20.279774892000034],[92.90653051400005,20.283083423000047],[92.90607908900009,20.28804306500007],[92.90079291600004,20.287187203000045],[92.89660519400003,20.283233662000043],[92.89329677400012,20.282180879000066],[92.89028908900004,20.283083173000026],[92.88863482000004,20.286090946000023],[92.89306449100009,20.29063578200001],[92.89518451100008,20.296129271000062],[92.89258413500004,20.297942250000055],[92.87407251800005,20.300904760000037],[92.86189147000009,20.30022781300007],[92.85021818900005,20.28669253000006],[92.84091804600006,20.279426664],[92.81294694600005,20.2666430780001],[92.79941247700002,20.26423662700003],[92.79730715500008,20.261529574000047],[92.79204376700007,20.259724812000023],[92.78767021500003,20.236416608000084],[92.79369749400011,20.225377134000077],[92.79280937900008,20.220364902000053],[92.800930184,20.21344944600003],[92.81095421900001,20.211863453000078],[92.812730656,20.20989666200006],[92.79832781200007,20.213103992000047],[92.79020698800005,20.219786823],[92.7898274790001,20.223093036],[92.7920678830001,20.22553927200008],[92.78623095900005,20.234590782000094],[92.78918660200009,20.253107603000075],[92.78753230200009,20.257920058],[92.78332167300003,20.251754002000077],[92.7774570320001,20.233707108999987],[92.77129143400003,20.226488291000088],[92.75986280400006,20.19701167000003],[92.77249522400007,20.18498066400005],[92.80813647200002,20.163926610000015],[92.82287423400005,20.153549926000046],[92.83043583900006,20.150737247000027],[92.83088703900009,20.14791744000004],[92.83641375400005,20.14092438900008],[92.85152751000001,20.12851744400008],[92.86652839900006,20.120622199],[92.89641723200002,20.113967902000084],[92.89585302600005,20.129420471000103],[92.90295841100007,20.142955685000018],[92.90397335600004,20.15118955600006],[92.908484731,20.158633934000058],[92.90949968700005,20.16619105000006],[92.91637954200006,20.177019242],[92.92200453600006,20.190829381000096],[92.91343253100011,20.199175895000042],[92.91134372200013,20.209994068000036],[92.9034083870001,20.21074400300009],[92.89280628500003,20.21446599200003],[92.88547509400007,20.214353085000013],[92.88479832000003,20.217060096000083],[92.88964812100004,20.220895115000047],[92.89009921200005,20.22427890000007],[92.88017369200011,20.236347545000054],[92.87882002400002,20.248641908000064],[92.88006058000008,20.254845517000074],[92.88389529200002,20.25856772900003],[92.8997983960001,20.255748164000064],[92.89618921400007,20.254507391000075],[92.88536157000001,20.256311900000078],[92.88333141100007,20.25540952900011],[92.88152687100008,20.251800141000075],[92.88107588000005,20.24266393800007],[92.8862643050001,20.23161035200005],[92.89291893000004,20.22269984600007],[92.89269340600002,20.219767238000074],[92.88694127100007,20.217849675000043],[92.88705410600008,20.21514265800006],[92.89607711000004,20.215481176],[92.90228048300011,20.212323082000093],[92.90904774000005,20.212323185000102],[92.91525095900002,20.218414076000023],[92.91570199500003,20.224956050000053],[92.91344615800008,20.229806093000068],[92.92133434700013,20.23172602000003],[92.92187336700005,20.23370464300005],[92.92187332800005,20.235988691000028],[92.91813009100012,20.24150841700003],[92.91961409200007,20.246728440000016]]]},"id":"Sittwe"},{"type":"Feature","properties":{"shapeName":"Minbya","shapeISO":"","shapeID":"66882298B24588945269730","shapeGroup":"MMR","shapeType":"ADM3"},"geometry":{"type":"MultiPolygon","coordinates":[[[[93.3008448630002,20.182079493000064],[93.30337327300009,20.20380983200013],[93.30197078500004,20.207549764000092],[93.29028399000005,20.205025109000054],[93.28673116400006,20.206521033000175],[93.28420672100022,20.211289431000186],[93.28383212200022,20.24616447500006],[93.27878328900016,20.252709312000235],[93.26354355400014,20.258132],[93.26466534499995,20.26635991000006],[93.26260842600004,20.268323352],[93.25428730500018,20.273372154000143],[93.24671422900009,20.27355903200015],[93.24119810600011,20.27000598900005],[93.25295274100006,20.254807428000127],[93.25290233700014,20.25143795400002],[93.24663675300009,20.24865719000016],[93.21987654300017,20.245498585000195],[93.2133942810001,20.243337621000098],[93.21156598600011,20.240844292000148],[93.20991553300001,20.22828506100007],[93.20609279100012,20.21964155700005],[93.19296218400018,20.208005945000096],[93.17900046300025,20.199196061],[93.17717218699994,20.195539191000154],[93.19346144700016,20.172767296000067],[93.1975455810001,20.16951956700017],[93.21557509100006,20.170292348000096],[93.21943955200017,20.169669083000144],[93.22243142100018,20.167425159000057],[93.22529872200016,20.160194632000188],[93.22466987700011,20.154122108000124],[93.22953716200006,20.155095684],[93.23680142500024,20.154206259000034],[93.23932152500022,20.162656914000053],[93.2422865260001,20.16250870700009],[93.24599271900009,20.165622148000033],[93.24451010900015,20.171848894999982],[93.24791979600008,20.17540710300007],[93.24717846700014,20.179854784000096],[93.25325674500016,20.178224058000023],[93.26126220500015,20.180299775999977],[93.26467199800011,20.177779469000118],[93.26482015200007,20.183264959999974],[93.26304109999997,20.18623006000021],[93.26704381300016,20.18815745700006],[93.26822977200011,20.19052957800011],[93.26986053400003,20.189788320999988],[93.27045358300016,20.186971459000187],[93.26941590900016,20.182672005000036],[93.27608727800009,20.175852318000068],[93.27416011800017,20.17081156900014],[93.27668046900011,20.165177865000175],[93.27238128500017,20.161471386000148],[93.27297437599991,20.156282421000085],[93.27371564900007,20.15509638200025],[93.28261065400022,20.15450349700011],[93.28483438400013,20.155689584000132],[93.28779924000014,20.16369547799996],[93.29447039200005,20.16903281400019],[93.3008448630002,20.182079493000064]]],[[[93.26608292800013,20.294866642000116],[93.26109650100011,20.296694987000144],[93.25893561500023,20.303343754000036],[93.2600990260001,20.307831714000073],[93.27289711700001,20.322791731000056],[93.26674721500015,20.324453834],[93.25477994900007,20.321129243],[93.2433113760002,20.314978919000023],[93.23932243200017,20.30583675300018],[93.2383253010002,20.297691953000044],[93.2295162960001,20.282233349000144],[93.22901774700011,20.277246738000095],[93.24015413500018,20.270431890000037],[93.2433121260001,20.273423901000246],[93.2516227440001,20.27475379500015],[93.25594429099993,20.27408898300017],[93.26550234800006,20.26717232900006],[93.26791173200006,20.267939028000168],[93.27173454299992,20.27259325100007],[93.27306380300013,20.2983573740001],[93.26857612700007,20.294534243000065],[93.26608292800013,20.294866642000116]]],[[[93.37941902200004,20.088827442000014],[93.38846218400005,20.093720048000034],[93.39142711500017,20.097426505],[93.39290947500007,20.10543237700002],[93.39587438400015,20.110769654000087],[93.41381239500011,20.124557784],[93.405050466,20.15714897200009],[93.40288924400005,20.182580613000138],[93.40022968800008,20.191057794000127],[93.39624049100019,20.196044333],[93.37528571200016,20.237190046000077],[93.36365035600006,20.262787752000143],[93.3588299140002,20.277747482000112],[93.35168271500011,20.28040688900018],[93.34420320800018,20.27641748900012],[93.33788706200022,20.279741788000084],[93.3315707430001,20.292540633000097],[93.33073959600019,20.297194781000076],[93.33954870400021,20.306835686999985],[93.32498655000023,20.310003611000134],[93.32259483800006,20.315146422000122],[93.3239242840001,20.32894271100005],[93.32342560500012,20.331103564000077],[93.32126483000013,20.331602190000073],[93.31129212500021,20.32794518900014],[93.29849372200006,20.328776084000204],[93.29217760400024,20.330604404000187],[93.28503047200026,20.32944075100006],[93.27971173900006,20.32511894400013],[93.27389445600005,20.315311871000016],[93.26608255600009,20.309660265000108],[93.26342326100007,20.30351007900007],[93.26375573200012,20.301016782999948],[93.27372850399996,20.300352066000134],[93.27671316200018,20.28095910000014],[93.27389529000011,20.270764881000176],[93.26558483300005,20.2604591070001],[93.26957398600014,20.25779964800008],[93.27655492700019,20.257799759000136],[93.28170757900018,20.254807879000055],[93.28569680400012,20.248159142000148],[93.28868880400023,20.238684643000074],[93.2893538410001,20.228212789000125],[93.29558414700014,20.223672682000096],[93.30573147500019,20.20465652900011],[93.30909758800004,20.187577471000054],[93.3080801940001,20.150551927000073],[93.3102550100001,20.141852937000056],[93.32041464200012,20.14041973600003],[93.33301583500014,20.14353331899997],[93.34443093400024,20.15183586100006],[93.34902677200017,20.146795216],[93.35540159000004,20.14294064800008],[93.35658771600009,20.13582436000015],[93.36118358700016,20.12900463600005],[93.3642970310002,20.118033711000148],[93.36741033900024,20.114623863000094],[93.36933769400008,20.108693636000115],[93.37141317000004,20.11002797500009],[93.37393352300013,20.104246014],[93.37215453699999,20.10350470500023],[93.37022725500003,20.10528375200007],[93.37126509900014,20.100094793000146],[93.37541611400015,20.099205321000106],[93.37763990300016,20.09683325300013],[93.37734350200009,20.091347760000193],[93.37941902200004,20.088827442000014]]],[[[93.69473599100019,20.249826497000186],[93.69626799600024,20.262019446000103],[93.7063806270002,20.269288476000114],[93.70985668900006,20.280349849000224],[93.71017259100007,20.28698664300011],[93.71507038700014,20.28941153400015],[93.7135480730001,20.294351505000016],[93.7051750300002,20.307756279000024],[93.70511790899997,20.310914728000125],[93.71019937400007,20.32092435700011],[93.7087155600002,20.323606526000063],[93.69995300000012,20.33204073000015],[93.69368560900018,20.334649533999983],[93.68349604800005,20.342607229000013],[93.68723106400017,20.34763121100004],[93.68760455900009,20.353502346],[93.69128549099999,20.361684756000106],[93.69335730800009,20.37931649500015],[93.70522098000009,20.384923727000057],[93.71717590600015,20.385564923000015],[93.71858728100018,20.38694187400019],[93.71866766500005,20.40905559800009],[93.71474224699996,20.41440770400006],[93.71605483200011,20.42119783400019],[93.71495992100023,20.428853510000216],[93.71910620700011,20.437944173000133],[93.71888535000022,20.450124571000018],[93.71738579900023,20.45371044600003],[93.7130107740002,20.457250487000074],[93.71294586100022,20.460859260000127],[93.70858156400016,20.463948937999973],[93.70185602100008,20.46519293000005],[93.69391763400013,20.480409338000168],[93.69477608100016,20.485837782999965],[93.70192484800003,20.487756897000207],[93.72995506800004,20.50039106900012],[93.7303365370001,20.50581187700012],[93.74221619200006,20.510965458000094],[93.74947585900003,20.50284085500012],[93.76478541300025,20.498267872000067],[93.77547609200008,20.49930750300022],[93.77831019400011,20.501607889000244],[93.78629078100005,20.51075919000009],[93.78902959000011,20.51847277299998],[93.78888500200019,20.52659413400008],[93.7796834580002,20.53231626100002],[93.77868433200013,20.534558840000017],[93.78151856100004,20.53685922600011],[93.78443341600014,20.545822604000094],[93.79130696300012,20.55235484800004],[93.78630196800016,20.564462371000054],[93.79833807500012,20.56604924],[93.80276234800016,20.569209685000104],[93.81066291600021,20.57079000400017],[93.82932862899992,20.57009652800002],[93.83404881300004,20.56288945800004],[93.84068539800018,20.557832972000153],[93.84732194200011,20.556252886],[93.85711831200011,20.577111516000034],[93.86029234100009,20.580949784],[93.85930322800006,20.585244845000016],[93.85520125200011,20.58831091200004],[93.861016895,20.59529465300003],[93.85103581900007,20.613868284],[93.84550851500008,20.615748815000078],[93.84759618100006,20.622459170000095],[93.8476365860001,20.63178584200005],[93.85206077800007,20.639370814000046],[93.85206068000005,20.6444274140001],[93.86054023900009,20.65000329600004],[93.86341557099996,20.650046228000143],[93.86613125300003,20.66331491800002],[93.85813177500003,20.670070087000013],[93.85582075300003,20.675225408000063],[93.84071063500002,20.68749136000003],[93.84106601900002,20.69513552300004],[93.85048720900008,20.709535136000067],[93.8503094000001,20.711846156000057],[93.84817617200008,20.715401543000066],[93.84657619300008,20.721267960000148],[93.84384309800004,20.727819474000086],[93.84142850600001,20.728685339000034],[93.83847976599992,20.73270211400012],[93.837026235,20.7335831820002],[93.83253267600007,20.731933994],[93.82879962000003,20.733356100000066],[93.83007227900008,20.747011252000046],[93.82761932900006,20.75013172100004],[93.82435523599992,20.74864434000007],[93.82311086700007,20.750066488000062],[93.82613259900006,20.763043826000093],[93.82328827800009,20.768732448000037],[93.82309564900005,20.774669205000084],[93.82140145300012,20.776209013000035],[93.8120890230001,20.776909735000103],[93.8063439140001,20.778682366000044],[93.800534428,20.77513183300008],[93.78123282400011,20.76835822700007],[93.77602183700007,20.764665583000074],[93.76302654600006,20.764820491000012],[93.76142662800002,20.767309260000054],[93.7664038710001,20.77424241400003],[93.76640375700008,20.780286629000088],[93.76427053500005,20.783664242000043],[93.76054172400002,20.798265292000018],[93.75129344800004,20.80232998800009],[93.74667142000007,20.81139623500008],[93.74453804500003,20.82277354600006],[93.74613766000004,20.836284171000074],[93.74364879200009,20.84588376400005],[93.73707139300005,20.854238893000087],[93.73493811600012,20.860460842000105],[93.72285004700004,20.8689936490001],[93.72053905800004,20.87254902900002],[93.72231658500004,20.878059962000094],[93.70809533600003,20.88783713100002],[93.70898403800001,20.893881359000076],[93.70365098600001,20.901880965000107],[93.69600710100003,20.905258484],[93.69582901400011,20.92019125700004],[93.68658535899993,20.917702315000152],[93.67669085200006,20.91964139300002],[93.67307532900006,20.918768715000024],[93.66792009699994,20.923746216000126],[93.66027245600007,20.924333365000013],[93.65598480100005,20.92245658999998],[93.64342371000008,20.923955930000048],[93.6428334570001,20.922480295000078],[93.63132351500006,20.917758268000085],[93.62896250000001,20.91510212800005],[93.62866737199994,20.907723958000282],[93.63132351500006,20.891196861],[93.62955275500009,20.884408946000054],[93.63165825500005,20.881382288000093],[93.6301399110001,20.867425759000046],[93.62735172599999,20.862413503],[93.61922331800004,20.859323174000032],[93.61568179800003,20.85401089100007],[93.60594261500005,20.852535259],[93.60033520500006,20.849583992000053],[93.5988595730001,20.846927849000018],[93.60417185300008,20.83571303400007],[93.60889388300008,20.830695879000082],[93.60973273400002,20.818838234000058],[93.60476210799999,20.811217515000077],[93.6035816,20.80177345700005],[93.60476210799999,20.797936810000035],[93.60092546100006,20.790263515000017],[93.6032864730001,20.782295092],[93.61007438800004,20.78140971200002],[93.61450129000005,20.779048700000068],[93.6162720500001,20.774916925000063],[93.6162720500001,20.767243630000042],[93.62099618200008,20.767549636000048],[93.62601123300009,20.756914193000075],[93.62955275500009,20.75278241800007],[93.62660148800006,20.742452983000103],[93.63212740500005,20.73705466500011],[93.63315366100005,20.733461304000066],[93.63278374900008,20.727590336000045],[93.63042220900009,20.725744241000065],[93.63082847500004,20.722356749],[93.62446606400005,20.721296349000017],[93.60483678700002,20.72441262300002],[93.59530500900007,20.722356749],[93.58072448200008,20.725803057000046],[93.57855011100013,20.729383402000078],[93.56373949100002,20.734189433],[93.55665644900007,20.729172278000107],[93.551344166,20.721498983000085],[93.55203819900005,20.711332431000095],[93.53558479900009,20.708088533000012],[93.51947047899995,20.70910366100003],[93.51474845200003,20.714120816000058],[93.51504357700011,20.716186703000105],[93.50914104200007,20.718547716000057],[93.50678002900011,20.72179411100008],[93.50413322200005,20.733064726000062],[93.50219122500003,20.734384586000076],[93.49733597200013,20.733304053000023],[93.49556521200007,20.734484561000087],[93.49442080300007,20.739213766000052],[93.49101828300009,20.741410939000037],[93.48818704500005,20.740387096000056],[93.48525690000008,20.743296607],[93.481104002,20.743928615000073],[93.477267355,20.741862731000026],[93.47617050300002,20.736104253000075],[93.47249017200006,20.73251144700008],[93.46575741300006,20.72858202600003],[93.45955975000001,20.72710639300006],[93.45572310300008,20.7338943080001],[93.45277183500005,20.735074813000075],[93.449452132,20.739757662000024],[93.43733761400004,20.73955734600006],[93.43506423000007,20.7338943080001],[93.428866568,20.73477968800008],[93.42528703700005,20.74250207200008],[93.42178352800006,20.743338363000085],[93.41174921800001,20.73802608000009],[93.40535996900009,20.73176636300007],[93.39641727900005,20.72348541000008],[93.39653793700008,20.717549857000055],[93.38961471100015,20.72533563100017],[93.38459755600024,20.725630758000143],[93.37721938900002,20.72238436300006],[93.37131685400004,20.713235436000236],[93.35715076900011,20.70880853299999],[93.35036285400021,20.70408650600015],[93.35036609000015,20.700993698000065],[93.34703946100014,20.699578747000118],[93.34425553000011,20.695016361000118],[93.34341954300011,20.689134793000157],[93.33731176300012,20.683159948000107],[93.33160593300016,20.680798905000042],[93.33192568600009,20.665464578000012],[93.32858862100011,20.664502500000026],[93.32645759000008,20.66837617200008],[93.32025992700024,20.671327439000077],[93.30993049200003,20.6689664240001],[93.30993049200005,20.664539522000055],[93.31580972000013,20.656710494000073],[93.31597378700013,20.64884001100007],[93.3116785590002,20.648186202000065],[93.31102318200004,20.644417787000233],[93.30840167899993,20.64146859300015],[93.30515873100023,20.63880663200005],[93.30371266100015,20.639230363000237],[93.30423902100019,20.63698382500013],[93.29922640800008,20.635570206000143],[93.29152573600011,20.628524911000092],[93.28972345100011,20.62262652300009],[93.28382506400015,20.618530421000052],[93.2839889080002,20.615253538000125],[93.27882781900014,20.611603457],[93.27067202500012,20.608981950000032],[93.26630284900011,20.60548661100013],[93.26193367300012,20.605486611000146],[93.26047728100019,20.60373893900018],[93.2604772810002,20.599369764000205],[93.25785577400012,20.5935441960001],[93.25348659800011,20.58888374300009],[93.25319532100025,20.567329140000044],[93.25639938200004,20.534123405000102],[93.27591503500015,20.514025195000066],[93.28261443700006,20.502956617000102],[93.28750741300007,20.497727584000096],[93.29305398800014,20.48429611400007],[93.28975879800011,20.481527245],[93.28032536000012,20.485065785000106],[93.27754580500012,20.477838244000242],[93.27287601100004,20.47350167200007],[93.274877442,20.47027712800024],[93.27621183900023,20.462160114000156],[93.2667609570002,20.459380156000137],[93.26531555700012,20.457378673],[93.26753938200022,20.45304220900007],[93.25908922700013,20.44803842000018],[93.25286298000022,20.434695246],[93.24797085000007,20.428246016],[93.23618510400013,20.421463099],[93.23196007100023,20.41645938000004],[93.22273078600018,20.392292351000098],[93.2229545420002,20.37987697900013],[93.2211756760001,20.37231587700019],[93.20983493,20.351522739000135],[93.20716682800027,20.329951392999988],[93.20839574600014,20.324872927999976],[93.21524344200009,20.321888264000027],[93.21954440800012,20.310294485000053],[93.2162300360002,20.29660172900005],[93.21373691600014,20.29244618800006],[93.21057890000016,20.290950158000058],[93.19079961700004,20.28862276200007],[93.19296067500017,20.272167010999965],[93.19163104500007,20.26817770800005],[93.18066102900013,20.26634911600007],[93.17301536400021,20.259367752000138],[93.16786280400021,20.2572068100002],[93.1647048240002,20.253716137000183],[93.16071586900011,20.245072633000103],[93.15140811700002,20.235764162000244],[93.14392884400019,20.21864337900009],[93.14043839000023,20.21764600100013],[93.13295875600006,20.22097028600015],[93.12996692800009,20.22080402000002],[93.12016061200019,20.207173818999976],[93.10270851900009,20.192878619000076],[93.11709322900016,20.19148398500014],[93.15112530500011,20.191359855],[93.16907620200004,20.196346742000074],[93.18166665199993,20.206070812000117],[93.20011608600004,20.21691696500002],[93.20360648200018,20.221030965000075],[93.20933262000024,20.23530033200009],[93.20973736000013,20.24117679400007],[93.2130615400002,20.24533234900014],[93.22835304400013,20.249654312000036],[93.25045931200009,20.251815526000012],[93.23882414200017,20.267107586000115],[93.2270228500002,20.27724682100004],[93.22652415900025,20.280238774000022],[93.23117796300016,20.288882292000036],[93.23367097200017,20.299686631000036],[93.24115026800008,20.315477656],[93.24464067200023,20.319134552000218],[93.25694032900014,20.324287571000195],[93.27412593000021,20.326043922000117],[93.28353428100013,20.330271913000058],[93.2753895840001,20.345730245000173],[93.2767190810001,20.357199449000184],[93.28120673400021,20.36235234300017],[93.3124543570001,20.383961450000125],[93.32093106100014,20.392272588],[93.32340732600012,20.39598682600002],[93.32330814400007,20.40077808399996],[93.32226051200007,20.406235093000056],[93.31860371400025,20.41255139500004],[93.32076445800011,20.413881191000105],[93.32408874900013,20.411886602000155],[93.32525229000022,20.409060879999977],[93.32691438800003,20.410723108000035],[93.32691423800021,20.41903411000007],[93.32874250999994,20.422857200000173],[93.3314019340001,20.421859922000085],[93.33123585400001,20.41454623700005],[93.32608367400024,20.391441568000175],[93.31378423100017,20.37448692600011],[93.29433766100016,20.356036191000015],[93.28951772000005,20.343237171000055],[93.29284216300006,20.332765359000117],[93.30946348799995,20.33093720000014],[93.32126452700021,20.33492667],[93.32541986300009,20.334095636],[93.32674961500017,20.33126991900004],[93.32658371500017,20.314481685000107],[93.32774726500014,20.31099108400019],[93.33688897800005,20.310658788000094],[93.34154298200019,20.308165561000056],[93.34154304800018,20.304508722000147],[93.33307752800017,20.29511059800003],[93.3372394160001,20.285902290000013],[93.34153610100003,20.279344768000097],[93.34387048900011,20.2792433030002],[93.35151619500016,20.28389759000005],[93.35666879800013,20.283731452000172],[93.36015930400004,20.281570646999985],[93.41092450900011,20.17602370700013],[93.41409088500006,20.17608028000004],[93.4150904500001,20.173841341000205],[93.41798494500023,20.172539864000036],[93.42790007600017,20.17857864100011],[93.42984580900016,20.1768083820001],[93.43605610400017,20.176915709000014],[93.43872462300011,20.182618045000066],[93.44204479600006,20.185052842000143],[93.4587498580001,20.189492557000083],[93.46022894900018,20.187261354000096],[93.47214772600019,20.19434933400019],[93.47170503599995,20.201875066000063],[93.46727813400014,20.212720975000135],[93.46639275400008,20.223566881000146],[93.46417930400008,20.23064992300017],[93.46545971900026,20.23867980299999],[93.46019509100002,20.242381212000122],[93.46285123400014,20.24946425500006],[93.46613217,20.24946425500005],[93.46993427400021,20.252563084000034],[93.47295115500016,20.249747331000044],[93.4767199260001,20.248910181000028],[93.48896995100017,20.249685598],[93.49437143800009,20.248200372],[93.49760240700016,20.24215986600007],[93.49937316700019,20.23219934],[93.5175234620001,20.225780334000042],[93.527386735,20.224507978000286],[93.52846251400014,20.21820966300022],[93.53417793900007,20.219209016999958],[93.54032298700015,20.222921318000097],[93.54180723700017,20.220239402000026],[93.54846725800013,20.22125342600011],[93.55129781,20.224008525999984],[93.55941491200014,20.22459598400008],[93.56214552500006,20.22605576200004],[93.56179247400009,20.23839699900004],[93.56776879000019,20.242381212000115],[93.5737451060001,20.237290276000067],[93.57750797200009,20.238175656000156],[93.58370563500013,20.230207233000115],[93.59521557700016,20.230649923000183],[93.61048838500012,20.239725072000233],[93.61402990800013,20.237511620000106],[93.61612075400012,20.23380119000017],[93.61801643100024,20.234735473000132],[93.61985201500006,20.238828047000048],[93.62317406700011,20.24099539600001],[93.62355192800021,20.246416235000083],[93.63561003000014,20.240747548000158],[93.64061590700015,20.243733877000206],[93.6443787730001,20.249488846],[93.64902701900009,20.252144989],[93.65261504600007,20.250603726000094],[93.65740782100006,20.25148180300015],[93.65874310000008,20.256918007000046],[93.66547102800008,20.255223489000098],[93.68604113500004,20.25465170100008],[93.69473599100019,20.249826497000186]]]]},"id":"Minbya"},{"type":"Feature","properties":{"shapeName":"Kyauktaw","shapeISO":"","shapeID":"66882298B79927633810292","shapeGroup":"MMR","shapeType":"ADM3"},"geometry":{"type":"Polygon","coordinates":[[[92.75065050900007,21.011381187000055],[92.74929585700008,20.999075851000025],[92.75396115800008,20.99287289200007],[92.7522299020001,20.986615993],[92.75515527700011,20.984876564000054],[92.758974219,20.966473901000015],[92.75278243000008,20.96453281900008],[92.75096333400002,20.960435393000076],[92.75164595200002,20.9523332640001],[92.7560437400001,20.949273755],[92.76084227000011,20.94938008700009],[92.76200247000008,20.941289053000055],[92.77144064500003,20.928418481000065],[92.776150654,20.912737101000033],[92.78192707700002,20.911962235000047],[92.78305523200002,20.905222033000047],[92.78505075800011,20.902109145000058],[92.78949937200012,20.89679508600002],[92.79445877500004,20.894037937000064],[92.79400947699999,20.880620112],[92.79825108400011,20.866834884000095],[92.792949074,20.86365368000005],[92.79188867100002,20.854816997000047],[92.79858501500003,20.819882538000044],[92.80251839500005,20.815908097],[92.80572335200011,20.802449536000033],[92.80740476800005,20.79256541000005],[92.8079538740001,20.77002873700009],[92.80942318200007,20.76870841500009],[92.80925127700007,20.756078016000078],[92.81422937100011,20.748517798],[92.81764794200008,20.74588559100008],[92.82341109600006,20.72571688300011],[92.82792839600008,20.717244733000072],[92.8342760150001,20.71241930900005],[92.83402445500008,20.702943668000028],[92.837094801,20.69489114700007],[92.84249301600008,20.689595709000063],[92.84458298100007,20.682424273],[92.85234265400005,20.67852970500008],[92.85532524300001,20.67408477400001],[92.8606806830001,20.670587881000046],[92.86282120200009,20.661164621000093],[92.86767394500006,20.658559847000046],[92.87195339100003,20.660004710000045],[92.87239986700003,20.66136671900003],[92.87625271900005,20.66054377700006],[92.87728615900002,20.6574108230001],[92.87971248500006,20.656107092000052],[92.88026581600009,20.65296314600007],[92.88383205500011,20.65199370400006],[92.88407921100004,20.64804020800006],[92.88827969400005,20.64408677500007],[92.89223303500003,20.643345555000025],[92.89420975400007,20.640380460000095],[92.89322153300002,20.634203102000036],[92.89816331700008,20.627284552000024],[92.9026107860001,20.62876718500004],[92.90755251900005,20.62481376400005],[92.91125878200002,20.623825446000076],[92.9166945520001,20.62703775200003],[92.93392606500005,20.645308435000075],[92.94086807800005,20.648085238000057],[92.94281184000002,20.648085238000057],[92.94975385100011,20.628369928000033],[92.95227457100005,20.62530865400005],[92.95820459200007,20.62382618500005],[92.97179417700004,20.623085121000017],[92.98093620700008,20.625556204000105],[92.98612481300005,20.633216197],[93.00797402600006,20.63685602600007],[93.005208257,20.640501290000056],[93.01004910700007,20.642992286000016],[93.0139430140001,20.64150499200006],[93.02840401200007,20.614743806000057],[93.03322429300002,20.608593745000036],[93.04618908700007,20.597623434000067],[93.05961868300004,20.59312271400009],[93.06065173700007,20.60152763600007],[93.06293960500001,20.605733740000097],[93.06141056900006,20.609762290000088],[93.05306746300005,20.618616404000022],[93.04840464700007,20.619231543000026],[93.04668649900002,20.620949689000078],[93.04465596200005,20.624073594],[93.04528074200006,20.627822280000018],[93.0533009500001,20.629446267],[93.05463610300008,20.633984959000017],[93.05262084800005,20.638455549000078],[93.05679842100001,20.64440263900009],[93.05667639000005,20.649812160000035],[93.06429021200003,20.65221924800007],[93.07327843300004,20.65735834000002],[93.08907803500009,20.65812431600007],[93.0856141520001,20.663015612000034],[93.080282148,20.66561689700006],[93.07263752600004,20.664563660000045],[93.07069167100006,20.665876638000057],[93.07010064300002,20.67082754500007],[93.06815475400003,20.672143049000024],[93.06096816500005,20.671998637000065],[93.06246222000004,20.673899879],[93.06168124300008,20.676086613000088],[93.05451927100009,20.671585837000105],[93.04505707999995,20.676190866000066],[93.03929727300005,20.676526465000066],[93.03742348900009,20.674684186000047],[93.0353636560001,20.680956119000026],[93.0277087760001,20.688797001000058],[93.0286459470001,20.695357200000085],[93.04137523400003,20.692502199000028],[93.04371051700008,20.69330349500007],[93.04270352100006,20.700043057000105],[93.03825195700007,20.706486110000032],[93.03883768900003,20.708009014],[93.04908176600004,20.710099649000057],[93.05048914400005,20.711480708000106],[93.05042802300007,20.714185459000078],[93.0475130570001,20.715932092000088],[93.03637761400006,20.714686362000045],[93.03391753900009,20.717380730000045],[93.0340346850001,20.72300375800007],[93.03684620000011,20.72569812600007],[93.04188349600007,20.723472344000115],[93.04308789400007,20.720803833000033],[93.04735764400003,20.722692682000087],[93.04369337600008,20.72801880900006],[93.04638031500008,20.733084275000046],[93.04600957700005,20.739199838000054],[93.0502717040001,20.74235035400005],[93.05416310000001,20.751245792000116],[93.0500861250001,20.756990657000095],[93.05416293899994,20.76014116900012],[93.05595180200004,20.766617936000053],[93.0600927150001,20.772557725000084],[93.06008277900007,20.774819528],[93.0580542580001,20.77422557200006],[93.04878875700005,20.76792453300007],[93.047491489,20.7723721990001],[93.04860330600008,20.77552266200009],[93.05857245300007,20.777944684000026],[93.04990035700001,20.78330613400022],[93.05008561300006,20.786456583000067],[93.05805403800008,20.786642031000046],[93.06472503200004,20.800355843],[93.066948773,20.80072652000011],[93.07057753000004,20.798482713000087],[93.07380534900004,20.799614709000046],[93.07945399700004,20.80903416100004],[93.07417574500003,20.812587134000026],[93.07009886400004,20.813143032000013],[93.06898701100006,20.812031093000027],[93.06954303100007,20.807398092000028],[93.06703746100006,20.80653134900008],[93.06287173100009,20.810919068000032],[93.06339447100008,20.819086168000055],[93.06083312100007,20.820926328000077],[93.06250087600004,20.824076802000068],[93.07232247200008,20.822038434000078],[93.07417555599994,20.82426230900014],[93.07473108900007,20.82698206300002],[93.07065445500001,20.834269541000143],[93.06991307900005,20.841126384000063],[93.07121017400007,20.846130053],[93.07398984100011,20.84705669900002],[93.07343384099994,20.850577778000112],[93.09474455100008,20.861697341],[93.09863610900001,20.86169740500001],[93.10753104100003,20.864847996000012],[93.11031074400007,20.863921438],[93.11234923400008,20.860956345999977],[93.11457323400006,20.847242676000043],[93.12717453200007,20.843907115000015],[93.13532825600005,20.844833850000043],[93.13866396400009,20.84020089400005],[93.1381080830001,20.83705043900006],[93.15126520600002,20.839830458999963],[93.16312502000002,20.840757314],[93.15997467900004,20.843537058000038],[93.15308177500002,20.86371428100009],[93.15583195900011,20.869634391],[93.15737966300009,20.879303837000073],[93.15114375300007,20.886232145000093],[93.1486696480001,20.898021044000114],[93.14199831500011,20.902839263999983],[93.14494363600008,20.911148551000046],[93.13841805900007,20.92096723000003],[93.138180972,20.924759670000114],[93.13391457000004,20.929263131000052],[93.13509940900012,20.942773742000064],[93.13130699900003,20.94964748700001],[93.13343997400004,20.95960269200001],[93.14031766600004,20.96269804700006],[93.14149839300003,20.969795022],[93.13912803700002,20.979513124000015],[93.14126111700004,20.983779662000067],[93.13604663800007,20.98875716300006],[93.13570952400006,20.996889011000096],[93.13746846600012,21.004163993000112],[93.13201692000007,21.011748795000095],[93.13176127900006,21.022970334000068],[93.13557192800005,21.02597052400006],[93.13059445800006,21.031422082000105],[93.12898422900005,21.03960601800001],[93.1222983960001,21.055835814000034],[93.12277232400007,21.06152448900007],[93.12609052699999,21.063894823000084],[93.12514234100006,21.070057529000085],[93.12656438300012,21.07361297100001],[93.13064576500004,21.07680734700008],[93.1298081210001,21.088335115000078],[93.1244827940001,21.09003273300003],[93.11500711200007,21.083982341],[93.10832362500007,21.08204448100006],[93.09776463700011,21.08138085300004],[93.09048626900008,21.08439079000004],[93.07990804400005,21.084630848000096],[93.07848542900011,21.083700068],[93.07702777700003,21.07005674000002],[93.064228835,21.069582475000036],[93.05826732800006,21.064348038000013],[93.04692670700008,21.061523244000057],[93.04171226400003,21.06460452],[93.03863085100006,21.074559639],[93.03483851400009,21.07764093800004],[93.02772798600009,21.07764082200003],[93.0063965370001,21.07076666600005],[93.00023399700011,21.075270092999986],[92.99698367100002,21.080231140000038],[92.98919456700011,21.079618433000057],[92.98397619300007,21.097100997000084],[92.97868139900004,21.097440671000033],[92.97573632000008,21.100084384000105],[92.9699495390001,21.100866343000057],[92.9675043870001,21.102620909000013],[92.96633983400002,21.11082371100006],[92.96396960900003,21.113430978000046],[92.95804423300004,21.11011249200001],[92.94951153800005,21.113430742000027],[92.94477122600006,21.111297414],[92.94344481300008,21.10392167700008],[92.939599845,21.103838107000094],[92.93467873900006,21.108697736000103],[92.92580978600006,21.113667381000067],[92.9191732950001,21.113667273000058],[92.91831364400012,21.109704869000034],[92.910166851,21.102052761000078],[92.88978352700005,21.09186023500007],[92.87816986800004,21.080956767000036],[92.87224447300005,21.07858639400011],[92.87058538100008,21.076927173000048],[92.87271870000004,21.068157177000057],[92.86919907500005,21.065757245000082],[92.86513406200007,21.072660582],[92.85625611800002,21.07275566100004],[92.85357840000006,21.083970996000033],[92.849368596,21.08974385200002],[92.85325007100008,21.097493925],[92.84241194000003,21.105396325000058],[92.8389336130001,21.09461351100006],[92.83093345900002,21.096352674000073],[92.813405818,21.095727930000074],[92.80653908400011,21.101442142000092],[92.80436892500005,21.11131467500009],[92.79944397700005,21.11616701000003],[92.79473889900004,21.125516631000018],[92.79544989200006,21.128835033000048],[92.800901186,21.134760815000075],[92.80120650800004,21.141908614000048],[92.79090654100011,21.15025125500003],[92.78407249500007,21.158700348000025],[92.78596817700007,21.18358829300011],[92.78366655900007,21.189771774000054],[92.76819170600007,21.192832082000045],[92.7662953430001,21.204920467000065],[92.76368810600012,21.20729070300007],[92.754681454,21.207053525000074],[92.74878856300002,21.193458974000045],[92.74314273000007,21.19518849900006],[92.74159783700006,21.199212927000065],[92.73816163700005,21.198431427000063],[92.73577573300008,21.207444843000033],[92.73285962700002,21.21142135200007],[92.72278580800007,21.208505246000108],[92.72596701400003,21.191538815000065],[92.72305090800006,21.188357608000018],[92.72305090800006,21.184646202000067],[92.7201348020001,21.183055597000088],[92.71562809400008,21.183055597000088],[92.71748379700006,21.17245157600005],[92.71562809400008,21.16953547300009],[92.72729168400012,21.154950784000025],[92.72543681300003,21.147532132000023],[92.72225560900007,21.14488112700006],[92.72570191400003,21.128179796000012],[92.73073882300005,21.11333416700003],[92.73206432700003,21.102465046000084],[92.73073882300005,21.09451203000001],[92.73285962700002,21.090270423000067],[92.73073882300005,21.08496841200005],[92.73259452600003,21.076750299000068],[92.73813828000007,21.069723201000045],[92.73736633500006,21.060314066000018],[92.7477052550001,21.038045624000045],[92.74558445100004,21.029032208000075],[92.75029143300011,21.02580416600006],[92.75065050900007,21.011381187000055]]]},"id":"Kyauktaw"},{"type":"Feature","properties":{"shapeName":"Mrauk-U","shapeISO":"","shapeID":"66882298B47520460749969","shapeGroup":"MMR","shapeType":"ADM3"},"geometry":{"type":"MultiPolygon","coordinates":[[[[93.1107478240001,20.42256387900011],[93.1111909580002,20.428104553000114],[93.09944460500003,20.464451140000193],[93.0985576600001,20.491046327000163],[93.09415971099992,20.4924947070001],[93.09146583300014,20.4957003720002],[93.09057926800006,20.501241026000162],[93.09516213199998,20.5085616950001],[93.0896458610002,20.513330045000085],[93.0863735510002,20.5130494960001],[93.083044131,20.510992474000062],[93.07595254600011,20.50212729300022],[93.06354234800018,20.482180697999976],[93.03916533400007,20.434087324000142],[93.03451162500005,20.42012477100014],[93.03137264900003,20.38473834000014],[93.03285031600018,20.37232726900005],[93.03137312200016,20.358143136],[93.03521461500014,20.35075564200001],[93.05933381400014,20.35784807300005],[93.06908488900018,20.362059136000013],[93.07573331800006,20.3667134010001],[93.07972233699998,20.37158925100011],[93.08171682000007,20.375578563000126],[93.08105186600011,20.381340846000036],[93.0741814220001,20.399070872000117],[93.07373806200019,20.406162919000067],[93.07573249200016,20.413033377000097],[93.08060797500008,20.418130869000166],[93.08836453700025,20.420125633],[93.10936127900004,20.41918003800005],[93.1107478240001,20.42256387900011]]],[[[93.22273078600018,20.392292351000098],[93.23196007100023,20.41645938000004],[93.23618510400013,20.421463099],[93.24797085000007,20.428246016],[93.25286298000022,20.434695246],[93.25908922700013,20.44803842000018],[93.26753938200022,20.45304220900007],[93.26531555700012,20.457378673],[93.2667609570002,20.459380156000137],[93.27621183900023,20.462160114000156],[93.274877442,20.47027712800024],[93.27287601100004,20.47350167200007],[93.27754580500012,20.477838244000242],[93.28032536000012,20.485065785000106],[93.28975879800011,20.481527245],[93.29305398800014,20.48429611400007],[93.28750741300007,20.497727584000096],[93.28261443700006,20.502956617000102],[93.27591503500015,20.514025195000066],[93.25639938200004,20.534123405000102],[93.25319532100025,20.567329140000044],[93.25348659800011,20.58888374300009],[93.25785577400012,20.5935441960001],[93.2604772810002,20.599369764000205],[93.26047728100019,20.60373893900018],[93.26193367300012,20.605486611000146],[93.26630284900011,20.60548661100013],[93.27067202500012,20.608981950000032],[93.27882781900014,20.611603457],[93.2839889080002,20.615253538000125],[93.28382506400015,20.618530421000052],[93.28972345100011,20.62262652300009],[93.29152573600011,20.628524911000092],[93.29922640800008,20.635570206000143],[93.30423902100019,20.63698382500013],[93.30371266100015,20.639230363000237],[93.30515873100023,20.63880663200005],[93.30840167899993,20.64146859300015],[93.31102318200004,20.644417787000233],[93.3116785590002,20.648186202000065],[93.31597378700013,20.64884001100007],[93.31580972000013,20.656710494000073],[93.30993049200005,20.664539522000055],[93.30993049200003,20.6689664240001],[93.32025992700024,20.671327439000077],[93.32645759000008,20.66837617200008],[93.32858862100011,20.664502500000026],[93.33192568600009,20.665464578000012],[93.33160593300016,20.680798905000042],[93.33731176300012,20.683159948000107],[93.34341954300011,20.689134793000157],[93.34425553000011,20.695016361000118],[93.34703946100014,20.699578747000118],[93.35036609000015,20.700993698000065],[93.35036285400021,20.70408650600015],[93.35715076900011,20.70880853299999],[93.37131685400004,20.713235436000236],[93.37721938900002,20.72238436300006],[93.38459755600024,20.725630758000143],[93.38961471100015,20.72533563100017],[93.39653793700008,20.717549857000055],[93.39641727900005,20.72348541000008],[93.40535996900009,20.73176636300007],[93.39905876799999,20.73477968800008],[93.39669775299997,20.73920658800006],[93.39876364100009,20.750716533000023],[93.39761890100006,20.758695675000038],[93.39368986600003,20.76313600800008],[93.39210302800011,20.770326606000044],[93.3901653010001,20.77119607600004],[93.37494086500003,20.765054436000096],[93.35674066600005,20.763818620000073],[93.34317206199997,20.770337804000135],[93.33743836700009,20.769327249000046],[93.33137313800007,20.76109511500006],[93.3297182520001,20.761065372000086],[93.32896023400009,20.75838704500008],[93.32146286400005,20.76130269],[93.32104634200006,20.764426592000106],[93.31750591700003,20.768383539000034],[93.31646461500013,20.773381787000055],[93.31795494000006,20.78273019600003],[93.31312338600007,20.785119864000045],[93.31107906900003,20.7909450930001],[93.30579557000003,20.79129963700019],[93.30292769200007,20.79316651900005],[93.2959905050001,20.789841302000077],[93.29279900600001,20.793310281000043],[93.28607730300003,20.79363802900007],[93.27845179300006,20.791238669000055],[93.27693696000004,20.794751388000087],[93.27439602900003,20.794624340000055],[93.27272994500002,20.79795650600007],[93.25981780600006,20.80316301500009],[93.25816845500002,20.805801974000037],[93.24355128700002,20.809810065000022],[93.24744246400002,20.830566009000183],[93.25448777400004,20.83499346500004],[93.25382403700002,20.84355344900003],[93.24856731600009,20.84255032200002],[93.24373610100012,20.836310882000063],[93.23965927000005,20.834086971],[93.23539707700009,20.834642865000074],[93.23132013200009,20.838719843000074],[93.22594603300006,20.84094360100004],[93.22160526600008,20.84654798700003],[93.21730063400007,20.84623992700003],[93.21241804700011,20.850580041000043],[93.2085264780001,20.85113594000003],[93.19063366400005,20.836477381000073],[93.18576945400011,20.836079371],[93.17980343200013,20.833344708000045],[93.17554124700008,20.83334463800004],[93.17276145000002,20.839460166000045],[93.1683139260001,20.840572016000024],[93.15126520600002,20.839830458999963],[93.1381080830001,20.83705043900006],[93.13866396400009,20.84020089400005],[93.13532825600005,20.844833850000043],[93.12717453200007,20.843907115000015],[93.11457323400006,20.847242676000043],[93.11234923400008,20.860956345999977],[93.11031074400007,20.863921438],[93.10753104100003,20.864847996000012],[93.09863610900001,20.86169740500001],[93.09474455100008,20.861697341],[93.07343384099994,20.850577778000112],[93.07398984100011,20.84705669900002],[93.07121017400007,20.846130053],[93.06991307900005,20.841126384000063],[93.07065445500001,20.834269541000143],[93.07473108900007,20.82698206300002],[93.07417555599994,20.82426230900014],[93.07232247200008,20.822038434000078],[93.06250087600004,20.824076802000068],[93.06083312100007,20.820926328000077],[93.06339447100008,20.819086168000055],[93.06287173100009,20.810919068000032],[93.06703746100006,20.80653134900008],[93.06954303100007,20.807398092000028],[93.06898701100006,20.812031093000027],[93.07009886400004,20.813143032000013],[93.07417574500003,20.812587134000026],[93.07945399700004,20.80903416100004],[93.07380534900004,20.799614709000046],[93.07057753000004,20.798482713000087],[93.066948773,20.80072652000011],[93.06472503200004,20.800355843],[93.05805403800008,20.786642031000046],[93.05008561300006,20.786456583000067],[93.04990035700001,20.78330613400022],[93.05857245300007,20.777944684000026],[93.04860330600008,20.77552266200009],[93.047491489,20.7723721990001],[93.04878875700005,20.76792453300007],[93.0580542580001,20.77422557200006],[93.06008277900007,20.774819528],[93.0600927150001,20.772557725000084],[93.05595180200004,20.766617936000053],[93.05416293899994,20.76014116900012],[93.0500861250001,20.756990657000095],[93.05416310000001,20.751245792000116],[93.0502717040001,20.74235035400005],[93.04600957700005,20.739199838000054],[93.04638031500008,20.733084275000046],[93.04369337600008,20.72801880900006],[93.04735764400003,20.722692682000087],[93.04308789400007,20.720803833000033],[93.04188349600007,20.723472344000115],[93.03684620000011,20.72569812600007],[93.0340346850001,20.72300375800007],[93.03391753900009,20.717380730000045],[93.03637761400006,20.714686362000045],[93.0475130570001,20.715932092000088],[93.05042802300007,20.714185459000078],[93.05048914400005,20.711480708000106],[93.04908176600004,20.710099649000057],[93.03883768900003,20.708009014],[93.03825195700007,20.706486110000032],[93.04270352100006,20.700043057000105],[93.04371051700008,20.69330349500007],[93.04137523400003,20.692502199000028],[93.0286459470001,20.695357200000085],[93.0277087760001,20.688797001000058],[93.0353636560001,20.680956119000026],[93.03742348900009,20.674684186000047],[93.03929727300005,20.676526465000066],[93.04505707999995,20.676190866000066],[93.05451927100009,20.671585837000105],[93.06168124300008,20.676086613000088],[93.06246222000004,20.673899879],[93.06096816500005,20.671998637000065],[93.06815475400003,20.672143049000024],[93.07010064300002,20.67082754500007],[93.07069167100006,20.665876638000057],[93.07263752600004,20.664563660000045],[93.080282148,20.66561689700006],[93.0856141520001,20.663015612000034],[93.08907803500009,20.65812431600007],[93.07327843300004,20.65735834000002],[93.06429021200003,20.65221924800007],[93.05667639000005,20.649812160000035],[93.05679842100001,20.64440263900009],[93.05262084800005,20.638455549000078],[93.05463610300008,20.633984959000017],[93.05421957900018,20.63126937900018],[93.0533009500001,20.629446267],[93.05140776700006,20.628507335000112],[93.04528074200006,20.627822280000018],[93.04465596200005,20.624073594],[93.04840464700007,20.619231543000026],[93.05306746300005,20.618616404000022],[93.06141056900006,20.609762290000088],[93.06293960500001,20.605733740000097],[93.06065173700007,20.60152763600007],[93.05961868300004,20.59312271400009],[93.07826826600018,20.590642712000214],[93.08408585500007,20.58266424600015],[93.08745313900016,20.57113483000012],[93.08810322000022,20.55228914600007],[93.08426252200017,20.51535130800009],[93.09188931000011,20.51379773000013],[93.0983404640001,20.509496889],[93.09403986500013,20.500801439000153],[93.09385295700012,20.496313496000138],[93.10192982500013,20.49137714100001],[93.11384619999997,20.44307146600006],[93.11623875700012,20.427313114000096],[93.1158411450001,20.42179533400005],[93.11354939400013,20.417776372000226],[93.10703198700025,20.415146392000246],[93.08027178400005,20.411987786],[93.07794484100013,20.409993111000063],[93.07777871100014,20.405338946000022],[93.09107611000013,20.38422921600011],[93.09373548000009,20.386223897000047],[93.1227277550002,20.384167117000196],[93.12192518900008,20.382666823],[93.12588386399995,20.377872349000025],[93.14347877900015,20.375165607000255],[93.14994540900018,20.36734542900012],[93.15566002200025,20.365089670000113],[93.16182566100008,20.369751858000058],[93.1652843510001,20.377121023000033],[93.17235224800005,20.38418946800017],[93.17791640400016,20.386144628000128],[93.1830294440001,20.38599431900019],[93.18739058300027,20.38509204800004],[93.1943082960002,20.381031627000077],[93.19671442000015,20.381783614000113],[93.19791744500009,20.384039484000063],[93.19490965800021,20.39065659900012],[93.20618846800011,20.388100147000014],[93.22273078600018,20.392292351000098]]]]},"id":"Mrauk-U"},{"type":"Feature","properties":{"shapeName":"Ponnagyun","shapeISO":"","shapeID":"66882298B19696970616392","shapeGroup":"MMR","shapeType":"ADM3"},"geometry":{"type":"Polygon","coordinates":[[[92.70358399200008,20.74961630600003],[92.70747556900001,20.74950517000007],[92.71336846900007,20.751173145000056],[92.71381331300002,20.745835929000055],[92.72370900700007,20.744724165],[92.72304183400011,20.747392768000083],[92.71870550400006,20.74883819500004],[92.71859428800009,20.750394884000055],[92.7222634540001,20.75128448100003],[92.72504316200006,20.749950218000034],[92.72982433400006,20.743945913000083],[92.7331599610001,20.743501199000058],[92.74060944700007,20.747393040000105],[92.7495044290001,20.747615565000043],[92.7579545670001,20.753286501000034],[92.76362515900006,20.751285135000085],[92.7690733410001,20.75117402700004],[92.76962930000009,20.750062115000055],[92.76951816600004,20.747059924000077],[92.7725203130001,20.74216751600002],[92.77335913100005,20.71426585700007],[92.776445751,20.70451797000008],[92.77598264200005,20.685506143000087],[92.77881038000007,20.675255590000074],[92.78388498400001,20.67115687500005],[92.78285368700004,20.659074953000033],[92.78093118400004,20.657935693000095],[92.77951731500012,20.65228021400005],[92.78481932500006,20.641322727000077],[92.79041080900004,20.6438380930001],[92.79478614800004,20.641225516000116],[92.8062041000001,20.60540161000006],[92.8062041000001,20.59877409800006],[92.83165374600011,20.55609291700009],[92.83934166100002,20.547344599000027],[92.84172756499999,20.54151239000015],[92.84172756499999,20.537270782000064],[92.84888527900007,20.52613656000004],[92.84994568200005,20.52162985200001],[92.84851967300001,20.517453689000064],[92.84906982900006,20.512698323000066],[92.85628842700002,20.501870360000062],[92.85789262600007,20.495654266],[92.85769227700001,20.48663086400012],[92.85508569100008,20.48322198300012],[92.84786733700004,20.480214068000024],[92.84165148500009,20.47981293600005],[92.85027381100011,20.461164710000034],[92.84586264000008,20.456753200000065],[92.86029978100002,20.438105069000056],[92.85348260400005,20.426474803000104],[92.86591447500007,20.41685003700009],[92.86697960700009,20.4120561350001],[92.86909563700002,20.4098534020001],[92.86666349600004,20.40669564500004],[92.85869323000006,20.40338693900001],[92.84320372600008,20.403837866000018],[92.84109839000006,20.402033154],[92.84064729100004,20.399175736000096],[92.85899412300007,20.396168224000032],[92.87192721700009,20.389701655000025],[92.87884484900012,20.39000254500005],[92.89523669400005,20.387295782],[92.91328281400007,20.38097968800001],[92.915388175,20.38128050100003],[92.91690523700004,20.38422626400005],[92.90726703600006,20.406696278],[92.90335672400008,20.426397304],[92.9051612860001,20.428653183000044],[92.90877046800001,20.42985635800003],[92.92753536500001,20.43128619300003],[92.93102721200009,20.43391721600003],[92.91659019900008,20.44519623700005],[92.90425847000009,20.46143816200001],[92.89643824300008,20.47707860000003],[92.89312958200006,20.489711307000057],[92.88786608300002,20.49422292400005],[92.886061479,20.494373286000055],[92.88230196600007,20.49016230600007],[92.87538427500004,20.49316999700006],[92.88155002000012,20.491816584000077],[92.88651259800012,20.496027584000064],[92.89538532100009,20.490463294000016],[92.90305506600008,20.47978572600002],[92.90004750900002,20.473168522000073],[92.90591256400008,20.467002627000074],[92.91147695400005,20.455573076000032],[92.92070724000011,20.444174345000054],[92.93253094700007,20.437677002000076],[92.93237001900009,20.432970467000032],[92.92997456800003,20.42940551500003],[92.9066652130001,20.424893447],[92.90621408600006,20.4235399290001],[92.92140331100006,20.39511646100005],[92.92155378900007,20.389251256000062],[92.91809513000007,20.38022780100006],[92.91057598400002,20.37872378500005],[92.89162754000003,20.383535982000044],[92.87252880100004,20.385791532000063],[92.85087343200007,20.394513813000103],[92.8350831880001,20.39346083500002],[92.83718873700005,20.383083959000036],[92.86507463900003,20.35066469200004],[92.87105263700002,20.335663384000057],[92.87308325800008,20.310510686],[92.87714361200004,20.31051075],[92.88582837600009,20.30363054200006],[92.89372344000007,20.307578403000036],[92.90511476800006,20.318181090000053],[92.92677004000011,20.315699990000024],[92.91966431500006,20.322129051000037],[92.9205665110001,20.32821985900004],[92.92598022500003,20.33329560800008],[92.93609792400007,20.339472423000093],[92.944895295,20.342969129000043],[92.9464742740001,20.34556338100002],[92.94624864100008,20.34894715200004],[92.93674299800006,20.365790630000035],[92.93523903700006,20.373009328000013],[92.93629165100002,20.376919484000066],[92.94320920500004,20.381732073],[92.94381069400006,20.384288714000064],[92.93734410300006,20.390003432000036],[92.92877218400011,20.39346226600005],[92.92817054200007,20.399628248000056],[92.92982472600008,20.401583344000084],[92.95057747600005,20.411058240000045],[92.9481714,20.407749623000026],[92.93057668800003,20.399026726000024],[92.93117830200006,20.394515036000026],[92.94095330200008,20.390304267000058],[92.94561529300007,20.384439130999986],[92.94516418800006,20.381882493000013],[92.93734437299999,20.374814040000032],[92.93719403300008,20.37225740800006],[92.93854758500007,20.36669299900009],[92.94884276400005,20.34838322900001],[92.94827890500002,20.343984313000107],[92.94410583900006,20.339698131000027],[92.92801043100006,20.33160375200007],[92.9221456070001,20.324272147000077],[92.92248401600004,20.321565131000096],[92.9300408510001,20.317843097000065],[92.93071764500006,20.314459331000045],[92.92778522300007,20.311188300000026],[92.91943893800006,20.31141375500003],[92.91549132700001,20.314007920000087],[92.9072578280001,20.314120585000083],[92.900716216,20.310285537000027],[92.89258413500004,20.297942250000055],[92.89518451100008,20.296129271000062],[92.89306449100009,20.29063578200001],[92.88863482000004,20.286090946000023],[92.89028908900004,20.283083173000026],[92.89329677400012,20.282180879000066],[92.89660519400003,20.283233662000043],[92.90079291600004,20.287187203000045],[92.90607908900009,20.28804306500007],[92.90653051400005,20.283083423000047],[92.90968862400005,20.279774892000034],[92.91074141000011,20.274060088000056],[92.91705760100002,20.269247705000048],[92.91780959600007,20.26473601500005],[92.92262185400007,20.265939210000038],[92.92713337400005,20.265036939],[92.9278853480001,20.261878759000073],[92.926290125,20.259297470000014],[92.92382506300007,20.258419724000042],[92.9194640300001,20.253306395],[92.91961409200007,20.246728440000016],[92.92440284700008,20.2368579970001],[92.9245157180001,20.232120713],[92.92101934500009,20.22952643100011],[92.91750898900007,20.229394525000032],[92.91819985000004,20.21847271700008],[92.91289892900002,20.212945802000014],[92.91278617800002,20.210802742000066],[92.91470361100004,20.20832133600001],[92.91662115700007,20.199410755000024],[92.92090713400003,20.196703802000048],[92.94098306800005,20.21159272900006],[92.95147206000009,20.22614312900004],[92.94696039000009,20.235617633000057],[92.94820072900004,20.25411562500008],[92.941433336,20.262800537000047],[92.9433505540001,20.272500725000086],[92.93759834800005,20.274643693000026],[92.93556812800001,20.27712509600008],[92.93725985500002,20.28208799400002],[92.94041788000001,20.283667139000027],[92.93737268700002,20.27960656000005],[92.93714716200002,20.276673952000056],[92.94301213700008,20.275658910000093],[92.94538072500004,20.272951927000026],[92.94414023300007,20.263590124000096],[92.94999010600012,20.25416034700005],[92.94932886900003,20.239565403000025],[92.9504567930001,20.236858400000045],[92.9519230710001,20.234602575000093],[92.95791957800002,20.234790667000023],[92.96844619800005,20.24757398499999],[92.97656682000004,20.252386593000015],[93.01304968300009,20.30519835900002],[93.01527102000003,20.31441730600003],[93.02126124400006,20.367574587000025],[93.02109469400004,20.386523664000066],[93.01826859900007,20.41345126100007],[93.02072985300006,20.427120774000084],[93.03006916000008,20.445033243000065],[93.05200868400001,20.47644917],[93.07727186700006,20.541441586000108],[93.08059564600009,20.56787061500007],[93.07976431800006,20.582664179000098],[93.07594138100002,20.58499119800008],[93.05483228500005,20.589146361000065],[93.0428648800001,20.593966547],[93.02375010000011,20.611419340000058],[93.01593792200005,20.621392412000027],[93.00797402600006,20.63685602600007],[92.98612481300005,20.633216197],[92.98093620700008,20.625556204000105],[92.97179417700004,20.623085121000017],[92.95820459200007,20.62382618500005],[92.95227457100005,20.62530865400005],[92.94975385100011,20.628369928000033],[92.94281184000002,20.648085238000057],[92.94086807800005,20.648085238000057],[92.93392606500005,20.645308435000075],[92.9166945520001,20.62703775200003],[92.91125878200002,20.623825446000076],[92.90755251900005,20.62481376400005],[92.9026107860001,20.62876718500004],[92.89816331700008,20.627284552000024],[92.89322153300002,20.634203102000036],[92.89420975400007,20.640380460000095],[92.89223303500003,20.643345555000025],[92.88827969400005,20.64408677500007],[92.88407921100004,20.64804020800006],[92.88383205500011,20.65199370400006],[92.88026581600009,20.65296314600007],[92.87971248500006,20.656107092000052],[92.87728615900002,20.6574108230001],[92.87625271900005,20.66054377700006],[92.87239986700003,20.66136671900003],[92.87195339100003,20.660004710000045],[92.86767394500006,20.658559847000046],[92.86282120200009,20.661164621000093],[92.8606806830001,20.670587881000046],[92.85532524300001,20.67408477400001],[92.85234265400005,20.67852970500008],[92.84458298100007,20.682424273],[92.84249301600008,20.689595709000063],[92.837094801,20.69489114700007],[92.83402445500008,20.702943668000028],[92.8342760150001,20.71241930900005],[92.82792839600008,20.717244733000072],[92.82341109600006,20.72571688300011],[92.81764794200008,20.74588559100008],[92.81422937100011,20.748517798],[92.80925127700007,20.756078016000078],[92.80942318200007,20.76870841500009],[92.8079538740001,20.77002873700009],[92.80740476800005,20.79256541000005],[92.80572335200011,20.802449536000033],[92.80251839500005,20.815908097],[92.79858501500003,20.819882538000044],[92.79188867100002,20.854816997000047],[92.792949074,20.86365368000005],[92.79825108400011,20.866834884000095],[92.79400947699999,20.880620112],[92.79445877500004,20.894037937000064],[92.78949937200012,20.89679508600002],[92.78505075800011,20.902109145000058],[92.78305523200002,20.905222033000047],[92.78192707700002,20.911962235000047],[92.776150654,20.912737101000033],[92.77144064500003,20.928418481000065],[92.76200247000008,20.941289053000055],[92.76084227000011,20.94938008700009],[92.7560437400001,20.949273755],[92.75164595200002,20.9523332640001],[92.75096333400002,20.960435393000076],[92.75278243000008,20.96453281900008],[92.758974219,20.966473901000015],[92.75515527700011,20.984876564000054],[92.7522299020001,20.986615993],[92.75396115800008,20.99287289200007],[92.74929585700008,20.999075851000025],[92.75065050900007,21.011381187000055],[92.73471533000009,21.01577718100007],[92.73471533000009,21.00835436700008],[92.73257216400005,21.00467063400002],[92.72808781800009,21.00835436700008],[92.72649721600003,21.004377861000044],[92.72156693600003,21.003072551000045],[92.71953366900001,21.007535880000038],[92.71714559900005,21.007032238000022],[92.71483279500009,21.008619468000077],[92.70502407600013,21.005173163000034],[92.69574555700007,21.004377861000044],[92.69713741100013,20.98178652200009],[92.69485241200007,20.977227658000096],[92.69503544700002,20.970014729000063],[92.69134336800008,20.964071253000082],[92.69012236400003,20.955476766000046],[92.69085025500004,20.951636035000053],[92.69972206600002,20.945790651000017],[92.69819797000012,20.939877919],[92.70266160400006,20.93411428100007],[92.70235215400002,20.908406812000035],[92.69910943700005,20.90382540000004],[92.70039561800006,20.890775844000075],[92.70758425600003,20.888273004000023],[92.71180945600004,20.883825385],[92.71570094700006,20.887494788000026],[92.72081562200003,20.88427029600004],[92.72081570500005,20.879600227],[92.726486268,20.87915554900006],[92.71458958100004,20.859251961],[92.71058685600005,20.85813997500001],[92.70836327300002,20.84902218400002],[92.7102535120001,20.846020026000044],[92.70457644100013,20.83901737800009],[92.70195972400006,20.828588097000033],[92.70546479200009,20.822801761000086],[92.70869753500004,20.81088327],[92.70469500800007,20.79876325900003],[92.7070300460001,20.79298130100009],[92.70636300800007,20.788311221000043],[92.71014348200005,20.782418096000054],[92.71648124300006,20.777859316000068],[92.7171484120001,20.775413099000083],[92.71359044600005,20.77374516100001],[92.71025489900003,20.769630997000043],[92.71125579100007,20.758178217000033],[92.703250417,20.751617753000072],[92.70358399200008,20.74961630600003]]]},"id":"Ponnagyun"},{"type":"Feature","properties":{"shapeName":"Paletwa","shapeISO":"","shapeID":"66882298B10368150445219","shapeGroup":"MMR","shapeType":"ADM3"},"geometry":{"type":"Polygon","coordinates":[[[92.73285962700002,21.21142135200007],[92.73577573300008,21.207444843000033],[92.73816163700005,21.198431427000063],[92.74159783700006,21.199212927000065],[92.74314273000007,21.19518849900006],[92.74878856300002,21.193458974000045],[92.754681454,21.207053525000074],[92.76368810600012,21.20729070300007],[92.7662953430001,21.204920467000065],[92.76819170600007,21.192832082000045],[92.78366655900007,21.189771774000054],[92.78596817700007,21.18358829300011],[92.78407249500007,21.158700348000025],[92.79090654100011,21.15025125500003],[92.80120650800004,21.141908614000048],[92.800901186,21.134760815000075],[92.79544989200006,21.128835033000048],[92.79473889900004,21.125516631000018],[92.79944397700005,21.11616701000003],[92.80436892500005,21.11131467500009],[92.80653908400011,21.101442142000092],[92.813405818,21.095727930000074],[92.83093345900002,21.096352674000073],[92.8389336130001,21.09461351100006],[92.84241194000003,21.105396325000058],[92.85325007100008,21.097493925],[92.849368596,21.08974385200002],[92.85357840000006,21.083970996000033],[92.85625611800002,21.07275566100004],[92.86513406200007,21.072660582],[92.86919907500005,21.065757245000082],[92.87271870000004,21.068157177000057],[92.87058538100008,21.076927173000048],[92.87224447300005,21.07858639400011],[92.87816986800004,21.080956767000036],[92.88978352700005,21.09186023500007],[92.910166851,21.102052761000078],[92.91831364400012,21.109704869000034],[92.9191732950001,21.113667273000058],[92.92580978600006,21.113667381000067],[92.93467873900006,21.108697736000103],[92.939599845,21.103838107000094],[92.94344481300008,21.10392167700008],[92.94477122600006,21.111297414],[92.94951153800005,21.113430742000027],[92.95804423300004,21.11011249200001],[92.96396960900003,21.113430978000046],[92.96633983400002,21.11082371100006],[92.9675043870001,21.102620909000013],[92.9699495390001,21.100866343000057],[92.97573632000008,21.100084384000105],[92.97868139900004,21.097440671000033],[92.98397619300007,21.097100997000084],[92.98919456700011,21.079618433000057],[92.99698367100002,21.080231140000038],[93.00023399700011,21.075270092999986],[93.0063965370001,21.07076666600005],[93.02772798600009,21.07764082200003],[93.03483851400009,21.07764093800004],[93.03863085100006,21.074559639],[93.04171226400003,21.06460452],[93.04692670700008,21.061523244000057],[93.05826732800006,21.064348038000013],[93.064228835,21.069582475000036],[93.07702777700003,21.07005674000002],[93.07848542900011,21.083700068],[93.07990804400005,21.084630848000096],[93.09048626900008,21.08439079000004],[93.09776463700011,21.08138085300004],[93.10832362500007,21.08204448100006],[93.11500711200007,21.083982341],[93.1244827940001,21.09003273300003],[93.1298081210001,21.088335115000078],[93.13064576500004,21.07680734700008],[93.12656438300012,21.07361297100001],[93.12514234100006,21.070057529000085],[93.12609052699999,21.063894823000084],[93.12277232400007,21.06152448900007],[93.1222983960001,21.055835814000034],[93.12898422900005,21.03960601800001],[93.13059445800006,21.031422082000105],[93.13557192800005,21.02597052400006],[93.13176127900006,21.022970334000068],[93.13201692000007,21.011748795000095],[93.13746846600012,21.004163993000112],[93.13570952400006,20.996889011000096],[93.13604663800007,20.98875716300006],[93.14126111700004,20.983779662000067],[93.13912803700002,20.979513124000015],[93.14149839300003,20.969795022],[93.14031766600004,20.96269804700006],[93.13343997400004,20.95960269200001],[93.13130699900003,20.94964748700001],[93.13509940900012,20.942773742000064],[93.13391457000004,20.929263131000052],[93.138180972,20.924759670000114],[93.13841805900007,20.92096723000003],[93.14494363600008,20.911148551000046],[93.14199831500011,20.902839263999983],[93.1486696480001,20.898021044000114],[93.15114375300007,20.886232145000093],[93.15737966300009,20.879303837000073],[93.15583195900011,20.869634391],[93.15308177500002,20.86371428100009],[93.15997467900004,20.843537058000038],[93.16312502000002,20.840757314],[93.1683139260001,20.840572016000024],[93.17276145000002,20.839460166000045],[93.17554124700008,20.83334463800004],[93.17980343200013,20.833344708000045],[93.18576945400011,20.836079371],[93.19063366400005,20.836477381000073],[93.2085264780001,20.85113594000003],[93.21241804700011,20.850580041000043],[93.21730063400007,20.84623992700003],[93.22160526600008,20.84654798700003],[93.22594603300006,20.84094360100004],[93.23132013200009,20.838719843000074],[93.23539707700009,20.834642865000074],[93.23965927000005,20.834086971],[93.24373610100012,20.836310882000063],[93.24856731600009,20.84255032200002],[93.25382403700002,20.84355344900003],[93.25448777400004,20.83499346500004],[93.24744246400002,20.830566009000183],[93.24355128700002,20.809810065000022],[93.25816845500002,20.805801974000037],[93.25981780600006,20.80316301500009],[93.27272994500002,20.79795650600007],[93.27439602900003,20.794624340000055],[93.27693696000004,20.794751388000087],[93.27845179300006,20.791238669000055],[93.28607730300003,20.79363802900007],[93.29279900600001,20.793310281000043],[93.2959905050001,20.789841302000077],[93.30292769200007,20.79316651900005],[93.30579557000003,20.79129963700019],[93.31107906900003,20.7909450930001],[93.31312338600007,20.785119864000045],[93.31795494000006,20.78273019600003],[93.31646461500013,20.773381787000055],[93.31750591700003,20.768383539000034],[93.32104634200006,20.764426592000106],[93.32146286400005,20.76130269],[93.32896023400009,20.75838704500008],[93.3297182520001,20.761065372000086],[93.33137313800007,20.76109511500006],[93.33743836700009,20.769327249000046],[93.34317206199997,20.770337804000135],[93.35674066600005,20.763818620000073],[93.37494086500003,20.765054436000096],[93.3901653010001,20.77119607600004],[93.39210302800011,20.770326606000044],[93.39368986600003,20.76313600800008],[93.39761890100006,20.758695675000038],[93.39876364100009,20.750716533000023],[93.39669775299997,20.73920658800006],[93.39905876799999,20.73477968800008],[93.40535996900009,20.73176636300007],[93.41174921800001,20.73802608000009],[93.42178352800006,20.743338363000085],[93.42528703700005,20.74250207200008],[93.428866568,20.73477968800008],[93.43506423000007,20.7338943080001],[93.43733761400004,20.73955734600006],[93.449452132,20.739757662000024],[93.45277183500005,20.735074813000075],[93.45572310300008,20.7338943080001],[93.45955975000001,20.72710639300006],[93.46575741300006,20.72858202600003],[93.47249017200006,20.73251144700008],[93.47617050300002,20.736104253000075],[93.477267355,20.741862731000026],[93.481104002,20.743928615000073],[93.48525690000008,20.743296607],[93.48818704500005,20.740387096000056],[93.49101828300009,20.741410939000037],[93.49442080300007,20.739213766000052],[93.49556521200007,20.734484561000087],[93.49733597200013,20.733304053000023],[93.50219122500003,20.734384586000076],[93.50413322200005,20.733064726000062],[93.50678002900011,20.72179411100008],[93.50914104200007,20.718547716000057],[93.51504357700011,20.716186703000105],[93.51474845200003,20.714120816000058],[93.51947047899995,20.70910366100003],[93.53558479900009,20.708088533000012],[93.55203819900005,20.711332431000095],[93.551344166,20.721498983000085],[93.55665644900007,20.729172278000107],[93.56373949100002,20.734189433],[93.57855011100013,20.729383402000078],[93.58072448200008,20.725803057000046],[93.59530500900007,20.722356749],[93.60483678700002,20.72441262300002],[93.62446606400005,20.721296349000017],[93.63082847500004,20.722356749],[93.63042220900009,20.725744241000065],[93.63278374900008,20.727590336000045],[93.63315366100005,20.733461304000066],[93.63212740500005,20.73705466500011],[93.62660148800006,20.742452983000103],[93.62955275500009,20.75278241800007],[93.62601123300009,20.756914193000075],[93.62099618200008,20.767549636000048],[93.6162720500001,20.767243630000042],[93.6162720500001,20.774916925000063],[93.61450129000005,20.779048700000068],[93.61007438800004,20.78140971200002],[93.6032864730001,20.782295092],[93.60092546100006,20.790263515000017],[93.60476210799999,20.797936810000035],[93.6035816,20.80177345700005],[93.60476210799999,20.811217515000077],[93.60973273400002,20.818838234000058],[93.60889388300008,20.830695879000082],[93.60417185300008,20.83571303400007],[93.5988595730001,20.846927849000018],[93.60033520500006,20.849583992000053],[93.60594261500005,20.852535259],[93.61568179800003,20.85401089100007],[93.61922331800004,20.859323174000032],[93.62735172599999,20.862413503],[93.6301399110001,20.867425759000046],[93.63165825500005,20.881382288000093],[93.62955275500009,20.884408946000054],[93.63132351500006,20.891196861],[93.62866737199994,20.907723958000282],[93.62896250000001,20.91510212800005],[93.63132351500006,20.917758268000085],[93.6428334570001,20.922480295000078],[93.64342371000008,20.923955930000048],[93.63929193800007,20.928382830000047],[93.63575041500006,20.937826888000032],[93.63681114100007,20.950589075000025],[93.63432222600002,20.962677461000045],[93.63734390300002,20.97849912700005],[93.63432177600006,20.986498772000072],[93.62774435400004,20.995920523000077],[93.62916635700002,21.001431447000062],[93.62614426400008,21.005164601000036],[93.62649971700009,21.009075569000068],[93.61992232100006,21.01725292200005],[93.61565597200011,21.01885279],[93.611211772,21.0250747000001],[93.60570110000005,21.025607919999988],[93.58923051200009,21.046315281000027],[93.58596904100006,21.044629075000042],[93.56890360800008,21.052450714],[93.55878182800006,21.054814461],[93.5514827690001,21.054050364],[93.54650532000002,21.058139013000087],[93.53655039100005,21.067916248000106],[93.533172752,21.07520479900009],[93.53228860300003,21.081875849000053],[93.52782791000008,21.08405610000006],[93.52782791000008,21.088712957999988],[93.52544200500002,21.090568661000052],[93.52002401300008,21.09037812],[93.51510308500006,21.097834072000076],[93.51662700100003,21.101574348000018],[93.51342652800008,21.110457654000058],[93.51033127600004,21.11378980700007],[93.50212972900002,21.11498276000001],[93.50019118200002,21.117219546000076],[93.50166801000009,21.12239255300008],[93.49586673100006,21.124228140000078],[93.49627053700007,21.127710484],[93.49377906500008,21.128403472000045],[93.49318258800011,21.135710304000032],[93.495121135,21.13824532800008],[93.50954955700011,21.136968882000073],[93.51503957900006,21.1432907720001],[93.52197207300007,21.157690332000033],[93.52197189000005,21.16675665200003],[93.5221495850001,21.170845384000113],[93.51983855700011,21.176356242000093],[93.5191268930001,21.208354996000022],[93.52054882500008,21.217599107000073],[93.51894870700002,21.230576356],[93.51714495400009,21.23771770900007],[93.50952708600003,21.23893143200004],[93.50597176100011,21.242131248000117],[93.50490511400005,21.24568664800004],[93.50807064200005,21.249553197000036],[93.48934623800004,21.24949363000008],[93.48294663900006,21.25589327400006],[93.48291893100007,21.264177151000062],[93.47868022000002,21.26122632800007],[93.47544199000005,21.25321418800008],[93.47068106800003,21.25073771399999],[93.45770440300006,21.24807093200005],[93.44926924900007,21.238756481000042],[93.44207948000007,21.237272631000014],[93.43797293300013,21.234560018000014],[93.43032914000005,21.233137723000016],[93.42535170800006,21.23633751600009],[93.42090742000005,21.24735923500005],[93.4121968760001,21.255003237000047],[93.40858644600006,21.251100006000033],[93.40401987300005,21.24895889400007],[93.39513174900006,21.247003267],[93.38412951200011,21.247040892],[93.37317821100002,21.241422720000024],[93.36645304600003,21.24084669600006],[93.36494521100006,21.243977877000052],[93.3667621320001,21.248972250000108],[93.366404485,21.255287473000028],[93.36366744200002,21.258024538],[93.36171190100005,21.265668654000013],[93.36208148500008,21.288133637000083],[93.35710695300007,21.295709704000053],[93.34322381400005,21.302644686000093],[93.33469126800007,21.298022506000013],[93.32402552600009,21.29535576299999],[93.31798156400005,21.296066745000108],[93.31531506600004,21.298733263000024],[93.31638147100008,21.30779959600002],[93.31282604000008,21.316688079000045],[93.3062482600001,21.34513130400004],[93.30855909300007,21.349753385000025],[93.30695911200011,21.355619797000024],[93.29344879800004,21.37197448899999],[93.28971550000006,21.38619609400003],[93.28309787900007,21.400319469000028],[93.27318322100005,21.401661881000077],[93.26962786200005,21.40663940500007],[93.27087209000005,21.41268363300004],[93.2794045240001,21.422994484000068],[93.27869315900004,21.43934938800005],[93.28361305200006,21.44273160000003],[93.28394792000006,21.449503263000057],[93.29531989400004,21.45829237700012],[93.29620472900007,21.461919474000112],[93.28620677600009,21.456315252000046],[93.28153706500007,21.454815501000034],[93.2765596890001,21.455170960000046],[93.26962666400003,21.46885919600001],[93.26980437300008,21.471703531000074],[93.27469042300005,21.475939172000057],[93.27602591300007,21.480236638000093],[93.27229267800008,21.491080595],[93.27335898600003,21.505124505],[93.26866338000009,21.508752811],[93.25238288300005,21.507435177000044],[93.2507829450001,21.510990566000054],[93.25398261400007,21.51454603600007],[93.26032358300007,21.515356464000067],[93.26266273300008,21.51763877800008],[93.25593778800001,21.525567860000038],[93.25789311000007,21.52947885000007],[93.26140766100006,21.53161786300004],[93.25735950000005,21.545655987],[93.254515246,21.547966960000075],[93.25291527200004,21.553477829000055],[93.24580463000004,21.559521916000012],[93.24704887700004,21.564321747000047],[93.25042629100007,21.568766075000067],[93.24953739100006,21.57321033000008],[93.24527102800003,21.57569904700003],[93.24455983200006,21.58316541000007],[93.24900380400005,21.58867637900006],[93.250824868,21.59546464700004],[93.246415073,21.598535635000115],[93.23962482900004,21.600206618000083],[93.236649909,21.60375768400009],[93.23424922900006,21.600409005000042],[93.2299828050001,21.606097596000073],[93.22607183400008,21.61551938300008],[93.21925921300003,21.61951798000008],[93.2150585640001,21.62002297500003],[93.21452479300008,21.62226659600004],[93.21149512400005,21.621918888000046],[93.20598442400008,21.624229813000028],[93.210065,21.648790460000033],[93.2127388480001,21.653562107000045],[93.21131667800003,21.656939729],[93.2127387290001,21.659784084000066],[93.20722807900005,21.65942844900004],[93.20171736900008,21.66209491700004],[93.18998495100003,21.664761282000033],[93.18216324100007,21.67169421000008],[93.18056330100002,21.675427369000055],[93.17060836000005,21.686093445000076],[93.16383838100008,21.686658460000018],[93.15763158700007,21.689115313000084],[93.15514284700002,21.691959603000054],[93.14803226100011,21.695159358000037],[93.14394350900002,21.705469992000047],[93.140032691,21.707069862],[93.1364774300001,21.707069801000078],[93.1355886580001,21.704758768],[93.13416680800005,21.691070398000022],[93.135766801,21.68467067700004],[93.1291897350001,21.675959800000054],[93.1229680860001,21.672759822000053],[93.1185240060001,21.6729375200001],[93.09914797100008,21.66547082100003],[93.09612599700006,21.665470771000027],[93.08844504300004,21.670690374000067],[93.07532780700006,21.66013730200007],[93.07088374400006,21.659426145000026],[93.06537297500009,21.66529248700002],[93.05524034500006,21.672225376000064],[93.05132954900004,21.672580852000078],[93.03959704000007,21.68022479500007],[93.03301981300005,21.680757999000043],[93.02875339200001,21.686446591000074],[93.02679788700004,21.69213521900002],[93.02519727700003,21.73071144100007],[93.02341956400002,21.73497790700003],[93.02608575100001,21.748488529000042],[93.01915272300003,21.76235452700006],[93.01844122900006,21.785286936],[93.01470809800009,21.790797766000058],[93.01559686100008,21.793642112000033],[93.02412930900005,21.802886332000092],[93.02395147800007,21.806441744000015],[93.02768437300003,21.81301932100006],[93.02821758000009,21.81728582900011],[93.026439839,21.822974462000055],[93.02910619000008,21.827952085000057],[93.03283917700013,21.829907626000033],[93.03479447100008,21.835063008000088],[93.03917474100004,21.833833515000055],[93.05523712000006,21.840040935000026],[93.06039217100009,21.84412974800003],[93.06785819500001,21.84537427000006],[93.06874678000008,21.85728492200012],[93.06625795200004,21.86475124800007],[93.066240254,21.873636448000088],[93.05843614900007,21.87612844300004],[93.05576945100006,21.889105658000062],[93.05630267400004,21.89248331100002],[93.06270205900007,21.896927686000044],[93.06007097800007,21.89893226900008],[93.04883648700009,21.899238472000015],[93.04510341100004,21.901904970000018],[93.03283708900004,21.93639227400006],[93.03319234500003,21.950258391],[93.03728035200005,21.978168457000024],[93.03603591300003,21.98279047400009],[93.03159179900003,21.984745876000055],[93.03301384700009,21.98759023300003],[93.03603579300002,21.988834677000057],[93.03674672800005,21.994878892000024],[93.03887982000006,21.998256569999985],[93.03532440800005,22.005900650000076],[93.03514656600008,22.00998937100007],[93.0399461000001,22.013367096000035],[93.03727948200007,22.02225558200006],[93.0433232940001,22.029010971000073],[93.04118998300007,22.03683284300004],[93.04847808100001,22.04643258300003],[93.05241504700007,22.04607976200006],[93.05683285100011,22.05105476100002],[93.0612767530001,22.059943369000056],[93.06792681100009,22.06611195000001],[93.06376263800007,22.0770579360001],[93.06648047700007,22.080764382000083],[93.06400957100008,22.084717834000077],[93.05733824400009,22.088918308000082],[93.05656633500008,22.09760729500003],[93.05184688800004,22.09686599700007],[93.0393106640001,22.099947608000047],[93.02036566500003,22.100258740000033],[93.00861898300005,22.107425622000076],[93.00477503000005,22.106728434000033],[93.00373769800011,22.10364653100003],[93.00474065500005,22.09865806000002],[93.01059421500005,22.090566161],[93.0074904360001,22.083222038000038],[93.00441055000009,22.081335719000016],[93.00387622000002,22.07611794500004],[93.0069353760001,22.073259138000022],[93.00640910500007,22.069939799000093],[93.00179202300006,22.06758521600005],[92.99476702400003,22.0405712],[92.99652555800004,22.032975117000063],[93.00387987800006,22.018006318000104],[93.00488019400005,22.01278508100002],[93.00325065600005,22.00549410300001],[93.00496153400012,21.988165640000034],[92.99878708800011,21.980595922000056],[92.98982573300002,21.97873029200006],[92.97858271200005,21.98137985400008],[92.97736893600006,21.996568145],[92.9664222440001,22.00942077800001],[92.96568335400006,22.01630628200004],[92.96159905800009,22.018694204],[92.95704690300002,22.03200481100007],[92.9519262850001,22.03154785100001],[92.94934918800003,22.027045758],[92.94010077300007,22.017819878000044],[92.93293127600008,22.016658096000107],[92.92985177800009,22.014295246000092],[92.93315535800005,22.008112918000066],[92.93339791300005,22.00455232200007],[92.93158747700008,21.999338018000024],[92.92824838200004,21.99579031300003],[92.923129896,21.99533337800006],[92.92030705700003,21.992970328000027],[92.91822185600007,21.982300999000092],[92.91282848400004,21.97638842],[92.91355564600009,21.96523699500006],[92.91020563200001,21.958369402000088],[92.90836952500007,21.945804620000086],[92.9057947000001,21.941069349000063],[92.90197733800008,21.94629959],[92.89996839600003,21.956742477000034],[92.90077006200002,21.96646529100008],[92.89747788800013,21.976202413000067],[92.89609358200006,21.990382718000067],[92.89003320400009,22.012229389000048],[92.88646020100005,22.01461246400005],[92.88031686200006,22.013681967000064],[92.87752218400001,22.019146188],[92.87267631000007,22.02343005700007],[92.86552234200003,22.026297054000054],[92.86327967400011,22.04361790500011],[92.86738783800011,22.047637896000015],[92.86868944300006,22.05403752000008],[92.86359326100003,22.06045582000009],[92.85874509600008,22.064738888],[92.85235203300003,22.066417508000068],[92.84876474400004,22.065241890000053],[92.84465693200006,22.061458686000023],[92.8405652420001,22.06265601800006],[92.8395626240001,22.069299920000084],[92.83317807600012,22.074298755000065],[92.82677056500002,22.072181755000052],[92.81909655800003,22.074812013000077],[92.81887139200005,22.085250143000067],[92.8135024170001,22.088586268000054],[92.80941996800009,22.094291475000038],[92.80353920000005,22.09857861600002],[92.79764532500009,22.098357798000045],[92.77748048700008,22.10913580500009],[92.76444387100013,22.117705575000034],[92.75371545400009,22.12745404800007],[92.73580913500008,22.133896445000033],[92.73095749800002,22.13912422700004],[92.72969847800005,22.147664904000063],[92.726887698,22.150042468000052],[92.71254129900002,22.14698835500004],[92.70768718800012,22.151741507000033],[92.70358753900011,22.150563707000103],[92.70180513600006,22.155073646000044],[92.6951446320001,22.153900694000072],[92.69411063000007,22.149396252000052],[92.6971725000001,22.144409713000112],[92.69664480900005,22.137295776],[92.69280989300009,22.13991190900002],[92.69203203800004,22.135407283000074],[92.69329568700005,22.127815807000072],[92.69165003000005,22.111554611000027],[92.69289204200005,22.095408641000102],[92.69181152900009,22.07120466500003],[92.68976927400004,22.073580942],[92.68901869900012,22.081175405000074],[92.68855970700005,22.10419947600004],[92.68317966500007,22.103021673000022],[92.68310647800006,22.070033704000046],[92.68585957100002,22.041800133000077],[92.68067935800005,22.012163957000052],[92.67172053800006,22.00933405800003],[92.65356999600002,22.015056549000022],[92.64946140600006,22.006762828],[92.64279741200006,21.999658641000085],[92.63407250200007,21.984492887000084],[92.62230069200004,21.98166322],[92.60637166700003,21.974385755000036],[92.6053440150001,21.97154020300005],[92.60994314700005,21.965364369000028],[92.60993712000008,21.961094025000016],[92.61274506200006,21.956107850000016],[92.61093893200011,21.946384269000085],[92.61655896600006,21.94044573600007],[92.61527223800009,21.93594049600007],[92.61116887700004,21.930252872000032],[92.61525169600007,21.923842456000052],[92.62087575000001,21.921462745000063],[92.6312775120001,21.878033188000078],[92.63382469800008,21.873283977000057],[92.63074586800008,21.86854114700003],[92.6317520530001,21.862912732],[92.62842474600005,21.860782540000056],[92.61972834700002,21.860324446000078],[92.61281001400002,21.849180329000028],[92.61483514700006,21.8316141600001],[92.61841152200005,21.828997724000065],[92.620195181,21.824486359],[92.61891329800008,21.821878594000065],[92.61200783700008,21.820229312000027],[92.60944688100003,21.81714903300007],[92.60838585500007,21.789867525],[92.61092581100009,21.779426032000092],[92.61090905600012,21.769225525000046],[92.6078270560001,21.760452051000033],[92.607556431,21.75191173200004],[92.60495705300005,21.740905301000012],[92.60724742900003,21.730217121000027],[92.60288624500005,21.714559110000064],[92.60338725700011,21.70554003399998],[92.6021043200001,21.701033468000052],[92.60745460500003,21.688923632000034],[92.60407749200002,21.650495951000014],[92.61092429500005,21.622730514000054],[92.60909868100008,21.61292174900009],[92.60882066100008,21.591320529],[92.61390507800003,21.573988396000065],[92.61745074300003,21.554528021000085],[92.62122701400003,21.522972958],[92.61968062500006,21.51396113000008],[92.62323753800011,21.506128182000083],[92.62753881500002,21.48809297100007],[92.62727003400008,21.481212891000045],[92.624695,21.477510456000036],[92.62697484500008,21.46444862300003],[92.63155154800003,21.45423399200006],[92.63077870800004,21.448539857000103],[92.63458844500003,21.438566987000062],[92.63789984200011,21.436900236],[92.640434112,21.427643214000035],[92.64092063200012,21.413646620000048],[92.64420762600012,21.39893522100007],[92.64954329400008,21.39086236300003],[92.65080726800004,21.385642468000054],[92.64900589200003,21.37615836700004],[92.6523344330001,21.35642100900006],[92.65791938900009,21.34691930800001],[92.66448243600009,21.317965114000103],[92.67311867500011,21.308462726000087],[92.68047543100005,21.29635397500007],[92.67918120500008,21.286158355000072],[92.68123010900005,21.283975666000043],[92.68637952500006,21.28222617000006],[92.68620193900001,21.277431376],[92.69468515600009,21.256488435],[92.70027732100004,21.25419795200003],[92.70369857200005,21.25569313600002],[92.70926568300007,21.25489783300003],[92.71086184500007,21.25308393300005],[92.714037492,21.242968311],[92.71880930100012,21.2374012],[92.7206650040001,21.23103878899999],[92.72690384700009,21.228643419000036],[92.73285962700002,21.21142135200007]]]},"id":"Paletwa"},{"type":"Feature","properties":{"shapeName":"Maungdaw","shapeISO":"","shapeID":"66882298B98818104227605","shapeGroup":"MMR","shapeType":"ADM3"},"geometry":{"type":"Polygon","coordinates":[[[92.5763189420001,20.594615480000055],[92.56985592800004,20.595667132000074],[92.56645792600007,20.597394540000046],[92.56495420700014,20.600065015999974],[92.56437083000004,20.604108877000037],[92.56666858900002,20.607867320000196],[92.56638125900012,20.619034847],[92.55990381399994,20.628804804000083],[92.557046202,20.64677254200007],[92.54765852300007,20.657830481000094],[92.54459915800007,20.66497233100002],[92.538164053,20.672940698000104],[92.53157614300008,20.68676512100007],[92.52667236400006,20.689270021000027],[92.52128714000008,20.695543235],[92.51917867200007,20.705488446000118],[92.52384498800006,20.707642132000025],[92.52376556300007,20.710681764000082],[92.51490546999999,20.72115685400011],[92.50906854299996,20.74124637099999],[92.50372314500007,20.743286132000026],[92.49924174300008,20.750062710000105],[92.49496386000007,20.751069271000077],[92.489318847,20.764282227000063],[92.47847555500007,20.7743430830001],[92.47285981800012,20.787285854000025],[92.46932464500009,20.79038273200011],[92.46903976500006,20.795795453000053],[92.47236806100001,20.805756961000043],[92.46793546500008,20.810159672000083],[92.46307373200007,20.812316893000048],[92.45593527800007,20.834824035000054],[92.4550413970001,20.844117650000026],[92.4436854310001,20.845364602000082],[92.44254591200006,20.854480767000027],[92.4465342330001,20.85647492800009],[92.44026687000004,20.873852616000054],[92.42309570300003,20.895690917000053],[92.42291259799998,20.902526856000122],[92.41931152200002,20.907287598000067],[92.41607666100005,20.92028808500006],[92.41107177700002,20.928283693000083],[92.40764388200007,20.929540250000066],[92.40420248599999,20.932611727000094],[92.4031807920001,20.934842586000023],[92.400784635,20.952364100000075],[92.39764889500007,20.96175556000006],[92.39314756100003,20.968408478000033],[92.38990984200002,20.9814044890001],[92.38481686800007,20.99333294900003],[92.38377418700013,21.006053651000055],[92.38627662100006,21.01147558700005],[92.39469752700003,21.017690450000014],[92.39602055400007,21.02121896200002],[92.39430480200005,21.030193817000086],[92.39107295200007,21.03608284400009],[92.39107295200007,21.04004503],[92.39639062000005,21.04815186900002],[92.39341898000002,21.05143631400008],[92.39529580600006,21.05597197300002],[92.39451379700002,21.059412818000055],[92.3893525270001,21.060038426000038],[92.38387845700005,21.064730488000038],[92.381532426,21.08256032100011],[92.39248056899993,21.083655135000242],[92.39341898000002,21.08678317700001],[92.3893525270001,21.09663650600002],[92.38669369300001,21.112120311000048],[92.389196127,21.118063590000133],[92.38929276500004,21.12289554100004],[92.38497327100005,21.138135184000117],[92.37496353900006,21.15330618600011],[92.36867150100002,21.166456556000067],[92.36935176700008,21.17280570700004],[92.36516028599993,21.18184380600013],[92.35908316100009,21.192963662000096],[92.353252131,21.195027742],[92.355973195,21.196615031000135],[92.35551968500003,21.201603649000077],[92.3534788840001,21.205458491000083],[92.34508893300003,21.209766846000043],[92.34826351000005,21.230174835000092],[92.35007755400005,21.230628347000046],[92.34849026600008,21.240832340000026],[92.36465857100008,21.25225212400006],[92.36322937000004,21.25783899800011],[92.364816658,21.268950016000087],[92.36867150099994,21.270990814000243],[92.37480226300003,21.264860052000078],[92.37881425600008,21.263448922000027],[92.38166851,21.26445630500001],[92.38502645500009,21.26277733200006],[92.38922388500002,21.26596737900004],[92.38857676000003,21.267113334000086],[92.39068603500003,21.268676759000037],[92.38912361100007,21.27505462699999],[92.39512428000008,21.27782416800008],[92.39743223000008,21.283055519000115],[92.40112495100009,21.283517111000027],[92.40820266400003,21.290133235000063],[92.40912584400003,21.293979818],[92.41204924800007,21.294595272000038],[92.41204924800007,21.299057308000013],[92.41558810400004,21.303519344000076],[92.41687011800006,21.30889892500003],[92.41481878900007,21.311827966000084],[92.41604969500004,21.313982052000057],[92.41978118700005,21.308277486000037],[92.43690670700003,21.309284872000077],[92.4416124900001,21.318781352000048],[92.4416124900001,21.326222489000045],[92.4396663460001,21.331488524000108],[92.44126905200001,21.33560976800004],[92.44115457400005,21.34156267700009],[92.4377202040001,21.358734525000077],[92.43946647500009,21.364574546000025],[92.43568825800014,21.37047569700013],[92.42779269600021,21.371427077000135],[92.42652027900016,21.374747862],[92.42856465500006,21.39490704000019],[92.43162554300017,21.407714230000238],[92.42435804800004,21.433009640000137],[92.41875320600013,21.439652666000143],[92.4111089270001,21.442738080000026],[92.40397551900014,21.451040383000134],[92.40244792500005,21.45791828400013],[92.38057407100013,21.47963283900009],[92.37806666400007,21.477455876000192],[92.37306778700008,21.476667263000024],[92.36731900000024,21.478658849],[92.36301578800015,21.472273150000035],[92.35393520200006,21.464733287000115],[92.34716109800019,21.467053008000107],[92.34319739100005,21.46574775400012],[92.33676096800014,21.44237974100008],[92.33692239100009,21.43544525900012],[92.32540980300018,21.428081820000045],[92.32905855800021,21.419993174000126],[92.31035193000014,21.419329540000092],[92.30091635700006,21.422464040000136],[92.29831240900006,21.422157687000094],[92.29626837500007,21.418875063000087],[92.29105138800014,21.429893971000183],[92.28654486900024,21.427436873999966],[92.28021177600016,21.429023998000048],[92.26918949300006,21.4277698570001],[92.26939466500016,21.42008617600021],[92.26707710400018,21.41435107700022],[92.26382621400012,21.41101231700003],[92.26403409400007,21.407081458000107],[92.2690948250002,21.39905756900015],[92.25496625900007,21.387899803000096],[92.25311286700003,21.38481172000013],[92.25649518200015,21.378023630000143],[92.25367204700007,21.370603974000176],[92.25909375900017,21.363343159000237],[92.25859970000005,21.361255510000092],[92.2513811550001,21.3567944080001],[92.23649625900003,21.352544572],[92.21959044300013,21.344635622000055],[92.21171671799993,21.33915942500016],[92.20647897800018,21.3315953620002],[92.19909246800012,21.326561320999986],[92.19929904200012,21.307613628000126],[92.21054078100008,21.28561571000006],[92.21723506000018,21.27710682500009],[92.21723950200004,21.26566295500021],[92.22012227600015,21.254768071000115],[92.21884963600002,21.252682374000074],[92.21571458600016,21.25216922499999],[92.21326891700005,21.24984523100011],[92.21192660800011,21.245361199],[92.21479276899998,21.23978203100006],[92.22044746400007,21.233779358000163],[92.22017043100016,21.231556025000145],[92.21799240700005,21.231639739000116],[92.2094577650002,21.219950239000127],[92.20751223500014,21.213916819000076],[92.20093311500005,21.207037515000025],[92.20004876600018,21.202372541000045],[92.1814245810001,21.19028327500024],[92.18341714600024,21.184827238000082],[92.17649283100008,21.183276980000244],[92.17319092200017,21.18012042300012],[92.17397097600025,21.17484110300012],[92.17274709800023,21.169931770000062],[92.17655645400009,21.159016417000146],[92.180612101,21.157355526000117],[92.19275325100006,21.162075215000243],[92.20005820700015,21.15987108400003],[92.20412124399996,21.148739091000095],[92.19798283400013,21.1377384500002],[92.20150510800005,21.12309447500013],[92.20812988400019,21.11791992200017],[92.2184649960002,21.121323601000142],[92.22430419900007,21.118713379000212],[92.23529052900011,21.09490966700008],[92.25732421900011,21.07769775300011],[92.2659301760001,21.058471679000036],[92.26489479600008,21.05195652700013],[92.27071237700011,21.04414428800021],[92.27551269500009,21.04229736400015],[92.28218105800022,21.043479590000118],[92.28882943700006,21.050460923000173],[92.29327392600021,21.057678223000096],[92.30594900200015,21.06907781000018],[92.309605578,21.074729339000157],[92.32140665300005,21.075726845000077],[92.3305053700002,21.079284669000117],[92.32971191400026,21.07647705000005],[92.32705788900012,21.075228274000153],[92.31127929600012,21.07287597700008],[92.30670165900017,21.06628417999997],[92.29414813500011,21.056278701000167],[92.2883308800001,21.04597298300007],[92.28051898300009,21.040653825000163],[92.27137727800016,21.041318562000015],[92.26605837899996,21.04663751100003],[92.26406382600004,21.04680370000017],[92.26291033500013,21.044826124000167],[92.26629638600025,21.03167724700012],[92.26839822700015,21.01058400500017],[92.27789306700004,20.974121094000054],[92.27612304600007,20.968688966],[92.27531977600006,20.952615606999984],[92.27947998000019,20.946716308000077],[92.28631591900012,20.940673827000126],[92.30230713000009,20.929687501000217],[92.31268310400009,20.91131591800007],[92.32849121000015,20.91192627000015],[92.33673095800015,20.91711425900013],[92.34002519900014,20.921641383000065],[92.34135469300014,20.93327679200013],[92.34783676000012,20.946075821000136],[92.35272216800024,20.94592285100009],[92.35995014100007,20.941327870000123],[92.35265673500004,20.95671396300014],[92.34832512300011,20.962492190000148],[92.34808349600013,20.969909667000024],[92.35052490400017,20.96887207100019],[92.35052490400017,20.96490478600009],[92.3599243170001,20.9475097670001],[92.36389160200014,20.942871094999987],[92.36389160200014,20.940124511000135],[92.36169433500015,20.938903810000113],[92.35827636600004,20.938903810000113],[92.35282318500015,20.94341638100019],[92.34769456099997,20.942266448],[92.34451270299996,20.93493904000013],[92.3428955080002,20.92028808500021],[92.33947753900009,20.915893555000025],[92.32955400400016,20.910172054000157],[92.3156349360001,20.9084220740001],[92.31248611900025,20.907036475000154],[92.31188964799998,20.90411376900005],[92.3199141730002,20.881083438000132],[92.32751464900008,20.871520997],[92.33367919900013,20.857727050999983],[92.34069824300019,20.855712891000167],[92.34551137400013,20.85531976500016],[92.34808349600013,20.856506347000106],[92.34983272200009,20.86545924300009],[92.35247802900017,20.86749267600021],[92.35870361400004,20.86749267600021],[92.3657097200001,20.86292405000006],[92.36767578000007,20.867919921000123],[92.3786077960001,20.868706458000133],[92.37825485000019,20.873105800000133],[92.37027649200013,20.88158288700015],[92.36977781000007,20.884076177],[92.37048339900014,20.88647460800013],[92.37908935600012,20.892089844000225],[92.3727696380002,20.884076224000125],[92.37988281300017,20.87451171800012],[92.38031006000006,20.86749267600021],[92.3724375220001,20.866623134000065],[92.36547851500006,20.861083984],[92.35701466100022,20.86627197300004],[92.35449218900004,20.86627197300021],[92.35229492100012,20.864501952000012],[92.35132869600022,20.856649615000208],[92.34850313200019,20.85382383300015],[92.345511429,20.852161588000058],[92.33614552000017,20.85284796999997],[92.3441162110002,20.831481933000248],[92.3494873050002,20.823486327000012],[92.35455817200005,20.804632633999972],[92.356925122,20.80158941300016],[92.358975778,20.782515685000078],[92.36029052700019,20.781311035999977],[92.3621338060002,20.78334683300011],[92.365125547,20.788167256000065],[92.36662134000005,20.794982291999986],[92.36810302700019,20.795471191],[92.36321439400007,20.779435654000054],[92.36321439400007,20.776885354000115],[92.36640652700015,20.77165380300022],[92.36998748100012,20.767666276000057],[92.37486149299997,20.768056196000032],[92.38110023000007,20.76630155200013],[92.38557402900011,20.767457279000098],[92.38757042500009,20.765780305000078],[92.38701143600014,20.75651702800002],[92.38461576000014,20.76370405400013],[92.37631075200011,20.765381027000103],[92.37223810500018,20.764582467000082],[92.37472582100014,20.754018953000013],[92.37878628400011,20.75164582300016],[92.3782958970001,20.745910644000162],[92.38671874900018,20.73272705000022],[92.38922442500018,20.71797719],[92.3927001950002,20.71130371099997],[92.40090635200016,20.708204241999965],[92.38100333400024,20.703342706000228],[92.4073453790001,20.684945378],[92.42190843700013,20.678018735000023],[92.44927978600009,20.660888673000045],[92.5025024410001,20.612121582000157],[92.51171874999994,20.60589599700006],[92.5208740240002,20.590515135000032],[92.52551269600013,20.578674318000083],[92.52850341700025,20.562927247],[92.52709960900006,20.553283691000047],[92.52832031200012,20.549499513000114],[92.53607177800018,20.539916992000144],[92.54272461000016,20.535888672000056],[92.55749511700003,20.522888183000077],[92.56872558600014,20.515930175999983],[92.60030639100023,20.477580568000064],[92.61484015300016,20.468477001999986],[92.61907251400015,20.461050410000155],[92.61763511000004,20.460730985999987],[92.6104480840001,20.46903599400008],[92.60964755000015,20.46790190400003],[92.62480988700014,20.45241544700002],[92.62867439800004,20.45216612300004],[92.62991944900011,20.453660186000093],[92.63265856600015,20.452664146000075],[92.63714075500019,20.454905240000244],[92.6398798690002,20.457395344000076],[92.64087591300017,20.46137951200018],[92.64884424900009,20.468351808000136],[92.6513343530001,20.468351808000136],[92.6543862260001,20.470869084000014],[92.64855930096087,20.478772379990687],[92.64800062910791,20.479692392119716],[92.64732863200021,20.485238366999965],[92.64532843198248,20.49429760399005],[92.63770081600012,20.506570620000105],[92.63493540980289,20.510608714835143],[92.63369225105703,20.5136946490137],[92.63358135400011,20.513745213000163],[92.62821712700014,20.522138714],[92.62134738300017,20.528749329000107],[92.62085048800014,20.53366079700021],[92.61970713000005,20.53682877300014],[92.61904705500007,20.544027294000045],[92.61589212800004,20.555230544000096],[92.6099335670001,20.563661478000142],[92.60796158800008,20.565870452000127],[92.60648126300009,20.567640499999982],[92.59790292299994,20.577033181000104],[92.59596575800015,20.581184246000078],[92.59361348800024,20.58450509800025],[92.59408502900004,20.58669439500005],[92.59013915800006,20.588914731000084],[92.58924449000001,20.593503758000086],[92.58382401900006,20.598646313000057],[92.57923752200008,20.599619174000082],[92.57715277800008,20.598507218000094],[92.5763189420001,20.594615480000055]]]},"id":"Maungdaw"},{"type":"Feature","properties":{"shapeName":"Laukkaing","shapeISO":"","shapeID":"66882298B13890402968202","shapeGroup":"MMR","shapeType":"ADM3"},"geometry":{"type":"Polygon","coordinates":[[[98.58789577800012,23.69405555500006],[98.58980728400009,23.69141928100007],[98.60182377600003,23.683820388000075],[98.61062379100011,23.66623073000007],[98.61856652600004,23.655511403000084],[98.62088949400004,23.64282781100011],[98.62986915500005,23.630132380000045],[98.6334776310001,23.62771408600006],[98.63596525900006,23.622373586000055],[98.64744391200007,23.58723621300005],[98.63496621600008,23.565173830000074],[98.61738809200006,23.553453986],[98.61465407600006,23.538218647000097],[98.61152919800006,23.531577557000038],[98.59863878500002,23.515170042000054],[98.59277967100009,23.501497226000033],[98.57988902500004,23.493683970000067],[98.57988940000007,23.479620636000064],[98.58653027800003,23.474542360000083],[98.59395235900004,23.47180799400006],[98.60606228000007,23.45930752600005],[98.61621847400009,23.468292664000078],[98.62520289200006,23.472589997000014],[98.63340597700004,23.479621851000076],[98.6462967780001,23.481575385000063],[98.65254676600004,23.486263304000076],[98.66856266600004,23.48665431700001],[98.67598448500004,23.49368615200007],[98.68379701800004,23.4975928110001],[98.6931721430001,23.499155618],[98.70176593200007,23.503452945000024],[98.72168775400004,23.518688677000043],[98.72910945900011,23.530017644000022],[98.74278144000007,23.53509638100004],[98.75645348600003,23.537831231000016],[98.76973495300008,23.538612831000027],[98.77481322000007,23.536659705999984],[98.7775478340001,23.529628102000032],[98.77754808700004,23.52025254600003],[98.78262656600003,23.510486456000045],[98.79356433400007,23.50775217100003],[98.79942381500003,23.50775230400004],[98.80293962000005,23.503455255000038],[98.80801845800008,23.48118841700002],[98.81387799200004,23.479235309000067],[98.81953536400006,23.474820641000104],[98.82806679800004,23.47956797700006],[98.81884175700004,23.488441226000067],[98.81996016200013,23.493209807],[98.81748383800004,23.503304552],[98.80744401000007,23.519266124000037],[98.80859144600005,23.525173886000083],[98.80381601000009,23.533034653000072],[98.80297902100003,23.539213256000057],[98.810895541,23.54702814100007],[98.81557273800011,23.554684664000035],[98.82890480100009,23.560099668000078],[98.83452553300002,23.565681927000103],[98.84127242000004,23.57626017800005],[98.84781299600003,23.57885612200008],[98.85951408800007,23.57882892000005],[98.86594482900004,23.5866764620001],[98.87745359200007,23.588707319],[98.89057325400006,23.604400653000045],[98.89085943900002,23.61512666000005],[98.88943235600009,23.61766989600007],[98.88499817800002,23.619883865000112],[98.86996620400006,23.62615195600004],[98.86426426000008,23.627190734000102],[98.85616211700003,23.63170527299998],[98.84642409400004,23.640362280000037],[98.84840379900007,23.649446644000015],[98.84433159300002,23.665279489000056],[98.84051977100002,23.67197932000009],[98.84048989800003,23.680421963000086],[98.83846197900002,23.688680031000086],[98.82611127300005,23.692827332000043],[98.8202227020001,23.696377650000077],[98.81854168900009,23.708507914],[98.82021240500004,23.715317743000085],[98.82995495100003,23.725832554000114],[98.82397400900005,23.735549135],[98.82333235200008,23.73967203900007],[98.81920796100006,23.74409925],[98.81666012100001,23.751689125000052],[98.80734699600004,23.758057137999987],[98.80571850000011,23.76266015300008],[98.80763203500008,23.76924233200006],[98.79037682200003,23.782115086000054],[98.78665218700006,23.7828799160001],[98.77060805300003,23.780028648000084],[98.76064521700002,23.78069782200003],[98.75072991600003,23.78319077000006],[98.73592773100009,23.789665096000093],[98.72846120500013,23.79027882200007],[98.71906401200002,23.793442507000087],[98.71284437900002,23.794029204000047],[98.70730996900004,23.792091558000042],[98.70422257100003,23.788277367000024],[98.69967420700002,23.785862573000063],[98.69572656000005,23.78754199300002],[98.69198851400003,23.79765872200006],[98.68612015000005,23.80234384200002],[98.67446781100006,23.805095188000028],[98.67356655200008,23.808992593],[98.64326430200002,23.822538409000085],[98.63135319400001,23.82329869200002],[98.62933131700005,23.821634534000083],[98.62811762700008,23.823808305000085],[98.60560760600002,23.835187749000067],[98.599530573,23.836862546000084],[98.59831402000006,23.83592358700002],[98.59894745400007,23.833395043000063],[98.60162876400005,23.830857932000107],[98.60208610500005,23.816285328000067],[98.59988546800005,23.809030681000046],[98.60005497600005,23.80174592500002],[98.59749402600008,23.801019725000064],[98.59725767600005,23.794282979000084],[98.59316763700004,23.790643842000073],[98.59451890000011,23.7867110510001],[98.59221440000005,23.78359318700005],[98.59247719300002,23.781632536000096],[98.5877549520001,23.77582710100008],[98.580624986,23.77114293400011],[98.57508976100006,23.76917217000003],[98.57205108800008,23.76957199500007],[98.56577790900008,23.762109841000022],[98.56532458800005,23.75657379100009],[98.55833499300012,23.74979146400007],[98.566385,23.74414202],[98.57331230700007,23.7350672910001],[98.57534566,23.723856118000096],[98.5828149420001,23.71673022500007],[98.58720554300002,23.708421906000087],[98.58789577800012,23.69405555500006]]]},"id":"Laukkaing"},{"type":"Feature","properties":{"shapeName":"Konkyan","shapeISO":"","shapeID":"66882298B9190211902717","shapeGroup":"MMR","shapeType":"ADM3"},"geometry":{"type":"Polygon","coordinates":[[[98.41415885300005,23.98044841100007],[98.41090592200003,23.967748454000073],[98.40168957400005,23.956571169000032],[98.40007919800003,23.947288249000056],[98.40641489300005,23.932589435000054],[98.40717517600007,23.91459606100004],[98.4111688070001,23.912855247000067],[98.41316389600006,23.908296308000068],[98.41249716000006,23.899897247000037],[98.41871072400009,23.89238526200004],[98.41781914500004,23.88570529100005],[98.4202513120001,23.875959142000028],[98.41933971100008,23.8727804710001],[98.42283050700007,23.867704502000045],[98.42347888300007,23.85983436700008],[98.42719597400006,23.847437691000042],[98.429181219,23.847189534000027],[98.43311737700007,23.840775779000037],[98.43690635000004,23.82397985600007],[98.44189478700005,23.816772926000088],[98.45005943900006,23.810491424000116],[98.47730393900008,23.795747216000088],[98.48835561000003,23.78743144100002],[98.49399333900003,23.78008466800001],[98.49486119900007,23.776731332000022],[98.50620209500006,23.776879164],[98.51386828400011,23.768114786000027],[98.51985302900005,23.767808816000112],[98.54358861600008,23.75784509600003],[98.55833499300012,23.74979146400007],[98.56532458800005,23.75657379100009],[98.56577790900008,23.762109841000022],[98.57205108800008,23.76957199500007],[98.57508976100006,23.76917217000003],[98.580624986,23.77114293400011],[98.5877549520001,23.77582710100008],[98.59247719300002,23.781632536000096],[98.59221440000005,23.78359318700005],[98.59451890000011,23.7867110510001],[98.59316763700004,23.790643842000073],[98.59725767600005,23.794282979000084],[98.59749402600008,23.801019725000064],[98.60005497600005,23.80174592500002],[98.59988546800005,23.809030681000046],[98.60208610500005,23.816285328000067],[98.60162876400005,23.830857932000107],[98.59894745400007,23.833395043000063],[98.59831402000006,23.83592358700002],[98.599530573,23.836862546000084],[98.60560760600002,23.835187749000067],[98.62811762700008,23.823808305000085],[98.62933131700005,23.821634534000083],[98.63135319400001,23.82329869200002],[98.64326430200002,23.822538409000085],[98.67356655200008,23.808992593],[98.68367241100003,23.814259077000013],[98.69083875300002,23.811600383000034],[98.69516697900012,23.815161015000033],[98.70367358200008,23.83620532000006],[98.70459847100004,23.84326086000004],[98.70092094800006,23.845847973000048],[98.69398453400008,23.84781815600008],[98.69341819800012,23.855134004000014],[98.69772596900002,23.857783686000047],[98.70102102000007,23.869815059000057],[98.69661666600008,23.87333159800005],[98.69525657600008,23.878840340000032],[98.69642529400005,23.88566758400004],[98.69354221100006,23.89022183],[98.69008423600003,23.891663012000055],[98.68842891000013,23.895348686],[98.68956835700007,23.90102990500005],[98.68368936300001,23.905487385000093],[98.68259494400006,23.911670822000122],[98.68424453200002,23.917797178000047],[98.68931882700012,23.921114341000063],[98.69534049,23.932397084000037],[98.69968984800006,23.936641513000037],[98.70669864500009,23.93740799000004],[98.70115359000003,23.94528104700007],[98.70203311200007,23.950510469000033],[98.70060425100006,23.953278229000066],[98.69740580200009,23.95517015200002],[98.6913772,23.953698320000097],[98.67891738200007,23.95464130200005],[98.6776232700001,23.962882384000064],[98.68962461300002,23.97358656300004],[98.69222263400005,23.977640300000072],[98.70083999700002,23.982710158000067],[98.70069299900011,23.98682138900006],[98.70687647300005,23.984410365000056],[98.7259887530001,23.969692541],[98.73551400100006,23.971089642000035],[98.74186907000008,23.975519082000066],[98.74377189600004,23.98163937200011],[98.75274000399999,23.98076522900008],[98.754643286,23.98688529900002],[98.76084221900007,23.994967776000056],[98.76885882500007,23.99593822700006],[98.7699444730001,23.99933770500005],[98.76458023200009,24.014283922000093],[98.77019484000003,24.018956805000105],[98.77338888700008,24.026648350000038],[98.80632609400003,24.02503245],[98.80802575800006,24.03275668000007],[98.81117115900007,24.03839634400005],[98.81909926300004,24.045304352000077],[98.82572504200007,24.04644369300011],[98.84691920400007,24.054201659000032],[98.86371312200005,24.065701685000043],[98.8689597410001,24.0751702060001],[98.86887778400008,24.08156069500003],[98.87203699800007,24.087651889000064],[98.88340368700007,24.092193686000066],[98.89056099700012,24.09819662100008],[98.896750259,24.105361715000065],[98.89921092800003,24.113293806000094],[98.89405471,24.116830233000044],[98.89214656800003,24.120295105000025],[98.89408342700007,24.127326729000067],[98.88905960000005,24.13588120600008],[98.8837647120001,24.15311631000006],[98.87808203300003,24.15575202],[98.86086855100005,24.138324965000038],[98.85146187600006,24.13238128300004],[98.83812852400006,24.129700326],[98.81979368700003,24.13648425100006],[98.7774285390001,24.132594431],[98.75879699500004,24.127512838000012],[98.7443674560001,24.130328158000072],[98.73530238100004,24.127781081],[98.71737197900009,24.130668711000094],[98.70894792600004,24.123771159000043],[98.69960984700002,24.110274759000053],[98.6844322100001,24.10328832700002],[98.679160273,24.10248479300006],[98.65829250100009,24.10839335],[98.64667552000009,24.107488587],[98.63759832500008,24.104478759000106],[98.61167060200003,24.086979346000106],[98.60440346800004,24.086213723000085],[98.59456722800012,24.082533409000042],[98.59431172600003,24.08480458000002],[98.58516110600007,24.078088414000057],[98.57988891400004,24.077581003],[98.56797574900013,24.068647239000043],[98.54738002200008,24.064725974000048],[98.54090279200008,24.057244702000016],[98.53548966500001,24.055074264000023],[98.52797852200008,24.053197995000033],[98.51731288500011,24.058061730000116],[98.50889019700007,24.059190747000095],[98.49794913100004,24.05535272600006],[98.4881910730001,24.04573578300007],[98.48269090400002,24.035913195000028],[98.46322823500012,24.01878522300003],[98.45542677700006,24.009759822000046],[98.44350579700004,24.002824454000063],[98.42291464600002,23.98665753600009],[98.41662787300005,23.983636552000068],[98.41415885300005,23.98044841100007]]]},"id":"Konkyan"},{"type":"Feature","properties":{"shapeName":"Manton","shapeISO":"","shapeID":"66882298B1444745531952","shapeGroup":"MMR","shapeType":"ADM3"},"geometry":{"type":"Polygon","coordinates":[[[96.9600136860001,23.17520466800007],[96.96533849500005,23.170408325000057],[96.97536633600002,23.165315182],[96.98184198400007,23.15403894300003],[96.9864227460001,23.151685590000092],[96.99143324300006,23.140262294000035],[97.00160321100007,23.139744986000043],[97.01627146400003,23.128300933000045],[97.02416787900005,23.125482766000104],[97.03216345100009,23.115876423000014],[97.038991782,23.112097058000035],[97.04017469700008,23.10772149600011],[97.04608744300002,23.100881117],[97.05329609400005,23.099363299000085],[97.06246003800004,23.094217193000087],[97.06700294200004,23.09633476400006],[97.0704011220001,23.100671811000083],[97.07694766900006,23.103204096000084],[97.0826470360001,23.108651896],[97.08218892600003,23.130322885000098],[97.10234394000011,23.12520183600004],[97.11230502700006,23.125788019000048],[97.1181643830001,23.13047591600006],[97.12402382000006,23.13194097000004],[97.1301761570001,23.13633588900006],[97.13984437400006,23.132820262000052],[97.1465829050001,23.127253674],[97.15830195300002,23.12315212],[97.16139321900009,23.119333520000062],[97.17353659000013,23.122859455000032],[97.18115375100004,23.12901232100002],[97.19052885600009,23.131063422000086],[97.19785306100009,23.136630311],[97.19580216000013,23.13926714600003],[97.18671991100005,23.141903826000053],[97.17651854800003,23.151990091000062],[97.18169203100007,23.157765886000025],[97.18261515200007,23.16147733900007],[97.18599450100008,23.164197185000045],[97.18987776300013,23.164808582],[97.20751368900005,23.15091491],[97.21174398700003,23.15104064900002],[97.21466269200003,23.1599094050001],[97.21626105300004,23.161027251000043],[97.226995248,23.159802973000087],[97.22806709900006,23.161088122000017],[97.2253925110001,23.173722552000097],[97.22701092700007,23.176779007000036],[97.23091302100008,23.17901014799999],[97.2433943060001,23.17647741300004],[97.25063116600006,23.177709345],[97.26549274000003,23.18308011300003],[97.27723474900009,23.184709682000037],[97.28603677900006,23.19083458100002],[97.29834177900005,23.187319010000106],[97.30549031000001,23.192266742000033],[97.33056864000012,23.19698823300007],[97.33730688200005,23.203141082000055],[97.3504906320001,23.20577823700003],[97.35488512500008,23.210173120000043],[97.36543209700002,23.21339619100009],[97.37451407400007,23.22159999300004],[97.38711128000008,23.24796899600001],[97.39326365300003,23.250898986000056],[97.41289319100007,23.23888698700005],[97.40703381300003,23.235078045000023],[97.40498319600009,23.22716737900008],[97.40615523900007,23.221307687000014],[97.41494453700007,23.217792044000095],[97.4372105460001,23.21749953800005],[97.44306989400005,23.222480425000057],[97.45596061800002,23.22716847500008],[97.46445664800008,23.23537226600003],[97.5051793360001,23.261448894000058],[97.520413798,23.268187900000047],[97.52978877800005,23.27521976300002],[97.57051150500007,23.29953848],[97.57763883500004,23.300885501000067],[97.584161641,23.295610321000048],[97.61738730300002,23.299539498000076],[97.62353982400006,23.296609772000053],[97.62295411700009,23.28723420600005],[97.62002453600007,23.281081440000072],[97.61973191900003,23.26701810700007],[97.62559179500002,23.251196991000022],[97.63203743300006,23.242700538000104],[97.63555339400001,23.231860131000047],[97.63426276500007,23.229880929000068],[97.65017283800002,23.209281571000083],[97.65283939500003,23.21017954500004],[97.65553202000007,23.206769455000064],[97.65788072200006,23.206647435],[97.66407321900004,23.205262183000052],[97.66658533600007,23.207104403000066],[97.670437248,23.20743935100007],[97.67177704400011,23.204424811000045],[97.66941591500006,23.202131169000072],[97.66999252900007,23.199907114000084],[97.66474311600005,23.189184637000015],[97.66725523200007,23.187174942000087],[97.67245992900003,23.186384104000112],[97.67710622900006,23.187455583000038],[97.68333278100002,23.193371498000047],[97.68028660200004,23.1984302440001],[97.67929579600003,23.204345898],[97.68435356900001,23.20459138600006],[97.6947703660001,23.20978045100006],[97.69532952100009,23.212449907000043],[97.69488851800011,23.21514317900004],[97.68634732200005,23.217990244000063],[97.67914592100007,23.228373660000056],[97.6814938360001,23.23735219300007],[97.67830854800006,23.24160414200007],[97.68000969700005,23.248277365000035],[97.6821604610001,23.250815238000055],[97.68106419600008,23.25437809700006],[97.6824954090001,23.268902480000108],[97.67412168500003,23.27174954400004],[97.66290089600004,23.271917020000043],[97.65235000700004,23.288831941000087],[97.65273817000009,23.296041237000086],[97.65519707100006,23.301197139000095],[97.65631356700007,23.30410002900003],[97.6554078290001,23.315829491000017],[97.65803274900011,23.31818958900007],[97.66158850800007,23.329626092000066],[97.66792513200008,23.3355852280001],[97.66390574400005,23.33960461600004],[97.6587698610001,23.34049781300005],[97.65452954000007,23.33795362100004],[97.65081337500008,23.337607822000027],[97.6499193660001,23.339842848000036],[97.64299078900005,23.343865891000103],[97.64813134500004,23.372250706000063],[97.64701383300003,23.376050249000023],[97.64053020300013,23.379525157000035],[97.63349891800003,23.376302159],[97.62646753400008,23.37688797700006],[97.62295163700006,23.385091506999988],[97.61064646500004,23.395931716000028],[97.61123184900008,23.41790567300006],[97.62526085000007,23.43147448600009],[97.61474707900005,23.434898937000103],[97.60830150700009,23.44075851300007],[97.60859436100007,23.44544629600007],[97.60156274500012,23.452477820000105],[97.5828125180001,23.450133515000026],[97.57460933600002,23.44691049200007],[97.558202479,23.459801513000066],[97.55087810800008,23.46097329700003],[97.52773325100007,23.458628906000033],[97.52070174700003,23.46390249700001],[97.51689293300011,23.470055118000065],[97.51572079100002,23.47972362700006],[97.50284390000004,23.484468150000048],[97.50002469900002,23.48673032500008],[97.49657231700009,23.48694749600002],[97.49274202500007,23.48959119000009],[97.49281830000008,23.496305104000047],[97.48601319900004,23.505689299000053],[97.47950888900002,23.50555938200005],[97.47741475100013,23.50016596200002],[97.46719888700005,23.495404967000088],[97.462667357,23.490220876000055],[97.451699998,23.490873434000047],[97.44842703500011,23.48903810300007],[97.43236301900004,23.488241297000044],[97.42486753000007,23.490545052000055],[97.4251609390001,23.498376587000024],[97.42767850200003,23.505254847000078],[97.43868051600005,23.525678567000096],[97.42756839700007,23.531556796000096],[97.41621964800005,23.534452094000113],[97.40611429800006,23.539388295000062],[97.39975516200006,23.552125699000047],[97.40065963200003,23.560323758000056],[97.40686577900007,23.569783998000048],[97.40931832600005,23.588788684000072],[97.42120490500007,23.59745215100004],[97.42298655400005,23.611238660000055],[97.42018642400008,23.61518236600004],[97.413731945,23.619527375000104],[97.41501000600006,23.624738402000055],[97.41403398900005,23.628476876000025],[97.40409636500007,23.63023956000003],[97.40047973000006,23.63381403400011],[97.39936980400006,23.64352553000002],[97.40062099800012,23.646310732000074],[97.4086244010001,23.65314297100005],[97.40689214200003,23.66155070300009],[97.40321418800009,23.666060130000076],[97.39530389200009,23.666352942000056],[97.3906161730001,23.671919569000032],[97.369814681,23.68627541700008],[97.35135729100004,23.687739946000107],[97.34429700600003,23.694513007000072],[97.34035657500004,23.69486029900003],[97.33759764500003,23.69687098600004],[97.32659465500002,23.68111830000006],[97.32064563000003,23.67979248700005],[97.30962147100004,23.669591500000053],[97.31196368700004,23.66139387500008],[97.31001107900005,23.657491072000013],[97.30978173500007,23.651422145000044],[97.2815867470001,23.639478823000037],[97.27560611600006,23.63457651000005],[97.26668657500005,23.63250834300008],[97.25963385100003,23.636426025000045],[97.24912038600011,23.639532230000015],[97.24209394500006,23.638361091000014],[97.22888290400006,23.630189973000014],[97.21559692500007,23.61810478500008],[97.20773804300005,23.620614424000074],[97.20228008,23.618844329000076],[97.19450120600004,23.612592759000094],[97.18471655200004,23.61142560400007],[97.17105584000004,23.59386168400006],[97.16965217400008,23.58433347300004],[97.16207685700007,23.580198042000088],[97.15551885400005,23.573877387000074],[97.14306046200007,23.556085523000036],[97.14124809600011,23.550405769000026],[97.14291964900005,23.543072913000017],[97.13936415400012,23.538220982000023],[97.13085279800003,23.531793566000058],[97.12851070900004,23.523987968000014],[97.11172622300005,23.513837549000115],[97.11275595100007,23.506715261000032],[97.10825827800008,23.49536302800008],[97.10079718900003,23.493928921000084],[97.09487249500009,23.484319473],[97.07737840800009,23.470506937000057],[97.07989630100005,23.462239932000028],[97.0789618630001,23.4565525990001],[97.06137273300004,23.448556980000056],[97.06044897,23.44368497500009],[97.05689786700007,23.43883251800005],[97.04164419600008,23.432576228000034],[97.04579252300003,23.426976029000034],[97.05428877600012,23.426097255000066],[97.0671795860001,23.427855440000055],[97.07128150900012,23.416136098000017],[97.07626266300005,23.392111371000034],[97.063958164,23.37658286100004],[97.04784483900002,23.367792943],[97.04052055100001,23.365741887000112],[97.04139967000002,23.357831291],[97.03713275100002,23.35361257100008],[97.01942698400009,23.343181542000057],[97.00682924700003,23.33820051300004],[97.00155565100005,23.341130260000064],[96.99247342700006,23.342887982000015],[96.975773981,23.34112971300002],[96.97020753400004,23.339078695000048],[96.97108682600005,23.324136437000064],[96.97548183700007,23.307729328000026],[96.97284533700007,23.29718178200004],[96.9681579290001,23.29044301000007],[96.98251382200006,23.282825684000063],[96.9892523720001,23.27638014300002],[96.99921356800006,23.27257153800002],[97.01151838400004,23.275501658000074],[97.01884286200007,23.269935083000103],[97.02118676600011,23.265247358000106],[97.02060112500007,23.25294194100007],[97.01825756900006,23.243566347000066],[97.01503499800005,23.237999547000076],[97.01034749300007,23.235069588000034],[96.99628474100011,23.23594824900008],[96.993355093,23.232432358000054],[96.99306232900003,23.223935763000036],[96.98983983000004,23.215439104000012],[96.98398038000008,23.21456002400002],[96.97167585500003,23.199910472000095],[96.96347295700006,23.185261009],[96.956261823,23.180726704000087],[96.9600136860001,23.17520466800007]]]},"id":"Manton"},{"type":"Feature","properties":{"shapeName":"Namhsan","shapeISO":"","shapeID":"66882298B52558825926265","shapeGroup":"MMR","shapeType":"ADM3"},"geometry":{"type":"Polygon","coordinates":[[[96.9549802120001,22.95759417700005],[96.964304263,22.972040541000037],[96.96891835100004,22.982148652000078],[96.98254134600002,22.993575389000064],[96.98847402500009,22.995113688000067],[96.99374764300006,22.99137822700008],[96.997922525,22.99093883700005],[97.01269714600005,22.99775107900006],[97.01797066400012,22.998044175000064],[97.04023750000005,22.963765290000037],[97.04111655800004,22.958198574000054],[97.03760102300004,22.952045797000075],[97.03760111700005,22.948236980000058],[97.04551167100007,22.937396665],[97.04316798100004,22.93329481400008],[97.03027737700008,22.923626007000063],[97.00742575200009,22.910441162],[97.00098047500006,22.904581306000104],[96.99570694800009,22.904581197],[96.974612597,22.914835266000043],[96.96992502000002,22.914835166000035],[96.95849944500013,22.898427715000057],[96.94971033000007,22.894618717000114],[96.92920262900012,22.875867189000076],[96.90738399100006,22.87161829500006],[96.90902462200009,22.85541692000008],[96.91106568900004,22.850331644000054],[96.91738688700009,22.84505973500004],[96.91759663500004,22.83620291900006],[96.91292384100004,22.81283791400004],[96.90426845000012,22.80219012200011],[96.90875394700008,22.801531176000033],[96.916854319,22.803796909],[96.91884058800012,22.80299757900004],[96.93240088000006,22.7957052890001],[96.94300552900006,22.786668053000025],[96.945146438,22.782712372000024],[96.95645149100005,22.779475376000068],[96.96113917700005,22.77508068500007],[96.96436185000006,22.776545681000048],[96.96758434300007,22.78562831400006],[96.96934189500008,22.797640777000016],[96.96611901300005,22.804672373000056],[96.9678767490001,22.809067197000065],[96.98399011000008,22.816978154000033],[96.99072856000002,22.814634406],[97.01094369400002,22.816685729],[97.01563111900008,22.82313152000006],[97.02061160600005,22.82576849800002],[97.02881486300004,22.82606165400003],[97.04697874400004,22.84598508000004],[97.06543545900011,22.871768232000033],[97.07129481200006,22.87674911600004],[97.07627512900011,22.886417756000043],[97.08096260600009,22.890519660000063],[97.08594313800006,22.891398721000055],[97.09326751500008,22.889933945000095],[97.09795523700008,22.884074322000036],[97.102643131,22.87118303900011],[97.09151038800009,22.86063530800002],[97.08418609700007,22.858584254000046],[97.0792056210001,22.855361303],[97.08184249300005,22.850966568],[97.07920607200005,22.83836810800006],[97.05957719200008,22.823718398000036],[97.04815134500008,22.818444410000026],[97.052546383,22.800572357000103],[97.0490307650001,22.797935410000058],[97.04551546300011,22.782114091000082],[97.03057404500002,22.772152258000066],[97.03028119900004,22.766878501000075],[97.03467595400005,22.76072588600002],[97.0402425180001,22.75808912800008],[97.04024259500002,22.75486628200005],[97.03672703000011,22.74988544800005],[97.03819201200008,22.745197701000052],[97.04493049300004,22.74168201000004],[97.05196184700006,22.742268129000042],[97.06338768800005,22.747835101000046],[97.073348765,22.74900725200004],[97.081259091,22.747542486000082],[97.0900485220001,22.738460101],[97.09268544400005,22.732014463000038],[97.10118193000007,22.721760130000067],[97.11085015300003,22.715607639000023],[97.11905347700012,22.715607795000036],[97.12637755100012,22.726741417000017],[97.13692444000004,22.733480315000087],[97.14278390200009,22.734066408000086],[97.16006941600007,22.731429895000076],[97.16563589600013,22.73230897000007],[97.16768665000006,22.734945887000023],[97.1658374830001,22.747941355000044],[97.16006892700003,22.75076698000007],[97.15567421700003,22.755161680000068],[97.15333025400007,22.76219329500002],[97.16797830200004,22.788562345000084],[97.16270436700003,22.80526243900003],[97.16446198900007,22.81434504100004],[97.16827049700007,22.82049782900002],[97.18907161100005,22.821377221000038],[97.20108371800005,22.813759837000113],[97.20958015700006,22.805556405000104],[97.21719754600008,22.802626705],[97.23008873400008,22.788563646000014],[97.237706201,22.782411098000054],[97.24942523800011,22.77889551000005],[97.2544057280001,22.7815324900001],[97.26671073900009,22.777723926000103],[97.261436873,22.791494158000013],[97.26436634,22.802627691000076],[97.26876082500007,22.80760854500008],[97.2754991340001,22.811124520000114],[97.303331557,22.814640939000096],[97.31094855600007,22.827532485000045],[97.30772539400002,22.84599054000005],[97.30919014800007,22.850678346000052],[97.32735398700007,22.872359696000032],[97.32793979700004,22.877926443000018],[97.33145528200004,22.886130129000048],[97.33848640500013,22.89609180300005],[97.34405278500007,22.901072682000056],[97.35225602000007,22.902244799000048],[97.35723650200003,22.90517476600009],[97.36426739400011,22.924511993000095],[97.36924784800009,22.928613903000027],[97.37422822000005,22.935938660999987],[97.3745208540001,22.949709010000085],[97.3803798430001,22.96933919600008],[97.3795005790001,22.98310952],[97.37569167300008,22.993070966000072],[97.37715630300002,23.00273953400007],[97.36628844000009,23.018144826],[97.36523526200008,23.028352530000106],[97.36200895500012,23.03625256700006],[97.33965480300007,23.036725117000078],[97.32793575200006,23.04082667100007],[97.31856046300008,23.046100219000042],[97.293071533,23.05488925600001],[97.28545409400007,23.059869857],[97.27549295100003,23.061334575000036],[97.26963340600007,23.06426431100006],[97.26172287700004,23.07393267900004],[97.2467812250001,23.07363937500002],[97.23887106000002,23.06865844600001],[97.22744534600012,23.0581107090001],[97.21982809100004,23.055766660000042],[97.2130896960001,23.05576651800003],[97.208694988,23.059868228000035],[97.20869475800008,23.069243778000036],[97.2110383280001,23.078033407000053],[97.1955108610001,23.07246634500004],[97.18701457500002,23.074517065000077],[97.17676040300006,23.078325664999987],[97.15537297900006,23.09238853700004],[97.14775545400003,23.100884968000045],[97.1477551780001,23.112018431000013],[97.1553723530001,23.11758532600001],[97.16139321900009,23.119333520000062],[97.15830195300002,23.12315212],[97.1465829050001,23.127253674],[97.13984437400006,23.132820262000052],[97.1301761570001,23.13633588900006],[97.12402382000006,23.13194097000004],[97.1181643830001,23.13047591600006],[97.11230502700006,23.125788019000048],[97.10234394000011,23.12520183600004],[97.08218892600003,23.130322885000098],[97.0826470360001,23.108651896],[97.07694766900006,23.103204096000084],[97.0704011220001,23.100671811000083],[97.06700294200004,23.09633476400006],[97.06246003800004,23.094217193000087],[97.05329609400005,23.099363299000085],[97.04608744300002,23.100881117],[97.04017469700008,23.10772149600011],[97.038991782,23.112097058000035],[97.03216345100009,23.115876423000014],[97.02416787900005,23.125482766000104],[97.01627146400003,23.128300933000045],[97.00160321100007,23.139744986000043],[96.99143324300006,23.140262294000035],[96.9864227460001,23.151685590000092],[96.98184198400007,23.15403894300003],[96.97536633600002,23.165315182],[96.96533849500005,23.170408325000057],[96.9600136860001,23.17520466800007],[96.95444237100008,23.173249758000058],[96.9445656760001,23.16618863000006],[96.92595782400005,23.159253951000046],[96.9192708730001,23.153836584000075],[96.91493798500007,23.147684158000036],[96.90957890900003,23.14808437200002],[96.90447735900008,23.14549807100008],[96.89704677500006,23.147695692000102],[96.88407999000002,23.139356778999986],[96.86934970700008,23.142504028000065],[96.8632334120001,23.139737491000044],[96.86152843300007,23.13535094900001],[96.8558973840001,23.13943663400002],[96.85293406000005,23.136575367000066],[96.84776087500003,23.138162494000024],[96.8450545590001,23.13540283800004],[96.84158067900009,23.13560692900005],[96.82948030600005,23.14134356400006],[96.82629213600005,23.141466257000086],[96.81953238500003,23.14585718900004],[96.81581622800005,23.14598254200011],[96.81170817000005,23.149274893000026],[96.809980383,23.14885081200002],[96.80864878000004,23.14720664500005],[96.80895016800011,23.135751297000095],[96.807199171,23.12636785200006],[96.81015158900004,23.11308446700011],[96.82763083900007,23.095525375000058],[96.84757796500008,23.082108664],[96.85979983400004,23.084172372000044],[96.8621846020001,23.08264685000003],[96.87704938700007,23.05454804200011],[96.8966692060001,23.04344685100006],[96.90872707000007,23.03381130700004],[96.91076868200007,23.02820394700007],[96.91912278000011,23.024056668000114],[96.93142520800008,23.00686470000006],[96.93061558100005,23.002309306],[96.93359118400005,22.994756085000056],[96.93838988900008,22.99075667199999],[96.9392069930001,22.988073035000077],[96.93594845700005,22.98350145800001],[96.937839366,22.978040554000078],[96.9549802120001,22.95759417700005]]]},"id":"Namhsan"}]}